"path","chemical","ppm","device","datetime","split"
"NH4/OppoA83/round2/0vCvV_ngochanpham274@gmail.com_2025-08-25 14_50_50_An_OppoA83_0.05ppm_2_1_NH4+_10.8768775_106.6781994.jpg","NH4","0.05","OppoA83","2025-08-25 14:50:50","train"
"NH4/OppoA83/round2/0XvZ7_ngochanpham274@gmail.com_2025-08-25 15_29_34_An_OppoA83_0.8ppm_2_5_NH4+_10.8768734_106.6782057.jpg","NH4","0.8","OppoA83","2025-08-25 15:29:34","train"
"NH4/OppoA83/round2/1ufUt_ngochanpham274@gmail.com_2025-08-25 15_31_31_An_OppoA83_1ppm_2_2_NH4+_10.8768734_106.6782057.jpg","NH4","1.0","OppoA83","2025-08-25 15:31:31","train"
"NH4/OppoA83/round2/1vKuz_ngochanpham274@gmail.com_2025-08-25 15_07_52_An_OppoA83_0.1ppm_2_4_NH4+_10.8768723_106.6781989.jpg","NH4","0.1","OppoA83","2025-08-25 15:07:52","train"
"NH4/OppoA83/round2/3AYvS_ngochanpham274@gmail.com_2025-08-25 15_31_05_An_OppoA83_1ppm_2_1_NH4+_10.8768734_106.6782057.jpg","NH4","1.0","OppoA83","2025-08-25 15:31:05","train"
"NH4/OppoA83/round2/3ezmW_ngochanpham274@gmail.com_2025-08-25 14_41_08_An_OppoA83_0.02ppm_2_2_NH4+_10.8768738_106.6781935.jpg","NH4","0.02","OppoA83","2025-08-25 14:41:08","train"
"NH4/OppoA83/round2/4aY2p_ngochanpham274@gmail.com_2025-08-25 15_41_16_An_OppoA83_4ppm_2_4_NH4+_10.8768696_106.6782041.jpg","NH4","4.0","OppoA83","2025-08-25 15:41:16","train"
"NH4/OppoA83/round2/4Uurc_ngochanpham274@gmail.com_2025-08-25 14_59_57_An_OppoA83_0.08ppm_2_1_NH4+_10.8768775_106.6781994.jpg","NH4","0.08","OppoA83","2025-08-25 14:59:57","train"
"NH4/OppoA83/round2/5EIo5_ngochanpham274@gmail.com_2025-08-25 15_33_02_An_OppoA83_1ppm_2_5_NH4+_10.8768734_106.6782057.jpg","NH4","1.0","OppoA83","2025-08-25 15:33:02","train"
"NH4/OppoA83/round2/5J0nX_ngochanpham274@gmail.com_2025-08-25 15_35_52_An_OppoA83_2ppm_2_4_NH4+_10.8768734_106.6782057.jpg","NH4","2.0","OppoA83","2025-08-25 15:35:52","train"
"NH4/OppoA83/round2/5Powd_ngochanpham274@gmail.com_2025-08-25 14_48_18_An_OppoA83_0.04ppm_2_4_NH4+_10.8768775_106.6781994.jpg","NH4","0.04","OppoA83","2025-08-25 14:48:18","train"
"NH4/OppoA83/round2/7fGQR_ngochanpham274@gmail.com_2025-08-25 15_36_20_An_OppoA83_2ppm_2_5_NH4+_10.8768734_106.6782057.jpg","NH4","2.0","OppoA83","2025-08-25 15:36:20","train"
"NH4/OppoA83/round2/7nGTs_ngochanpham274@gmail.com_2025-08-25 14_47_15_An_OppoA83_0.04ppm_2_2_NH4+_10.8768775_106.6781994.jpg","NH4","0.04","OppoA83","2025-08-25 14:47:15","train"
"NH4/OppoA83/round2/7zOSm_ngochanpham274@gmail.com_2025-08-25 15_14_42_An_OppoA83_0.4ppm_2_1_NH4+_10.8768723_106.6781989.jpg","NH4","0.4","OppoA83","2025-08-25 15:14:42","train"
"NH4/OppoA83/round2/8GyXy_ngochanpham274@gmail.com_2025-08-25 15_40_51_An_OppoA83_4ppm_2_3_NH4+_10.8768696_106.6782041.jpg","NH4","4.0","OppoA83","2025-08-25 15:40:51","train"
"NH4/OppoA83/round2/8p536_ngochanpham274@gmail.com_2025-08-25 14_56_27_An_OppoA83_0.06ppm_2_1_NH4+_10.8768775_106.6781994.jpg","NH4","0.06","OppoA83","2025-08-25 14:56:27","train"
"NH4/OppoA83/round2/A7JnW_ngochanpham274@gmail.com_2025-08-25 14_57_04_An_OppoA83_0.06ppm_2_2_NH4+_10.8768775_106.6781994.jpg","NH4","0.06","OppoA83","2025-08-25 14:57:04","train"
"NH4/OppoA83/round2/aEK9q_ngochanpham274@gmail.com_2025-08-25 15_26_28_An_OppoA83_0.6ppm_2_5_NH4+_10.8768734_106.6782057.jpg","NH4","0.6","OppoA83","2025-08-25 15:26:28","train"
"NH4/OppoA83/round2/ALXgC_ngochanpham274@gmail.com_2025-08-25 15_37_31_An_OppoA83_4ppm_2_1_NH4+_10.8768734_106.6782057.jpg","NH4","4.0","OppoA83","2025-08-25 15:37:31","train"
"NH4/OppoA83/round2/B6eX2_ngochanpham274@gmail.com_2025-08-25 15_12_29_An_OppoA83_0.2ppm_2_4_NH4+_10.8768723_106.6781989.jpg","NH4","0.2","OppoA83","2025-08-25 15:12:29","train"
"NH4/OppoA83/round2/bmUS1_ngochanpham274@gmail.com_2025-08-25 14_58_20_An_OppoA83_0.06ppm_2_4_NH4+_10.8768775_106.6781994.jpg","NH4","0.06","OppoA83","2025-08-25 14:58:20","train"
"NH4/OppoA83/round2/BvD8N_ngochanpham274@gmail.com_2025-08-25 15_00_26_An_OppoA83_0.08ppm_2_2_NH4+_10.8768775_106.6781994.jpg","NH4","0.08","OppoA83","2025-08-25 15:00:26","train"
"NH4/OppoA83/round2/CG5me_ngochanpham274@gmail.com_2025-08-25 15_34_36_An_OppoA83_2ppm_2_2_NH4+_10.8768734_106.6782057.jpg","NH4","2.0","OppoA83","2025-08-25 15:34:36","train"
"NH4/OppoA83/round2/cwhhI_ngochanpham274@gmail.com_2025-08-25 14_40_36_An_OppoA83_0.02ppm_2_1_NH4+_10.8768738_106.6781935.jpg","NH4","0.02","OppoA83","2025-08-25 14:40:36","train"
"NH4/OppoA83/round2/d1eUH_ngochanpham274@gmail.com_2025-08-25 15_37_59_An_OppoA83_4ppm_2_2_NH4+_10.8768734_106.6782057.jpg","NH4","4.0","OppoA83","2025-08-25 15:37:59","train"
"NH4/OppoA83/round2/d9c9f_ngochanpham274@gmail.com_2025-08-25 14_54_26_An_OppoA83_0.05ppm_2_5_NH4+_10.8768775_106.6781994.jpg","NH4","0.05","OppoA83","2025-08-25 14:54:26","train"
"NH4/OppoA83/round2/dW8ID_ngochanpham274@gmail.com_2025-08-25 15_10_21_An_OppoA83_0.2ppm_2_1_NH4+_10.8768723_106.6781989.jpg","NH4","0.2","OppoA83","2025-08-25 15:10:21","train"
"NH4/OppoA83/round2/dx3xC_ngochanpham274@gmail.com_2025-08-25 15_34_09_An_OppoA83_2ppm_2_1_NH4+_10.8768734_106.6782057.jpg","NH4","2.0","OppoA83","2025-08-25 15:34:09","train"
"NH4/OppoA83/round2/E7lBl_ngochanpham274@gmail.com_2025-08-25 14_38_30_An_OppoA83_0.01ppm_2_4_NH4+_10.8768738_106.6781935.jpg","NH4","0.01","OppoA83","2025-08-25 14:38:30","train"
"NH4/OppoA83/round2/EO2mS_ngochanpham274@gmail.com_2025-08-25 15_32_29_An_OppoA83_1ppm_2_4_NH4+_10.8768734_106.6782057.jpg","NH4","1.0","OppoA83","2025-08-25 15:32:29","train"
"NH4/OppoA83/round2/EvUqN_ngochanpham274@gmail.com_2025-08-25 15_20_24_An_OppoA83_0.5ppm_2_5_NH4+_10.8768723_106.6781989.jpg","NH4","0.5","OppoA83","2025-08-25 15:20:24","train"
"NH4/OppoA83/round2/f7m93_ngochanpham274@gmail.com_2025-08-25 14_35_57_An_OppoA83_0.01ppm_2_1_NH4+_10.8768738_106.6781935.jpg","NH4","0.01","OppoA83","2025-08-25 14:35:57","train"
"NH4/OppoA83/round2/fCiys_ngochanpham274@gmail.com_2025-08-25 14_36_45_An_OppoA83_0.01ppm_2_2_NH4+_10.8768738_106.6781935.jpg","NH4","0.01","OppoA83","2025-08-25 14:36:45","train"
"NH4/OppoA83/round2/FiffN_ngochanpham274@gmail.com_2025-08-25 15_11_56_An_OppoA83_0.2ppm_2_3_NH4+_10.8768723_106.6781989.jpg","NH4","0.2","OppoA83","2025-08-25 15:11:56","train"
"NH4/OppoA83/round2/GHZeG_ngochanpham274@gmail.com_2025-08-25 14_52_20_An_OppoA83_0.05ppm_2_2_NH4+_10.8768775_106.6781994.jpg","NH4","0.05","OppoA83","2025-08-25 14:52:20","train"
"NH4/OppoA83/round2/GNJCx_ngochanpham274@gmail.com_2025-08-25 15_11_27_An_OppoA83_0.2ppm_2_2_NH4+_10.8768723_106.6781989.jpg","NH4","0.2","OppoA83","2025-08-25 15:11:27","train"
"NH4/OppoA83/round2/hBzwG_ngochanpham274@gmail.com_2025-08-25 15_06_45_An_OppoA83_0.1ppm_2_2_NH4+_10.8768723_106.6781989.jpg","NH4","0.1","OppoA83","2025-08-25 15:06:45","train"
"NH4/OppoA83/round2/HMO8l_ngochanpham274@gmail.com_2025-08-25 15_04_49_An_OppoA83_0.1ppm_2_1_NH4+_10.8768775_106.6781994.jpg","NH4","0.1","OppoA83","2025-08-25 15:04:49","train"
"NH4/OppoA83/round2/hPlE9_ngochanpham274@gmail.com_2025-08-25 14_45_06_An_OppoA83_0.02ppm_2_5_NH4+_10.8768775_106.6781994.jpg","NH4","0.02","OppoA83","2025-08-25 14:45:06","train"
"NH4/OppoA83/round2/huPnj_ngochanpham274@gmail.com_2025-08-25 15_16_19_An_OppoA83_0.4ppm_2_4_NH4+_10.8768723_106.6781989.jpg","NH4","0.4","OppoA83","2025-08-25 15:16:19","train"
"NH4/OppoA83/round2/Hx0zw_ngochanpham274@gmail.com_2025-08-25 15_19_17_An_OppoA83_0.5ppm_2_3_NH4+_10.8768723_106.6781989.jpg","NH4","0.5","OppoA83","2025-08-25 15:19:17","train"
"NH4/OppoA83/round2/jrKpD_ngochanpham274@gmail.com_2025-08-25 15_28_01_An_OppoA83_0.8ppm_2_2_NH4+_10.8768734_106.6782057.jpg","NH4","0.8","OppoA83","2025-08-25 15:28:01","train"
"NH4/OppoA83/round2/jtIsF_ngochanpham274@gmail.com_2025-08-25 14_53_10_An_OppoA83_0.05ppm_2_3_NH4+_10.8768775_106.6781994.jpg","NH4","0.05","OppoA83","2025-08-25 14:53:10","train"
"NH4/OppoA83/round2/LxcTt_ngochanpham274@gmail.com_2025-08-25 15_25_48_An_OppoA83_0.6ppm_2_4_NH4+_10.8768734_106.6782057.jpg","NH4","0.6","OppoA83","2025-08-25 15:25:48","train"
"NH4/OppoA83/round2/mBKDu_ngochanpham274@gmail.com_2025-08-25 15_27_26_An_OppoA83_0.8ppm_2_1_NH4+_10.8768734_106.6782057.jpg","NH4","0.8","OppoA83","2025-08-25 15:27:26","train"
"NH4/OppoA83/round2/MnPqD_ngochanpham274@gmail.com_2025-08-25 15_01_08_An_OppoA83_0.08ppm_2_3_NH4+_10.8768775_106.6781994.jpg","NH4","0.08","OppoA83","2025-08-25 15:01:08","train"
"NH4/OppoA83/round2/N7mtJ_ngochanpham274@gmail.com_2025-08-25 14_41_49_An_OppoA83_0.02ppm_2_3_NH4+_10.8768738_106.6781935.jpg","NH4","0.02","OppoA83","2025-08-25 14:41:49","train"
"NH4/OppoA83/round2/nLYaZ_ngochanpham274@gmail.com_2025-08-25 14_58_49_An_OppoA83_0.06ppm_2_5_NH4+_10.8768775_106.6781994.jpg","NH4","0.06","OppoA83","2025-08-25 14:58:49","train"
"NH4/OppoA83/round2/NmQwS_ngochanpham274@gmail.com_2025-08-25 15_42_47_An_OppoA83_4ppm_2_5_NH4+_10.8768696_106.6782041.jpg","NH4","4.0","OppoA83","2025-08-25 15:42:47","train"
"NH4/OppoA83/round2/NN3WA_ngochanpham274@gmail.com_2025-08-25 15_22_02_An_OppoA83_0.6ppm_2_1_NH4+_10.8768723_106.6781989.jpg","NH4","0.6","OppoA83","2025-08-25 15:22:02","train"
"NH4/OppoA83/round2/OngsQ_ngochanpham274@gmail.com_2025-08-25 15_28_38_An_OppoA83_0.8ppm_2_3_NH4+_10.8768734_106.6782057.jpg","NH4","0.8","OppoA83","2025-08-25 15:28:38","train"
"NH4/OppoA83/round2/OUZWR_ngochanpham274@gmail.com_2025-08-25 14_47_46_An_OppoA83_0.04ppm_2_3_NH4+_10.8768775_106.6781994.jpg","NH4","0.04","OppoA83","2025-08-25 14:47:46","train"
"NH4/OppoA83/round2/PfFWZ_ngochanpham274@gmail.com_2025-08-25 15_15_43_An_OppoA83_0.4ppm_2_3_NH4+_10.8768723_106.6781989.jpg","NH4","0.4","OppoA83","2025-08-25 15:15:43","train"
"NH4/OppoA83/round2/pFhsi_ngochanpham274@gmail.com_2025-08-25 15_22_32_An_OppoA83_0.6ppm_2_2_NH4+_10.8768723_106.6781989.jpg","NH4","0.6","OppoA83","2025-08-25 15:22:32","train"
"NH4/OppoA83/round2/pyZqr_ngochanpham274@gmail.com_2025-08-25 15_16_54_An_OppoA83_0.4ppm_2_5_NH4+_10.8768723_106.6781989.jpg","NH4","0.4","OppoA83","2025-08-25 15:16:54","train"
"NH4/OppoA83/round2/pzLrZ_ngochanpham274@gmail.com_2025-08-25 14_39_13_An_OppoA83_0.01ppm_2_5_NH4+_10.8768738_106.6781935.jpg","NH4","0.01","OppoA83","2025-08-25 14:39:13","train"
"NH4/OppoA83/round2/QXb0N_ngochanpham274@gmail.com_2025-08-25 15_02_14_An_OppoA83_0.08ppm_2_5_NH4+_10.8768775_106.6781994.jpg","NH4","0.08","OppoA83","2025-08-25 15:02:14","train"
"NH4/OppoA83/round2/r08yJ_ngochanpham274@gmail.com_2025-08-25 15_19_53_An_OppoA83_0.5ppm_2_4_NH4+_10.8768723_106.6781989.jpg","NH4","0.5","OppoA83","2025-08-25 15:19:53","train"
"NH4/OppoA83/round2/rcFmm_ngochanpham274@gmail.com_2025-08-25 15_29_06_An_OppoA83_0.8ppm_2_4_NH4+_10.8768734_106.6782057.jpg","NH4","0.8","OppoA83","2025-08-25 15:29:06","train"
"NH4/OppoA83/round2/rKVuf_ngochanpham274@gmail.com_2025-08-25 15_01_42_An_OppoA83_0.08ppm_2_4_NH4+_10.8768775_106.6781994.jpg","NH4","0.08","OppoA83","2025-08-25 15:01:42","train"
"NH4/OppoA83/round2/RpklQ_ngochanpham274@gmail.com_2025-08-25 14_42_29_An_OppoA83_0.02ppm_2_4_NH4+_10.8768738_106.6781935.jpg","NH4","0.02","OppoA83","2025-08-25 14:42:29","train"
"NH4/OppoA83/round2/RrBm8_ngochanpham274@gmail.com_2025-08-25 15_35_05_An_OppoA83_2ppm_2_3_NH4+_10.8768734_106.6782057.jpg","NH4","2.0","OppoA83","2025-08-25 15:35:05","train"
"NH4/OppoA83/round2/rrX4v_ngochanpham274@gmail.com_2025-08-25 14_49_14_An_OppoA83_0.04ppm_2_5_NH4+_10.8768775_106.6781994.jpg","NH4","0.04","OppoA83","2025-08-25 14:49:14","train"
"NH4/OppoA83/round2/savcF_ngochanpham274@gmail.com_2025-08-25 14_46_40_An_OppoA83_0.04ppm_2_1_NH4+_10.8768775_106.6781994.jpg","NH4","0.04","OppoA83","2025-08-25 14:46:40","train"
"NH4/OppoA83/round2/SC280_ngochanpham274@gmail.com_2025-08-25 15_32_03_An_OppoA83_1ppm_2_3_NH4+_10.8768734_106.6782057.jpg","NH4","1.0","OppoA83","2025-08-25 15:32:03","train"
"NH4/OppoA83/round2/ssP13_ngochanpham274@gmail.com_2025-08-25 15_08_28_An_OppoA83_0.1ppm_2_5_NH4+_10.8768723_106.6781989.jpg","NH4","0.1","OppoA83","2025-08-25 15:08:28","train"
"NH4/OppoA83/round2/ssU9d_ngochanpham274@gmail.com_2025-08-25 15_18_51_An_OppoA83_0.5ppm_2_2_NH4+_10.8768723_106.6781989.jpg","NH4","0.5","OppoA83","2025-08-25 15:18:51","train"
"NH4/OppoA83/round2/SZEJL_ngochanpham274@gmail.com_2025-08-25 14_37_56_An_OppoA83_0.01ppm_2_3_NH4+_10.8768738_106.6781935.jpg","NH4","0.01","OppoA83","2025-08-25 14:37:56","train"
"NH4/OppoA83/round2/SzS7z_ngochanpham274@gmail.com_2025-08-25 15_15_14_An_OppoA83_0.4ppm_2_2_NH4+_10.8768723_106.6781989.jpg","NH4","0.4","OppoA83","2025-08-25 15:15:14","train"
"NH4/OppoA83/round2/VCnxO_ngochanpham274@gmail.com_2025-08-25 14_57_48_An_OppoA83_0.06ppm_2_3_NH4+_10.8768775_106.6781994.jpg","NH4","0.06","OppoA83","2025-08-25 14:57:48","train"
"NH4/OppoA83/round2/X6pTW_ngochanpham274@gmail.com_2025-08-25 15_07_21_An_OppoA83_0.1ppm_2_3_NH4+_10.8768723_106.6781989.jpg","NH4","0.1","OppoA83","2025-08-25 15:07:21","train"
"NH4/OppoA83/round2/X9Ko8_ngochanpham274@gmail.com_2025-08-25 15_18_22_An_OppoA83_0.5ppm_2_1_NH4+_10.8768723_106.6781989.jpg","NH4","0.5","OppoA83","2025-08-25 15:18:22","train"
"NH4/OppoA83/round2/yVNdo_ngochanpham274@gmail.com_2025-08-25 14_53_58_An_OppoA83_0.05ppm_2_4_NH4+_10.8768775_106.6781994.jpg","NH4","0.05","OppoA83","2025-08-25 14:53:58","train"
"NH4/OppoA83/round2/ZdBKY_ngochanpham274@gmail.com_2025-08-25 15_25_14_An_OppoA83_0.6ppm_2_3_NH4+_10.8768734_106.6782057.jpg","NH4","0.6","OppoA83","2025-08-25 15:25:14","train"
"NH4/OppoA83/round2/zgK3V_ngochanpham274@gmail.com_2025-08-25 15_12_59_An_OppoA83_0.2ppm_2_5_NH4+_10.8768723_106.6781989.jpg","NH4","0.2","OppoA83","2025-08-25 15:12:59","train"
"NH4/OppoA83/round3/0Bnws_ngochanpham274@gmail.com_2025-08-25 16_45_28_An_OppoA83_0.6ppm_3_1_NH4+_10.8768672_106.6781977.jpg","NH4","0.6","OppoA83","2025-08-25 16:45:28","train"
"NH4/OppoA83/round3/1XNzn_ngochanpham274@gmail.com_2025-08-25 17_02_18_An_OppoA83_2ppm_3_1_NH4+_10.8768683_106.6782037.jpg","NH4","2.0","OppoA83","2025-08-25 17:02:18","train"
"NH4/OppoA83/round3/4dL13_ngochanpham274@gmail.com_2025-08-25 16_40_24_An_OppoA83_0.5ppm_3_1_NH4+_10.8768672_106.6781977.jpg","NH4","0.5","OppoA83","2025-08-25 16:40:24","train"
"NH4/OppoA83/round3/4N4CQ_ngochanpham274@gmail.com_2025-08-25 16_00_17_An_OppoA83_0.04ppm_3_4_NH4+_10.8768696_106.6782041.jpg","NH4","0.04","OppoA83","2025-08-25 16:00:17","train"
"NH4/OppoA83/round3/5GdO8_ngochanpham274@gmail.com_2025-08-25 16_11_36_An_OppoA83_0.05ppm_3_5_NH4+_10.8768779_106.6782013.jpg","NH4","0.05","OppoA83","2025-08-25 16:11:36","train"
"NH4/OppoA83/round3/67C3R_ngochanpham274@gmail.com_2025-08-25 17_07_15_An_OppoA83_4ppm_3_3_NH4+_10.8768683_106.6782037.jpg","NH4","4.0","OppoA83","2025-08-25 17:07:15","train"
"NH4/OppoA83/round3/74lrv_ngochanpham274@gmail.com_2025-08-25 16_06_43_An_OppoA83_0.05ppm_3_1_NH4+_10.8768696_106.6782041.jpg","NH4","0.05","OppoA83","2025-08-25 16:06:43","train"
"NH4/OppoA83/round3/9Z1MZ_ngochanpham274@gmail.com_2025-08-25 15_56_26_An_OppoA83_0.02ppm_3_4_NH4+_10.8768696_106.6782041.jpg","NH4","0.02","OppoA83","2025-08-25 15:56:26","train"
"NH4/OppoA83/round3/a8Vts_ngochanpham274@gmail.com_2025-08-25 17_00_05_An_OppoA83_1ppm_3_4_NH4+_10.8768683_106.6782037.jpg","NH4","1.0","OppoA83","2025-08-25 17:00:05","train"
"NH4/OppoA83/round3/ACCVz_ngochanpham274@gmail.com_2025-08-25 16_34_26_An_OppoA83_0.4ppm_3_1_NH4+_10.8768672_106.6781977.jpg","NH4","0.4","OppoA83","2025-08-25 16:34:26","train"
"NH4/OppoA83/round3/aEkp5_ngochanpham274@gmail.com_2025-08-25 16_20_29_An_OppoA83_0.08ppm_3_5_NH4+_10.8768779_106.6782013.jpg","NH4","0.08","OppoA83","2025-08-25 16:20:29","train"
"NH4/OppoA83/round3/apbR2_ngochanpham274@gmail.com_2025-08-25 16_58_51_An_OppoA83_1ppm_3_2_NH4+_10.8768683_106.6782037.jpg","NH4","1.0","OppoA83","2025-08-25 16:58:51","train"
"NH4/OppoA83/round3/Av7A8_ngochanpham274@gmail.com_2025-08-25 16_23_58_An_OppoA83_0.1ppm_3_3_NH4+_10.8768779_106.6782013.jpg","NH4","0.1","OppoA83","2025-08-25 16:23:58","train"
"NH4/OppoA83/round3/bF8ut_ngochanpham274@gmail.com_2025-08-25 16_57_55_An_OppoA83_1ppm_3_1_NH4+_10.8768683_106.6782037.jpg","NH4","1.0","OppoA83","2025-08-25 16:57:55","train"
"NH4/OppoA83/round3/bmVGw_ngochanpham274@gmail.com_2025-08-25 15_54_42_An_OppoA83_0.02ppm_3_2_NH4+_10.8768696_106.6782041.jpg","NH4","0.02","OppoA83","2025-08-25 15:54:42","train"
"NH4/OppoA83/round3/BoPMX_ngochanpham274@gmail.com_2025-08-25 17_05_44_An_OppoA83_4ppm_3_1_NH4+_10.8768683_106.6782037.jpg","NH4","4.0","OppoA83","2025-08-25 17:05:44","train"
"NH4/OppoA83/round3/CMncX_ngochanpham274@gmail.com_2025-08-25 15_49_13_An_OppoA83_0.01ppm_3_2_NH4+_10.8768696_106.6782041.jpg","NH4","0.01","OppoA83","2025-08-25 15:49:13","train"
"NH4/OppoA83/round3/cWzAQ_ngochanpham274@gmail.com_2025-08-25 16_59_25_An_OppoA83_1ppm_3_3_NH4+_10.8768683_106.6782037.jpg","NH4","1.0","OppoA83","2025-08-25 16:59:25","train"
"NH4/OppoA83/round3/D54dM_ngochanpham274@gmail.com_2025-08-25 16_24_29_An_OppoA83_0.1ppm_3_4_NH4+_10.8768779_106.6782013.jpg","NH4","0.1","OppoA83","2025-08-25 16:24:29","train"
"NH4/OppoA83/round3/DoII7_ngochanpham274@gmail.com_2025-08-25 16_36_22_An_OppoA83_0.4ppm_3_3_NH4+_10.8768672_106.6781977.jpg","NH4","0.4","OppoA83","2025-08-25 16:36:22","train"
"NH4/OppoA83/round3/Dx24w_ngochanpham274@gmail.com_2025-08-25 16_15_25_An_OppoA83_0.06ppm_3_3_NH4+_10.8768779_106.6782013.jpg","NH4","0.06","OppoA83","2025-08-25 16:15:25","train"
"NH4/OppoA83/round3/EAjtl_ngochanpham274@gmail.com_2025-08-25 16_41_42_An_OppoA83_0.5ppm_3_3_NH4+_10.8768672_106.6781977.jpg","NH4","0.5","OppoA83","2025-08-25 16:41:42","train"
"NH4/OppoA83/round3/Em4RI_ngochanpham274@gmail.com_2025-08-25 16_25_05_An_OppoA83_0.1ppm_3_5_NH4+_10.8768779_106.6782013.jpg","NH4","0.1","OppoA83","2025-08-25 16:25:05","train"
"NH4/OppoA83/round3/fn05w_ngochanpham274@gmail.com_2025-08-25 16_02_21_An_OppoA83_0.04ppm_3_5_NH4+_10.8768696_106.6782041.jpg","NH4","0.04","OppoA83","2025-08-25 16:02:21","train"
"NH4/OppoA83/round3/g3bm3_ngochanpham274@gmail.com_2025-08-25 15_59_42_An_OppoA83_0.04ppm_3_3_NH4+_10.8768696_106.6782041.jpg","NH4","0.04","OppoA83","2025-08-25 15:59:42","train"
"NH4/OppoA83/round3/gKDB9_ngochanpham274@gmail.com_2025-08-25 16_30_06_An_OppoA83_0.2ppm_3_3_NH4+_10.8768672_106.6781977.jpg","NH4","0.2","OppoA83","2025-08-25 16:30:06","train"
"NH4/OppoA83/round3/hD57V_ngochanpham274@gmail.com_2025-08-25 16_11_08_An_OppoA83_0.05ppm_3_4_NH4+_10.8768779_106.6782013.jpg","NH4","0.05","OppoA83","2025-08-25 16:11:08","train"
"NH4/OppoA83/round3/I8PXt_ngochanpham274@gmail.com_2025-08-25 16_20_01_An_OppoA83_0.08ppm_3_4_NH4+_10.8768779_106.6782013.jpg","NH4","0.08","OppoA83","2025-08-25 16:20:01","train"
"NH4/OppoA83/round3/Idrgc_ngochanpham274@gmail.com_2025-08-25 16_41_03_An_OppoA83_0.5ppm_3_2_NH4+_10.8768672_106.6781977.jpg","NH4","0.5","OppoA83","2025-08-25 16:41:03","train"
"NH4/OppoA83/round3/J9gjU_ngochanpham274@gmail.com_2025-08-25 16_22_05_An_OppoA83_0.1ppm_3_1_NH4+_10.8768779_106.6782013.jpg","NH4","0.1","OppoA83","2025-08-25 16:22:05","train"
"NH4/OppoA83/round3/jCYwy_ngochanpham274@gmail.com_2025-08-25 15_48_30_An_OppoA83_0.01ppm_3_1_NH4+_10.8768696_106.6782041.jpg","NH4","0.01","OppoA83","2025-08-25 15:48:30","train"
"NH4/OppoA83/round3/jLVWV_ngochanpham274@gmail.com_2025-08-25 16_37_41_An_OppoA83_0.4ppm_3_5_NH4+_10.8768672_106.6781977.jpg","NH4","0.4","OppoA83","2025-08-25 16:37:41","train"
"NH4/OppoA83/round3/jMUie_ngochanpham274@gmail.com_2025-08-25 15_52_45_An_OppoA83_0.01ppm_3_5_NH4+_10.8768696_106.6782041.jpg","NH4","0.01","OppoA83","2025-08-25 15:52:45","train"
"NH4/OppoA83/round3/kKiq0_ngochanpham274@gmail.com_2025-08-25 16_47_20_An_OppoA83_0.6ppm_3_4_NH4+_10.8768672_106.6781977.jpg","NH4","0.6","OppoA83","2025-08-25 16:47:20","train"
"NH4/OppoA83/round3/KkQfc_ngochanpham274@gmail.com_2025-08-25 16_09_58_An_OppoA83_0.05ppm_3_2_NH4+_10.8768779_106.6782013.jpg","NH4","0.05","OppoA83","2025-08-25 16:09:58","train"
"NH4/OppoA83/round3/KY9Xv_ngochanpham274@gmail.com_2025-08-25 16_42_54_An_OppoA83_0.5ppm_3_4_NH4+_10.8768672_106.6781977.jpg","NH4","0.5","OppoA83","2025-08-25 16:42:54","train"
"NH4/OppoA83/round3/mVhHM_ngochanpham274@gmail.com_2025-08-25 15_50_27_An_OppoA83_0.01ppm_3_4_NH4+_10.8768696_106.6782041.jpg","NH4","0.01","OppoA83","2025-08-25 15:50:27","train"
"NH4/OppoA83/round3/mzYcF_ngochanpham274@gmail.com_2025-08-25 15_59_14_An_OppoA83_0.04ppm_3_2_NH4+_10.8768696_106.6782041.jpg","NH4","0.04","OppoA83","2025-08-25 15:59:14","train"
"NH4/OppoA83/round3/NHpDO_ngochanpham274@gmail.com_2025-08-25 16_46_40_An_OppoA83_0.6ppm_3_3_NH4+_10.8768672_106.6781977.jpg","NH4","0.6","OppoA83","2025-08-25 16:46:40","train"
"NH4/OppoA83/round3/oeHbZ_ngochanpham274@gmail.com_2025-08-25 16_30_34_An_OppoA83_0.2ppm_3_4_NH4+_10.8768672_106.6781977.jpg","NH4","0.2","OppoA83","2025-08-25 16:30:34","train"
"NH4/OppoA83/round3/OrxAk_ngochanpham274@gmail.com_2025-08-25 17_03_57_An_OppoA83_2ppm_3_4_NH4+_10.8768683_106.6782037.jpg","NH4","2.0","OppoA83","2025-08-25 17:03:57","train"
"NH4/OppoA83/round3/OsBVx_ngochanpham274@gmail.com_2025-08-25 16_26_45_An_OppoA83_0.2ppm_3_1_NH4+_10.8768779_106.6782013.jpg","NH4","0.2","OppoA83","2025-08-25 16:26:45","train"
"NH4/OppoA83/round3/OU1FH_ngochanpham274@gmail.com_2025-08-25 17_04_38_An_OppoA83_2ppm_3_5_NH4+_10.8768683_106.6782037.jpg","NH4","2.0","OppoA83","2025-08-25 17:04:38","train"
"NH4/OppoA83/round3/P4GVb_ngochanpham274@gmail.com_2025-08-25 16_46_10_An_OppoA83_0.6ppm_3_2_NH4+_10.8768672_106.6781977.jpg","NH4","0.6","OppoA83","2025-08-25 16:46:10","train"
"NH4/OppoA83/round3/P5BSy_ngochanpham274@gmail.com_2025-08-25 17_02_57_An_OppoA83_2ppm_3_2_NH4+_10.8768683_106.6782037.jpg","NH4","2.0","OppoA83","2025-08-25 17:02:57","train"
"NH4/OppoA83/round3/PfPk0_ngochanpham274@gmail.com_2025-08-25 16_56_20_An_OppoA83_0.8ppm_3_5_NH4+_10.8768683_106.6782037.jpg","NH4","0.8","OppoA83","2025-08-25 16:56:20","train"
"NH4/OppoA83/round3/PTqUB_ngochanpham274@gmail.com_2025-08-25 16_54_37_An_OppoA83_0.8ppm_3_3_NH4+_10.8768683_106.6782037.jpg","NH4","0.8","OppoA83","2025-08-25 16:54:37","train"
"NH4/OppoA83/round3/qCPDI_ngochanpham274@gmail.com_2025-08-25 16_54_00_An_OppoA83_0.8ppm_3_2_NH4+_10.8768683_106.6782037.jpg","NH4","0.8","OppoA83","2025-08-25 16:54:00","train"
"NH4/OppoA83/round3/QIfxH_ngochanpham274@gmail.com_2025-08-25 16_48_31_An_OppoA83_0.6ppm_3_5_NH4+_10.8768672_106.6781977.jpg","NH4","0.6","OppoA83","2025-08-25 16:48:31","train"
"NH4/OppoA83/round3/QslWR_ngochanpham274@gmail.com_2025-08-25 16_10_35_An_OppoA83_0.05ppm_3_3_NH4+_10.8768779_106.6782013.jpg","NH4","0.05","OppoA83","2025-08-25 16:10:35","train"
"NH4/OppoA83/round3/rrG7e_ngochanpham274@gmail.com_2025-08-25 16_36_53_An_OppoA83_0.4ppm_3_4_NH4+_10.8768672_106.6781977.jpg","NH4","0.4","OppoA83","2025-08-25 16:36:53","train"
"NH4/OppoA83/round3/RtYvr_ngochanpham274@gmail.com_2025-08-25 16_16_01_An_OppoA83_0.06ppm_3_4_NH4+_10.8768779_106.6782013.jpg","NH4","0.06","OppoA83","2025-08-25 16:16:01","train"
"NH4/OppoA83/round3/RUr3z_ngochanpham274@gmail.com_2025-08-25 16_14_51_An_OppoA83_0.06ppm_3_2_NH4+_10.8768779_106.6782013.jpg","NH4","0.06","OppoA83","2025-08-25 16:14:51","train"
"NH4/OppoA83/round3/ShaSz_ngochanpham274@gmail.com_2025-08-25 15_58_40_An_OppoA83_0.04ppm_3_1_NH4+_10.8768696_106.6782041.jpg","NH4","0.04","OppoA83","2025-08-25 15:58:40","train"
"NH4/OppoA83/round3/ssLX5_ngochanpham274@gmail.com_2025-08-25 15_49_50_An_OppoA83_0.01ppm_3_3_NH4+_10.8768696_106.6782041.jpg","NH4","0.01","OppoA83","2025-08-25 15:49:50","train"
"NH4/OppoA83/round3/SZ9n8_ngochanpham274@gmail.com_2025-08-25 17_08_22_An_OppoA83_4ppm_3_5_NH4+_10.8768683_106.6782037.jpg","NH4","4.0","OppoA83","2025-08-25 17:08:22","train"
"NH4/OppoA83/round3/tXGGL_ngochanpham274@gmail.com_2025-08-25 16_55_37_An_OppoA83_0.8ppm_3_4_NH4+_10.8768683_106.6782037.jpg","NH4","0.8","OppoA83","2025-08-25 16:55:37","train"
"NH4/OppoA83/round3/u9ziA_ngochanpham274@gmail.com_2025-08-25 16_53_14_An_OppoA83_0.8ppm_3_1_NH4+_10.8768683_106.6782037.jpg","NH4","0.8","OppoA83","2025-08-25 16:53:14","train"
"NH4/OppoA83/round3/UKpgZ_ngochanpham274@gmail.com_2025-08-25 16_18_52_An_OppoA83_0.08ppm_3_2_NH4+_10.8768779_106.6782013.jpg","NH4","0.08","OppoA83","2025-08-25 16:18:52","train"
"NH4/OppoA83/round3/UqBcy_ngochanpham274@gmail.com_2025-08-25 16_14_16_An_OppoA83_0.06ppm_3_1_NH4+_10.8768779_106.6782013.jpg","NH4","0.06","OppoA83","2025-08-25 16:14:16","train"
"NH4/OppoA83/round3/V9bDU_ngochanpham274@gmail.com_2025-08-25 16_31_14_An_OppoA83_0.2ppm_3_5_NH4+_10.8768672_106.6781977.jpg","NH4","0.2","OppoA83","2025-08-25 16:31:14","train"
"NH4/OppoA83/round3/vAaao_ngochanpham274@gmail.com_2025-08-25 17_00_35_An_OppoA83_1ppm_3_5_NH4+_10.8768683_106.6782037.jpg","NH4","1.0","OppoA83","2025-08-25 17:00:35","train"
"NH4/OppoA83/round3/VXlui_ngochanpham274@gmail.com_2025-08-25 16_16_28_An_OppoA83_0.06ppm_3_5_NH4+_10.8768779_106.6782013.jpg","NH4","0.06","OppoA83","2025-08-25 16:16:28","train"
"NH4/OppoA83/round3/wfLEY_ngochanpham274@gmail.com_2025-08-25 15_54_10_An_OppoA83_0.02ppm_3_1_NH4+_10.8768696_106.6782041.jpg","NH4","0.02","OppoA83","2025-08-25 15:54:10","train"
"NH4/OppoA83/round3/WHyuB_ngochanpham274@gmail.com_2025-08-25 16_05_19_An_OppoA83_0.02ppm_3_5_NH4+_10.8768696_106.6782041.jpg","NH4","0.02","OppoA83","2025-08-25 16:05:19","train"
"NH4/OppoA83/round3/wQYNY_ngochanpham274@gmail.com_2025-08-25 16_22_35_An_OppoA83_0.1ppm_3_2_NH4+_10.8768779_106.6782013.jpg","NH4","0.1","OppoA83","2025-08-25 16:22:35","train"
"NH4/OppoA83/round3/wrJJu_ngochanpham274@gmail.com_2025-08-25 16_29_21_An_OppoA83_0.2ppm_3_2_NH4+_10.8768672_106.6781977.jpg","NH4","0.2","OppoA83","2025-08-25 16:29:21","train"
"NH4/OppoA83/round3/X4tx5_ngochanpham274@gmail.com_2025-08-25 16_19_33_An_OppoA83_0.08ppm_3_3_NH4+_10.8768779_106.6782013.jpg","NH4","0.08","OppoA83","2025-08-25 16:19:33","train"
"NH4/OppoA83/round3/xlGWF_ngochanpham274@gmail.com_2025-08-25 16_35_44_An_OppoA83_0.4ppm_3_2_NH4+_10.8768672_106.6781977.jpg","NH4","0.4","OppoA83","2025-08-25 16:35:44","train"
"NH4/OppoA83/round3/YPagC_ngochanpham274@gmail.com_2025-08-25 17_07_46_An_OppoA83_4ppm_3_4_NH4+_10.8768683_106.6782037.jpg","NH4","4.0","OppoA83","2025-08-25 17:07:46","train"
"NH4/OppoA83/round3/zElme_ngochanpham274@gmail.com_2025-08-25 17_03_30_An_OppoA83_2ppm_3_3_NH4+_10.8768683_106.6782037.jpg","NH4","2.0","OppoA83","2025-08-25 17:03:30","train"
"NH4/OppoA83/round3/zf6l6_ngochanpham274@gmail.com_2025-08-25 16_43_39_An_OppoA83_0.5ppm_3_5_NH4+_10.8768672_106.6781977.jpg","NH4","0.5","OppoA83","2025-08-25 16:43:39","train"
"NH4/OppoA83/round3/zNbIX_ngochanpham274@gmail.com_2025-08-25 15_55_40_An_OppoA83_0.02ppm_3_3_NH4+_10.8768696_106.6782041.jpg","NH4","0.02","OppoA83","2025-08-25 15:55:40","train"
"NH4/OppoA83/round3/zRLPi_ngochanpham274@gmail.com_2025-08-25 17_06_19_An_OppoA83_4ppm_3_2_NH4+_10.8768683_106.6782037.jpg","NH4","4.0","OppoA83","2025-08-25 17:06:19","train"
"NH4/OppoA83/round3/zuvzc_ngochanpham274@gmail.com_2025-08-25 16_18_21_An_OppoA83_0.08ppm_3_1_NH4+_10.8768779_106.6782013.jpg","NH4","0.08","OppoA83","2025-08-25 16:18:21","train"
"NH4/OppoReno5/round3/0Sjq1_ngochanpham274@gmail.com_2025-08-26 20_28_35_An_OppoReno5_0.06ppm_3_1_NH4+_10.8768693_106.6781976.jpg","NH4","0.06","OppoReno5","2025-08-26 20:28:35","train"
"NH4/OppoReno5/round3/1gAzk_ngochanpham274@gmail.com_2025-08-26 20_43_15_An_OppoReno5_0.5ppm_3_4_NH4+_10.8768693_106.6781976.jpg","NH4","0.5","OppoReno5","2025-08-26 20:43:15","train"
"NH4/OppoReno5/round3/1tPvz_ngochanpham274@gmail.com_2025-08-26 20_36_25_An_OppoReno5_0.2ppm_3_1_NH4+_10.8768693_106.6781976.jpg","NH4","0.2","OppoReno5","2025-08-26 20:36:25","train"
"NH4/OppoReno5/round3/1vfMw_ngochanpham274@gmail.com_2025-08-26 21_05_12_An_OppoReno5_2ppm_3_1_NH4+_10.8768638_106.6781938.jpg","NH4","2.0","OppoReno5","2025-08-26 21:05:12","train"
"NH4/OppoReno5/round3/1vFOs_ngochanpham274@gmail.com_2025-08-26 20_56_50_An_OppoReno5_1ppm_3_2_NH4+_10.876872_106.6782055.jpg","NH4","1.0","OppoReno5","2025-08-26 20:56:50","train"
"NH4/OppoReno5/round3/23uw4_ngochanpham274@gmail.com_2025-08-26 20_34_22_An_OppoReno5_0.1ppm_3_3_NH4+_10.8768693_106.6781976.jpg","NH4","0.1","OppoReno5","2025-08-26 20:34:22","train"
"NH4/OppoReno5/round3/3KYjl_ngochanpham274@gmail.com_2025-08-26 21_05_48_An_OppoReno5_2ppm_3_2_NH4+_10.8768638_106.6781938.jpg","NH4","2.0","OppoReno5","2025-08-26 21:05:48","train"
"NH4/OppoReno5/round3/3pmbT_ngochanpham274@gmail.com_2025-08-26 21_08_46_An_OppoReno5_4ppm_3_2_NH4+_10.8768638_106.6781938.jpg","NH4","3.0","OppoReno5","2025-08-26 21:08:46","train"
"NH4/OppoReno5/round3/3QwM3_ngochanpham274@gmail.com_2025-08-26 20_40_06_An_OppoReno5_0.4ppm_3_3_NH4+_10.8768693_106.6781976.jpg","NH4","0.4","OppoReno5","2025-08-26 20:40:06","train"
"NH4/OppoReno5/round3/3rzNM_ngochanpham274@gmail.com_2025-08-26 20_33_44_An_OppoReno5_0.1ppm_3_1_NH4+_10.8768693_106.6781976.jpg","NH4","0.1","OppoReno5","2025-08-26 20:33:44","train"
"NH4/OppoReno5/round3/5zxfd_ngochanpham274@gmail.com_2025-08-26 20_26_27_An_OppoReno5_0.05ppm_3_4_NH4+_10.8768693_106.6781976.jpg","NH4","0.05","OppoReno5","2025-08-26 20:26:27","train"
"NH4/OppoReno5/round3/6c72f_ngochanpham274@gmail.com_2025-08-26 20_40_31_An_OppoReno5_0.4ppm_3_4_NH4+_10.8768693_106.6781976.jpg","NH4","0.4","OppoReno5","2025-08-26 20:40:31","train"
"NH4/OppoReno5/round3/Ae6K6_ngochanpham274@gmail.com_2025-08-26 20_21_15_An_OppoReno5_0.04ppm_3_3_NH4+_10.8768693_106.6781976.jpg","NH4","0.04","OppoReno5","2025-08-26 20:21:15","train"
"NH4/OppoReno5/round3/aWtQR_ngochanpham274@gmail.com_2025-08-26 21_06_58_An_OppoReno5_2ppm_3_5_NH4+_10.8768638_106.6781938.jpg","NH4","2.0","OppoReno5","2025-08-26 21:06:58","train"
"NH4/OppoReno5/round3/BVjAt_ngochanpham274@gmail.com_2025-08-26 20_50_00_An_OppoReno5_0.8ppm_3_1_NH4+_10.876872_106.6782055.jpg","NH4","0.8","OppoReno5","2025-08-26 20:50:00","train"
"NH4/OppoReno5/round3/C9r41_ngochanpham274@gmail.com_2025-08-26 20_29_22_An_OppoReno5_0.06ppm_3_3_NH4+_10.8768693_106.6781976.jpg","NH4","0.06","OppoReno5","2025-08-26 20:29:22","train"
"NH4/OppoReno5/round3/D7ixh_ngochanpham274@gmail.com_2025-08-26 20_07_19_An_OppoReno5_0.02ppm_3_1_NH4+_10.8768734_106.6781996.jpg","NH4","0.02","OppoReno5","2025-08-26 20:07:19","train"
"NH4/OppoReno5/round3/eGcsU_ngochanpham274@gmail.com_2025-08-26 20_39_46_An_OppoReno5_0.4ppm_3_2_NH4+_10.8768693_106.6781976.jpg","NH4","0.4","OppoReno5","2025-08-26 20:39:46","train"
"NH4/OppoReno5/round3/fcY4d_ngochanpham274@gmail.com_2025-08-26 20_31_24_An_OppoReno5_0.08ppm_3_2_NH4+_10.8768693_106.6781976.jpg","NH4","0.08","OppoReno5","2025-08-26 20:31:24","train"
"NH4/OppoReno5/round3/fpzoz_ngochanpham274@gmail.com_2025-08-26 20_27_17_An_OppoReno5_0.05ppm_3_5_NH4+_10.8768693_106.6781976.jpg","NH4","0.05","OppoReno5","2025-08-26 20:27:17","train"
"NH4/OppoReno5/round3/G6gpm_ngochanpham274@gmail.com_2025-08-26 20_46_46_An_OppoReno5_0.6ppm_3_4_NH4+_10.876872_106.6782055.jpg","NH4","0.6","OppoReno5","2025-08-26 20:46:46","train"
"NH4/OppoReno5/round3/GVna1_ngochanpham274@gmail.com_2025-08-26 20_34_59_An_OppoReno5_0.1ppm_3_5_NH4+_10.8768693_106.6781976.jpg","NH4","0.1","OppoReno5","2025-08-26 20:34:59","train"
"NH4/OppoReno5/round3/h9IHb_ngochanpham274@gmail.com_2025-08-26 20_25_41_An_OppoReno5_0.05ppm_3_3_NH4+_10.8768693_106.6781976.jpg","NH4","0.05","OppoReno5","2025-08-26 20:25:41","train"
"NH4/OppoReno5/round3/HaoGx_ngochanpham274@gmail.com_2025-08-26 20_37_43_An_OppoReno5_0.2ppm_3_4_NH4+_10.8768693_106.6781976.jpg","NH4","0.2","OppoReno5","2025-08-26 20:37:43","train"
"NH4/OppoReno5/round3/Hltj5_ngochanpham274@gmail.com_2025-08-26 20_34_03_An_OppoReno5_0.1ppm_3_2_NH4+_10.8768693_106.6781976.jpg","NH4","0.1","OppoReno5","2025-08-26 20:34:03","train"
"NH4/OppoReno5/round3/HYV1U_ngochanpham274@gmail.com_2025-08-26 20_43_34_An_OppoReno5_0.5ppm_3_5_NH4+_10.8768693_106.6781976.jpg","NH4","0.5","OppoReno5","2025-08-26 20:43:34","train"
"NH4/OppoReno5/round3/iKVV6_ngochanpham274@gmail.com_2025-08-26 20_40_51_An_OppoReno5_0.4ppm_3_5_NH4+_10.8768693_106.6781976.jpg","NH4","0.4","OppoReno5","2025-08-26 20:40:51","train"
"NH4/OppoReno5/round3/JPRxs_ngochanpham274@gmail.com_2025-08-26 20_09_26_An_OppoReno5_0.02ppm_3_2_NH4+_10.8768734_106.6781996.jpg","NH4","0.02","OppoReno5","2025-08-26 20:09:26","train"
"NH4/OppoReno5/round3/JXrDF_ngochanpham274@gmail.com_2025-08-26 20_17_48_An_OppoReno5_0.04ppm_3_1_NH4+_10.8768693_106.6781976.jpg","NH4","0.04","OppoReno5","2025-08-26 20:17:48","train"
"NH4/OppoReno5/round3/K1r2k_ngochanpham274@gmail.com_2025-08-26 20_11_06_An_OppoReno5_0.02ppm_3_3_NH4+_10.8768734_106.6781996.jpg","NH4","0.02","OppoReno5","2025-08-26 20:11:06","train"
"NH4/OppoReno5/round3/KyJMJ_ngochanpham274@gmail.com_2025-08-26 20_34_41_An_OppoReno5_0.1ppm_3_4_NH4+_10.8768693_106.6781976.jpg","NH4","0.1","OppoReno5","2025-08-26 20:34:41","train"
"NH4/OppoReno5/round3/Lc9rC_ngochanpham274@gmail.com_2025-08-26 20_32_25_An_OppoReno5_0.08ppm_3_5_NH4+_10.8768693_106.6781976.jpg","NH4","0.08","OppoReno5","2025-08-26 20:32:25","train"
"NH4/OppoReno5/round3/LD1Hh_ngochanpham274@gmail.com_2025-08-26 20_14_34_An_OppoReno5_0.02ppm_3_5_NH4+_10.8768693_106.6781976.jpg","NH4","0.02","OppoReno5","2025-08-26 20:14:34","train"
"NH4/OppoReno5/round3/lSR5j_ngochanpham274@gmail.com_2025-08-26 20_23_52_An_OppoReno5_0.05ppm_3_1_NH4+_10.8768693_106.6781976.jpg","NH4","0.05","OppoReno5","2025-08-26 20:23:52","train"
"NH4/OppoReno5/round3/MgtlI_ngochanpham274@gmail.com_2025-08-26 21_10_04_An_OppoReno5_4ppm_3_5_NH4+_10.8768638_106.6781938.jpg","NH4","4.0","OppoReno5","2025-08-26 21:10:04","train"
"NH4/OppoReno5/round3/mLHx0_ngochanpham274@gmail.com_2025-08-26 20_41_25_An_OppoReno5_0.5ppm_3_1_NH4+_10.8768693_106.6781976.jpg","NH4","0.5","OppoReno5","2025-08-26 20:41:25","train"
"NH4/OppoReno5/round3/moWsL_ngochanpham274@gmail.com_2025-08-26 20_02_04_An_OppoReno5_0.01ppm_3_4_NH4+_10.8768734_106.6781996.jpg","NH4","0.01","OppoReno5","2025-08-26 20:02:04","train"
"NH4/OppoReno5/round3/mxC25_ngochanpham274@gmail.com_2025-08-26 21_03_17_An_OppoReno5_1ppm_3_4_NH4+_10.8768638_106.6781938.jpg","NH4","1.0","OppoReno5","2025-08-26 21:03:17","train"
"NH4/OppoReno5/round3/MYThM_ngochanpham274@gmail.com_2025-08-26 19_58_45_An_OppoReno5_0.01ppm_3_1_NH4+_10.8768734_106.6781996.jpg","NH4","0.01","OppoReno5","2025-08-26 19:58:45","train"
"NH4/OppoReno5/round3/N0HPs_ngochanpham274@gmail.com_2025-08-26 20_38_04_An_OppoReno5_0.2ppm_3_5_NH4+_10.8768693_106.6781976.jpg","NH4","0.2","OppoReno5","2025-08-26 20:38:04","train"
"NH4/OppoReno5/round3/nBTMu_ngochanpham274@gmail.com_2025-08-26 20_52_10_An_OppoReno5_0.8ppm_3_3_NH4+_10.876872_106.6782055.jpg","NH4","0.8","OppoReno5","2025-08-26 20:52:10","train"
"NH4/OppoReno5/round3/obgjg_ngochanpham274@gmail.com_2025-08-26 21_06_38_An_OppoReno5_2ppm_3_4_NH4+_10.8768638_106.6781938.jpg","NH4","2.0","OppoReno5","2025-08-26 21:06:38","train"
"NH4/OppoReno5/round3/OOkiP_ngochanpham274@gmail.com_2025-08-26 20_45_26_An_OppoReno5_0.6ppm_3_3_NH4+_10.8768693_106.6781976.jpg","NH4","0.6","OppoReno5","2025-08-26 20:45:26","train"
"NH4/OppoReno5/round3/Oxi7j_ngochanpham274@gmail.com_2025-08-26 20_30_07_An_OppoReno5_0.06ppm_3_5_NH4+_10.8768693_106.6781976.jpg","NH4","0.06","OppoReno5","2025-08-26 20:30:07","train"
"NH4/OppoReno5/round3/pSuVx_ngochanpham274@gmail.com_2025-08-26 20_00_29_An_OppoReno5_0.01ppm_3_2_NH4+_10.8768734_106.6781996.jpg","NH4","0.01","OppoReno5","2025-08-26 20:00:29","train"
"NH4/OppoReno5/round3/pzpx1_ngochanpham274@gmail.com_2025-08-26 20_53_58_An_OppoReno5_0.8ppm_3_5_NH4+_10.876872_106.6782055.jpg","NH4","0.8","OppoReno5","2025-08-26 20:53:58","train"
"NH4/OppoReno5/round3/qBqyB_ngochanpham274@gmail.com_2025-08-26 20_51_16_An_OppoReno5_0.8ppm_3_2_NH4+_10.876872_106.6782055.jpg","NH4","0.8","OppoReno5","2025-08-26 20:51:16","train"
"NH4/OppoReno5/round3/QEzSP_ngochanpham274@gmail.com_2025-08-26 21_03_37_An_OppoReno5_1ppm_3_5_NH4+_10.8768638_106.6781938.jpg","NH4","1.0","OppoReno5","2025-08-26 21:03:37","train"
"NH4/OppoReno5/round3/QRbl5_ngochanpham274@gmail.com_2025-08-26 20_48_48_An_OppoReno5_0.6ppm_3_5_NH4+_10.876872_106.6782055.jpg","NH4","0.6","OppoReno5","2025-08-26 20:48:48","train"
"NH4/OppoReno5/round3/QuIIU_ngochanpham274@gmail.com_2025-08-26 20_29_42_An_OppoReno5_0.06ppm_3_4_NH4+_10.8768693_106.6781976.jpg","NH4","0.06","OppoReno5","2025-08-26 20:29:42","train"
"NH4/OppoReno5/round3/RXDti_ngochanpham274@gmail.com_2025-08-26 21_06_16_An_OppoReno5_2ppm_3_3_NH4+_10.8768638_106.6781938.jpg","NH4","2.0","OppoReno5","2025-08-26 21:06:16","train"
"NH4/OppoReno5/round3/s9ta6_ngochanpham274@gmail.com_2025-08-26 20_22_45_An_OppoReno5_0.04ppm_3_5_NH4+_10.8768693_106.6781976.jpg","NH4","0.04","OppoReno5","2025-08-26 20:22:45","train"
"NH4/OppoReno5/round3/sNkYM_ngochanpham274@gmail.com_2025-08-26 20_24_45_An_OppoReno5_0.05ppm_3_2_NH4+_10.8768693_106.6781976.jpg","NH4","0.05","OppoReno5","2025-08-26 20:24:45","train"
"NH4/OppoReno5/round3/SOccn_ngochanpham274@gmail.com_2025-08-26 20_29_00_An_OppoReno5_0.06ppm_3_2_NH4+_10.8768693_106.6781976.jpg","NH4","0.06","OppoReno5","2025-08-26 20:29:00","train"
"NH4/OppoReno5/round3/T4Wnt_ngochanpham274@gmail.com_2025-08-26 20_53_01_An_OppoReno5_0.8ppm_3_4_NH4+_10.876872_106.6782055.jpg","NH4","0.8","OppoReno5","2025-08-26 20:53:01","train"
"NH4/OppoReno5/round3/Ukbnx_ngochanpham274@gmail.com_2025-08-26 21_08_18_An_OppoReno5_4ppm_3_1_NH4+_10.8768638_106.6781938.jpg","NH4","4.0","OppoReno5","2025-08-26 21:08:18","train"
"NH4/OppoReno5/round3/uNs4q_ngochanpham274@gmail.com_2025-08-26 20_37_23_An_OppoReno5_0.2ppm_3_3_NH4+_10.8768693_106.6781976.jpg","NH4","0.2","OppoReno5","2025-08-26 20:37:23","train"
"NH4/OppoReno5/round3/v1kYm_ngochanpham274@gmail.com_2025-08-26 20_45_07_An_OppoReno5_0.6ppm_3_2_NH4+_10.8768693_106.6781976.jpg","NH4","0.6","OppoReno5","2025-08-26 20:45:07","train"
"NH4/OppoReno5/round3/v5U38_ngochanpham274@gmail.com_2025-08-26 21_09_14_An_OppoReno5_4ppm_3_3_NH4+_10.8768638_106.6781938.jpg","NH4","4.0","OppoReno5","2025-08-26 21:09:14","train"
"NH4/OppoReno5/round3/V9TxP_ngochanpham274@gmail.com_2025-08-26 20_11_43_An_OppoReno5_0.02ppm_3_4_NH4+_10.8768734_106.6781996.jpg","NH4","0.02","OppoReno5","2025-08-26 20:11:43","train"
"NH4/OppoReno5/round3/vfLUJ_ngochanpham274@gmail.com_2025-08-26 20_42_56_An_OppoReno5_0.5ppm_3_3_NH4+_10.8768693_106.6781976.jpg","NH4","0.5","OppoReno5","2025-08-26 20:42:56","train"
"NH4/OppoReno5/round3/vO1ej_ngochanpham274@gmail.com_2025-08-26 20_44_18_An_OppoReno5_0.6ppm_3_1_NH4+_10.8768693_106.6781976.jpg","NH4","0.6","OppoReno5","2025-08-26 20:44:18","train"
"NH4/OppoReno5/round3/VosZ5_ngochanpham274@gmail.com_2025-08-26 21_02_56_An_OppoReno5_1ppm_3_3_NH4+_10.8768638_106.6781938.jpg","NH4","1.0","OppoReno5","2025-08-26 21:02:56","train"
"NH4/OppoReno5/round3/VYFpO_ngochanpham274@gmail.com_2025-08-26 20_36_50_An_OppoReno5_0.2ppm_3_2_NH4+_10.8768693_106.6781976.jpg","NH4","0.2","OppoReno5","2025-08-26 20:36:50","train"
"NH4/OppoReno5/round3/WiZoH_ngochanpham274@gmail.com_2025-08-26 20_32_01_An_OppoReno5_0.08ppm_3_4_NH4+_10.8768693_106.6781976.jpg","NH4","0.08","OppoReno5","2025-08-26 20:32:01","train"
"NH4/OppoReno5/round3/WNexY_ngochanpham274@gmail.com_2025-08-26 20_01_20_An_OppoReno5_0.01ppm_3_3_NH4+_10.8768734_106.6781996.jpg","NH4","0.01","OppoReno5","2025-08-26 20:01:20","train"
"NH4/OppoReno5/round3/X7wKy_ngochanpham274@gmail.com_2025-08-26 20_03_46_An_OppoReno5_0.01ppm_3_5_NH4+_10.8768734_106.6781996.jpg","NH4","0.01","OppoReno5","2025-08-26 20:03:46","train"
"NH4/OppoReno5/round3/Xddg9_ngochanpham274@gmail.com_2025-08-26 20_19_29_An_OppoReno5_0.04ppm_3_2_NH4+_10.8768693_106.6781976.jpg","NH4","0.04","OppoReno5","2025-08-26 20:19:29","train"
"NH4/OppoReno5/round3/xZlCq_ngochanpham274@gmail.com_2025-08-26 20_42_36_An_OppoReno5_0.5ppm_3_2_NH4+_10.8768693_106.6781976.jpg","NH4","0.5","OppoReno5","2025-08-26 20:42:36","train"
"NH4/OppoReno5/round3/Y1kvz_ngochanpham274@gmail.com_2025-08-26 20_31_43_An_OppoReno5_0.08ppm_3_3_NH4+_10.8768693_106.6781976.jpg","NH4","0.08","OppoReno5","2025-08-26 20:31:43","train"
"NH4/OppoReno5/round3/Z4v6X_ngochanpham274@gmail.com_2025-08-26 20_38_40_An_OppoReno5_0.4ppm_3_1_NH4+_10.8768693_106.6781976.jpg","NH4","0.4","OppoReno5","2025-08-26 20:38:40","train"
"NH4/OppoReno5/round3/Z5pJl_ngochanpham274@gmail.com_2025-08-26 20_55_25_An_OppoReno5_1ppm_3_1_NH4+_10.876872_106.6782055.jpg","NH4","1.0","OppoReno5","2025-08-26 20:55:25","train"
"NH4/OppoReno5/round3/zae2U_ngochanpham274@gmail.com_2025-08-26 20_21_51_An_OppoReno5_0.04ppm_3_4_NH4+_10.8768693_106.6781976.jpg","NH4","0.04","OppoReno5","2025-08-26 20:21:51","train"
"NH4/OppoReno5/round3/ZQRI7_ngochanpham274@gmail.com_2025-08-26 21_09_47_An_OppoReno5_4ppm_3_4_NH4+_10.8768638_106.6781938.jpg","NH4","4.0","OppoReno5","2025-08-26 21:09:47","train"
"NH4/OppoReno5/round3/Zv5TC_ngochanpham274@gmail.com_2025-08-26 20_30_43_An_OppoReno5_0.08ppm_3_1_NH4+_10.8768693_106.6781976.jpg","NH4","0.08","OppoReno5","2025-08-26 20:30:43","train"
"NH4/RedmiA1/round1/1eRIp_ngochanpham274@gmail.com_2025-08-27 13_23_02_An_RedmiA1_0.2ppm_1_2_NH4+_10.8768726_106.6781909.jpg","NH4","0.2","RedmiA1","2025-08-27 13:23:02","train"
"NH4/RedmiA1/round1/1jiGe_ngochanpham274@gmail.com_2025-08-27 13_32_47_An_RedmiA1_0.6ppm_1_4_NH4+_10.8768726_106.6781909.jpg","NH4","0.6","RedmiA1","2025-08-27 13:32:47","train"
"NH4/RedmiA1/round1/26sP0_ngochanpham274@gmail.com_2025-08-27 13_39_30_An_RedmiA1_1ppm_1_4_NH4+_10.8768682_106.6781899.jpg","NH4","1.0","RedmiA1","2025-08-27 13:39:30","train"
"NH4/RedmiA1/round1/2AuJ9_ngochanpham274@gmail.com_2025-08-27 12_58_08_An_RedmiA1_0.02ppm_1_4_NH4+_10.8768726_106.6781909.jpg","NH4","0.02","RedmiA1","2025-08-27 12:58:08","train"
"NH4/RedmiA1/round1/2h3yU_ngochanpham274@gmail.com_2025-08-27 13_02_39_An_RedmiA1_0.04ppm_1_5_NH4+_10.8768726_106.6781909.jpg","NH4","0.04","RedmiA1","2025-08-27 13:02:39","train"
"NH4/RedmiA1/round1/3tFU2_ngochanpham274@gmail.com_2025-08-27 13_36_27_An_RedmiA1_0.8ppm_1_3_NH4+_10.8768682_106.6781899.jpg","NH4","0.8","RedmiA1","2025-08-27 13:36:27","train"
"NH4/RedmiA1/round1/4IcDk_ngochanpham274@gmail.com_2025-08-27 12_52_11_An_RedmiA1_0.01ppm_1_4_NH4+_10.8768726_106.6781909.jpg","NH4","0.01","RedmiA1","2025-08-27 12:52:11","train"
"NH4/RedmiA1/round1/5rUgL_ngochanpham274@gmail.com_2025-08-27 12_51_36_An_RedmiA1_0.01ppm_1_5_NH4+_10.8768726_106.6781909.jpg","NH4","0.01","RedmiA1","2025-08-27 12:51:36","train"
"NH4/RedmiA1/round1/5ZXVc_ngochanpham274@gmail.com_2025-08-27 13_01_43_An_RedmiA1_0.04ppm_1_3_NH4+_10.8768726_106.6781909.jpg","NH4","0.04","RedmiA1","2025-08-27 13:01:43","train"
"NH4/RedmiA1/round1/7bDzL_ngochanpham274@gmail.com_2025-08-27 13_33_08_An_RedmiA1_0.6ppm_1_5_NH4+_10.8768726_106.6781909.jpg","NH4","0.6","RedmiA1","2025-08-27 13:33:08","train"
"NH4/RedmiA1/round1/7hydB_ngochanpham274@gmail.com_2025-08-27 13_18_12_An_RedmiA1_0.08ppm_1_5_NH4+_10.8768726_106.6781909.jpg","NH4","0.08","RedmiA1","2025-08-27 13:18:12","train"
"NH4/RedmiA1/round1/BMfuk_ngochanpham274@gmail.com_2025-08-27 13_32_19_An_RedmiA1_0.6ppm_1_3_NH4+_10.8768726_106.6781909.jpg","NH4","0.6","RedmiA1","2025-08-27 13:32:19","train"
"NH4/RedmiA1/round1/bX8a1_ngochanpham274@gmail.com_2025-08-27 13_46_00_An_RedmiA1_4ppm_1_3_NH4+_10.8768682_106.6781899.jpg","NH4","4.0","RedmiA1","2025-08-27 13:46:00","train"
"NH4/RedmiA1/round1/C75Ly_ngochanpham274@gmail.com_2025-08-27 13_25_35_An_RedmiA1_0.4ppm_1_2_NH4+_10.8768726_106.6781909.jpg","NH4","0.4","RedmiA1","2025-08-27 13:25:35","train"
"NH4/RedmiA1/round1/cStZd_ngochanpham274@gmail.com_2025-08-27 13_43_01_An_RedmiA1_2ppm_1_3_NH4+_10.8768682_106.6781899.jpg","NH4","2.0","RedmiA1","2025-08-27 13:43:01","train"
"NH4/RedmiA1/round1/cTUus_ngochanpham274@gmail.com_2025-08-27 13_35_50_An_RedmiA1_0.8ppm_1_1_NH4+_10.8768682_106.6781899.jpg","NH4","0.8","RedmiA1","2025-08-27 13:35:50","train"
"NH4/RedmiA1/round1/D3xia_ngochanpham274@gmail.com_2025-08-27 13_21_34_An_RedmiA1_0.1ppm_1_5_NH4+_10.8768726_106.6781909.jpg","NH4","0.1","RedmiA1","2025-08-27 13:21:34","train"
"NH4/RedmiA1/round1/dGK0U_ngochanpham274@gmail.com_2025-08-27 13_01_06_An_RedmiA1_0.04ppm_1_2_NH4+_10.8768726_106.6781909.jpg","NH4","0.04","RedmiA1","2025-08-27 13:01:06","train"
"NH4/RedmiA1/round1/dRkIS_ngochanpham274@gmail.com_2025-08-27 12_59_59_An_RedmiA1_0.04ppm_1_1_NH4+_10.8768726_106.6781909.jpg","NH4","0.04","RedmiA1","2025-08-27 12:59:59","train"
"NH4/RedmiA1/round1/dTiVY_ngochanpham274@gmail.com_2025-08-27 13_08_54_An_RedmiA1_0.06ppm_1_1_NH4+_10.8768726_106.6781909.jpg","NH4","0.06","RedmiA1","2025-08-27 13:08:54","train"
"NH4/RedmiA1/round1/DyI9J_ngochanpham274@gmail.com_2025-08-27 13_28_26_An_RedmiA1_0.5ppm_1_1_NH4+_10.8768726_106.6781909.jpg","NH4","0.5","RedmiA1","2025-08-27 13:28:26","train"
"NH4/RedmiA1/round1/EtGLt_ngochanpham274@gmail.com_2025-08-27 13_27_02_An_RedmiA1_0.4ppm_1_5_NH4+_10.8768726_106.6781909.jpg","NH4","0.4","RedmiA1","2025-08-27 13:27:02","train"
"NH4/RedmiA1/round1/eyrff_ngochanpham274@gmail.com_2025-08-27 13_16_50_An_RedmiA1_0.08ppm_1_3_NH4+_10.8768726_106.6781909.jpg","NH4","0.08","RedmiA1","2025-08-27 13:16:50","train"
"NH4/RedmiA1/round1/F5eZO_ngochanpham274@gmail.com_2025-08-27 13_23_23_An_RedmiA1_0.2ppm_1_3_NH4+_10.8768726_106.6781909.jpg","NH4","0.2","RedmiA1","2025-08-27 13:23:23","train"
"NH4/RedmiA1/round1/frwZD_ngochanpham274@gmail.com_2025-08-27 13_29_45_An_RedmiA1_0.5ppm_1_3_NH4+_10.8768726_106.6781909.jpg","NH4","0.5","RedmiA1","2025-08-27 13:29:45","train"
"NH4/RedmiA1/round1/G2Hdc_ngochanpham274@gmail.com_2025-08-27 13_45_25_An_RedmiA1_4ppm_1_2_NH4+_10.8768682_106.6781899.jpg","NH4","4.0","RedmiA1","2025-08-27 13:45:25","train"
"NH4/RedmiA1/round1/GzsJ8_ngochanpham274@gmail.com_2025-08-27 13_40_11_An_RedmiA1_1ppm_1_5_NH4+_10.8768682_106.6781899.jpg","NH4","1.0","RedmiA1","2025-08-27 13:40:11","train"
"NH4/RedmiA1/round1/h5ENb_ngochanpham274@gmail.com_2025-08-27 13_10_22_An_RedmiA1_0.06ppm_1_3_NH4+_10.8768726_106.6781909.jpg","NH4","0.06","RedmiA1","2025-08-27 13:10:22","train"
"NH4/RedmiA1/round1/hsE8U_ngochanpham274@gmail.com_2025-08-27 13_46_51_An_RedmiA1_4ppm_1_4_NH4+_10.8768682_106.6781899.jpg","NH4","4.0","RedmiA1","2025-08-27 13:46:51","train"
"NH4/RedmiA1/round1/huw7D_ngochanpham274@gmail.com_2025-08-27 13_13_15_An_RedmiA1_0.06ppm_1_5_NH4+_10.8768726_106.6781909.jpg","NH4","0.06","RedmiA1","2025-08-27 13:13:15","train"
"NH4/RedmiA1/round1/I4Swt_ngochanpham274@gmail.com_2025-08-27 13_07_49_An_RedmiA1_0.05ppm_1_5_NH4+_10.8768726_106.6781909.jpg","NH4","0.05","RedmiA1","2025-08-27 13:07:49","train"
"NH4/RedmiA1/round1/i9hxE_ngochanpham274@gmail.com_2025-08-27 13_40_49_An_RedmiA1_2ppm_1_1_NH4+_10.8768682_106.6781899.jpg","NH4","2.0","RedmiA1","2025-08-27 13:40:49","train"
"NH4/RedmiA1/round1/IBCdq_ngochanpham274@gmail.com_2025-08-27 13_20_30_An_RedmiA1_0.1ppm_1_3_NH4+_10.8768726_106.6781909.jpg","NH4","0.1","RedmiA1","2025-08-27 13:20:30","train"
"NH4/RedmiA1/round1/IKrrU_ngochanpham274@gmail.com_2025-08-27 13_42_21_An_RedmiA1_2ppm_1_2_NH4+_10.8768682_106.6781899.jpg","NH4","2.0","RedmiA1","2025-08-27 13:42:21","train"
"NH4/RedmiA1/round1/IwO8T_ngochanpham274@gmail.com_2025-08-27 12_46_48_An_RedmiA1_0.01ppm_1_3_NH4+_10.8768726_106.6781909.jpg","NH4","0.01","RedmiA1","2025-08-27 12:46:48","train"
"NH4/RedmiA1/round1/iztPe_ngochanpham274@gmail.com_2025-08-27 13_21_06_An_RedmiA1_0.1ppm_1_4_NH4+_10.8768726_106.6781909.jpg","NH4","0.1","RedmiA1","2025-08-27 13:21:06","train"
"NH4/RedmiA1/round1/jmVF5_ngochanpham274@gmail.com_2025-08-27 13_36_50_An_RedmiA1_0.8ppm_1_4_NH4+_10.8768682_106.6781899.jpg","NH4","0.8","RedmiA1","2025-08-27 13:36:50","train"
"NH4/RedmiA1/round1/JqnGW_ngochanpham274@gmail.com_2025-08-27 13_39_13_An_RedmiA1_1ppm_1_3_NH4+_10.8768682_106.6781899.jpg","NH4","1.0","RedmiA1","2025-08-27 13:39:13","train"
"NH4/RedmiA1/round1/jWVFE_ngochanpham274@gmail.com_2025-08-27 13_03_37_An_RedmiA1_0.05ppm_1_1_NH4+_10.8768726_106.6781909.jpg","NH4","0.05","RedmiA1","2025-08-27 13:03:37","train"
"NH4/RedmiA1/round1/ly3yz_ngochanpham274@gmail.com_2025-08-27 13_30_22_An_RedmiA1_0.5ppm_1_5_NH4+_10.8768726_106.6781909.jpg","NH4","0.5","RedmiA1","2025-08-27 13:30:22","train"
"NH4/RedmiA1/round1/mFlI7_ngochanpham274@gmail.com_2025-08-27 13_26_39_An_RedmiA1_0.4ppm_1_4_NH4+_10.8768726_106.6781909.jpg","NH4","0.4","RedmiA1","2025-08-27 13:26:39","train"
"NH4/RedmiA1/round1/mnzQM_ngochanpham274@gmail.com_2025-08-27 12_53_33_An_RedmiA1_0.02ppm_1_1_NH4+_10.8768726_106.6781909.jpg","NH4","0.02","RedmiA1","2025-08-27 12:53:33","train"
"NH4/RedmiA1/round1/nlYmw_ngochanpham274@gmail.com_2025-08-27 13_31_07_An_RedmiA1_0.6ppm_1_1_NH4+_10.8768726_106.6781909.jpg","NH4","0.6","RedmiA1","2025-08-27 13:31:07","train"
"NH4/RedmiA1/round1/nSeRN_ngochanpham274@gmail.com_2025-08-27 12_46_27_An_RedmiA1_0.01ppm_1_2_NH4+_10.8768726_106.6781909.jpg","NH4","0.01","RedmiA1","2025-08-27 12:46:27","train"
"NH4/RedmiA1/round1/nSlPs_ngochanpham274@gmail.com_2025-08-27 13_17_23_An_RedmiA1_0.08ppm_1_4_NH4+_10.8768726_106.6781909.jpg","NH4","0.08","RedmiA1","2025-08-27 13:17:23","train"
"NH4/RedmiA1/round1/O2xOM_ngochanpham274@gmail.com_2025-08-27 13_07_03_An_RedmiA1_0.05ppm_1_4_NH4+_10.8768726_106.6781909.jpg","NH4","0.05","RedmiA1","2025-08-27 13:07:03","train"
"NH4/RedmiA1/round1/oCThr_ngochanpham274@gmail.com_2025-08-27 12_58_54_An_RedmiA1_0.02ppm_1_5_NH4+_10.8768726_106.6781909.jpg","NH4","0.02","RedmiA1","2025-08-27 12:58:54","train"
"NH4/RedmiA1/round1/p8BMd_ngochanpham274@gmail.com_2025-08-27 13_14_51_An_RedmiA1_0.08ppm_1_1_NH4+_10.8768726_106.6781909.jpg","NH4","0.08","RedmiA1","2025-08-27 13:14:51","train"
"NH4/RedmiA1/round1/pHYR2_ngochanpham274@gmail.com_2025-08-27 13_28_56_An_RedmiA1_0.5ppm_1_2_NH4+_10.8768726_106.6781909.jpg","NH4","0.5","RedmiA1","2025-08-27 13:28:56","train"
"NH4/RedmiA1/round1/qcAan_ngochanpham274@gmail.com_2025-08-27 13_19_22_An_RedmiA1_0.1ppm_1_1_NH4+_10.8768726_106.6781909.jpg","NH4","0.1","RedmiA1","2025-08-27 13:19:22","train"
"NH4/RedmiA1/round1/QKObP_ngochanpham274@gmail.com_2025-08-27 13_02_08_An_RedmiA1_0.04ppm_1_4_NH4+_10.8768726_106.6781909.jpg","NH4","0.04","RedmiA1","2025-08-27 13:02:08","train"
"NH4/RedmiA1/round1/QKZj3_ngochanpham274@gmail.com_2025-08-27 13_36_09_An_RedmiA1_0.8ppm_1_2_NH4+_10.8768682_106.6781899.jpg","NH4","0.8","RedmiA1","2025-08-27 13:36:09","train"
"NH4/RedmiA1/round1/sHoJ5_ngochanpham274@gmail.com_2025-08-27 13_31_27_An_RedmiA1_0.6ppm_1_2_NH4+_10.8768726_106.6781909.jpg","NH4","0.6","RedmiA1","2025-08-27 13:31:27","train"
"NH4/RedmiA1/round1/TAXyZ_ngochanpham274@gmail.com_2025-08-27 13_37_10_An_RedmiA1_0.8ppm_1_5_NH4+_10.8768682_106.6781899.jpg","NH4","0.8","RedmiA1","2025-08-27 13:37:10","train"
"NH4/RedmiA1/round1/tb4TJ_ngochanpham274@gmail.com_2025-08-27 13_19_54_An_RedmiA1_0.1ppm_1_2_NH4+_10.8768726_106.6781909.jpg","NH4","0.1","RedmiA1","2025-08-27 13:19:54","train"
"NH4/RedmiA1/round1/tFNDE_ngochanpham274@gmail.com_2025-08-27 13_25_52_An_RedmiA1_0.4ppm_1_3_NH4+_10.8768726_106.6781909.jpg","NH4","0.4","RedmiA1","2025-08-27 13:25:52","train"
"NH4/RedmiA1/round1/tZzsE_ngochanpham274@gmail.com_2025-08-27 13_16_06_An_RedmiA1_0.08ppm_1_2_NH4+_10.8768726_106.6781909.jpg","NH4","0.08","RedmiA1","2025-08-27 13:16:06","train"
"NH4/RedmiA1/round1/uf4ND_ngochanpham274@gmail.com_2025-08-27 13_43_31_An_RedmiA1_2ppm_1_4_NH4+_10.8768682_106.6781899.jpg","NH4","2.0","RedmiA1","2025-08-27 13:43:31","train"
"NH4/RedmiA1/round1/UJOy4_ngochanpham274@gmail.com_2025-08-27 13_22_37_An_RedmiA1_0.2ppm_1_1_NH4+_10.8768726_106.6781909.jpg","NH4","0.2","RedmiA1","2025-08-27 13:22:37","train"
"NH4/RedmiA1/round1/uSbeY_ngochanpham274@gmail.com_2025-08-27 13_38_16_An_RedmiA1_1ppm_1_1_NH4+_10.8768682_106.6781899.jpg","NH4","1.0","RedmiA1","2025-08-27 13:38:16","train"
"NH4/RedmiA1/round1/UYel4_ngochanpham274@gmail.com_2025-08-27 13_44_02_An_RedmiA1_2ppm_1_5_NH4+_10.8768682_106.6781899.jpg","NH4","2.0","RedmiA1","2025-08-27 13:44:02","train"
"NH4/RedmiA1/round1/vNX4t_ngochanpham274@gmail.com_2025-08-27 13_24_21_An_RedmiA1_0.2ppm_1_5_NH4+_10.8768726_106.6781909.jpg","NH4","0.2","RedmiA1","2025-08-27 13:24:21","train"
"NH4/RedmiA1/round1/vO2Ws_ngochanpham274@gmail.com_2025-08-27 13_24_04_An_RedmiA1_0.2ppm_1_4_NH4+_10.8768726_106.6781909.jpg","NH4","0.2","RedmiA1","2025-08-27 13:24:04","train"
"NH4/RedmiA1/round1/w8Waw_ngochanpham274@gmail.com_2025-08-27 13_05_54_An_RedmiA1_0.05ppm_1_3_NH4+_10.8768726_106.6781909.jpg","NH4","0.05","RedmiA1","2025-08-27 13:05:54","train"
"NH4/RedmiA1/round1/wadHZ_ngochanpham274@gmail.com_2025-08-27 12_56_57_An_RedmiA1_0.02ppm_1_3_NH4+_10.8768726_106.6781909.jpg","NH4","0.02","RedmiA1","2025-08-27 12:56:57","train"
"NH4/RedmiA1/round1/Wc2h0_ngochanpham274@gmail.com_2025-08-27 12_55_13_An_RedmiA1_0.02ppm_1_2_NH4+_10.8768726_106.6781909.jpg","NH4","0.02","RedmiA1","2025-08-27 12:55:13","train"
"NH4/RedmiA1/round1/WMFfo_ngochanpham274@gmail.com_2025-08-27 13_38_44_An_RedmiA1_1ppm_1_2_NH4+_10.8768682_106.6781899.jpg","NH4","1.0","RedmiA1","2025-08-27 13:38:44","train"
"NH4/RedmiA1/round1/xKfwT_ngochanpham274@gmail.com_2025-08-27 13_04_07_An_RedmiA1_0.05ppm_1_2_NH4+_10.8768726_106.6781909.jpg","NH4","0.05","RedmiA1","2025-08-27 13:04:07","train"
"NH4/RedmiA1/round1/ySa6e_ngochanpham274@gmail.com_2025-08-27 12_45_37_An_RedmiA1_0.01ppm_1_1_NH4+_10.8768726_106.6781909.jpg","NH4","0.01","RedmiA1","2025-08-27 12:45:37","train"
"NH4/RedmiA1/round1/yThkM_ngochanpham274@gmail.com_2025-08-27 13_25_06_An_RedmiA1_0.4ppm_1_1_NH4+_10.8768726_106.6781909.jpg","NH4","0.4","RedmiA1","2025-08-27 13:25:06","train"
"NH4/RedmiA1/round1/yU5WY_ngochanpham274@gmail.com_2025-08-27 13_30_02_An_RedmiA1_0.5ppm_1_4_NH4+_10.8768726_106.6781909.jpg","NH4","0.5","RedmiA1","2025-08-27 13:30:02","train"
"NH4/RedmiA1/round1/YXBDI_ngochanpham274@gmail.com_2025-08-27 13_47_37_An_RedmiA1_4ppm_1_5_NH4+_10.8768682_106.6781899.jpg","NH4","4.0","RedmiA1","2025-08-27 13:47:37","train"
"NH4/RedmiA1/round1/z7J32_ngochanpham274@gmail.com_2025-08-27 13_44_51_An_RedmiA1_4ppm_1_1_NH4+_10.8768682_106.6781899.jpg","NH4","4.0","RedmiA1","2025-08-27 13:44:51","train"
"NH4/RedmiA1/round1/zmjmp_ngochanpham274@gmail.com_2025-08-27 13_11_35_An_RedmiA1_0.06ppm_1_4_NH4+_10.8768726_106.6781909.jpg","NH4","0.06","RedmiA1","2025-08-27 13:11:35","train"
"NH4/RedmiA1/round1/Zmwst_ngochanpham274@gmail.com_2025-08-27 13_09_52_An_RedmiA1_0.06ppm_1_2_NH4+_10.8768726_106.6781909.jpg","NH4","0.06","RedmiA1","2025-08-27 13:09:52","train"
"NH4/RedmiA1/round2/0qNmE_ngochanpham274@gmail.com_2025-08-27 13_55_09_An_RedmiA1_0.02ppm_2_4_NH4+_10.8768682_106.6781899.jpg","NH4","0.02","RedmiA1","2025-08-27 13:55:09","train"
"NH4/RedmiA1/round2/0uMrt_ngochanpham274@gmail.com_2025-08-27 14_31_11_An_RedmiA1_0.6ppm_2_3_NH4+_10.8768727_106.6781939.jpg","NH4","0.6","RedmiA1","2025-08-27 14:31:11","train"
"NH4/RedmiA1/round2/15oow_ngochanpham274@gmail.com_2025-08-27 14_48_46_An_RedmiA1_4ppm_2_4_NH4+_10.8768764_106.6781953.jpg","NH4","4.0","RedmiA1","2025-08-27 14:48:46","train"
"NH4/RedmiA1/round2/190ta_ngochanpham274@gmail.com_2025-08-27 13_51_59_An_RedmiA1_0.01ppm_2_5_NH4+_10.8768682_106.6781899.jpg","NH4","0.01","RedmiA1","2025-08-27 13:51:59","train"
"NH4/RedmiA1/round2/2J7ex_ngochanpham274@gmail.com_2025-08-27 14_05_51_An_RedmiA1_0.06ppm_2_2_NH4+_10.8768682_106.6781899.jpg","NH4","0.06","RedmiA1","2025-08-27 14:05:51","train"
"NH4/RedmiA1/round2/3aD95_ngochanpham274@gmail.com_2025-08-27 14_43_32_An_RedmiA1_2ppm_2_2_NH4+_10.8768764_106.6781953.jpg","NH4","2.0","RedmiA1","2025-08-27 14:43:32","train"
"NH4/RedmiA1/round2/3W59N_ngochanpham274@gmail.com_2025-08-27 14_44_29_An_RedmiA1_2ppm_2_4_NH4+_10.8768764_106.6781953.jpg","NH4","2.0","RedmiA1","2025-08-27 14:44:29","train"
"NH4/RedmiA1/round2/4Cr5z_ngochanpham274@gmail.com_2025-08-27 13_54_30_An_RedmiA1_0.02ppm_2_3_NH4+_10.8768682_106.6781899.jpg","NH4","0.02","RedmiA1","2025-08-27 13:54:30","train"
"NH4/RedmiA1/round2/56hA4_ngochanpham274@gmail.com_2025-08-27 14_03_56_An_RedmiA1_0.05ppm_2_5_NH4+_10.8768682_106.6781899.jpg","NH4","0.05","RedmiA1","2025-08-27 14:03:56","train"
"NH4/RedmiA1/round2/5UGRQ_ngochanpham274@gmail.com_2025-08-27 14_31_49_An_RedmiA1_0.6ppm_2_4_NH4+_10.8768727_106.6781939.jpg","NH4","0.6","RedmiA1","2025-08-27 14:31:49","train"
"NH4/RedmiA1/round2/6Avdn_ngochanpham274@gmail.com_2025-08-27 14_49_32_An_RedmiA1_4ppm_2_5_NH4+_10.8768764_106.6781953.jpg","NH4","4.0","RedmiA1","2025-08-27 14:49:32","train"
"NH4/RedmiA1/round2/6I3PE_ngochanpham274@gmail.com_2025-08-27 14_44_47_An_RedmiA1_2ppm_2_5_NH4+_10.8768764_106.6781953.jpg","NH4","2.0","RedmiA1","2025-08-27 14:44:47","train"
"NH4/RedmiA1/round2/6LNqx_ngochanpham274@gmail.com_2025-08-27 14_37_31_An_RedmiA1_1ppm_2_3_NH4+_10.8768727_106.6781939.jpg","NH4","1.0","RedmiA1","2025-08-27 14:37:31","train"
"NH4/RedmiA1/round2/6mb3C_ngochanpham274@gmail.com_2025-08-27 13_59_44_An_RedmiA1_0.04ppm_2_3_NH4+_10.8768682_106.6781899.jpg","NH4","0.04","RedmiA1","2025-08-27 13:59:44","train"
"NH4/RedmiA1/round2/7UiFh_ngochanpham274@gmail.com_2025-08-27 14_24_58_An_RedmiA1_0.4ppm_2_5_NH4+_10.8768727_106.6781939.jpg","NH4","0.4","RedmiA1","2025-08-27 14:24:58","train"
"NH4/RedmiA1/round2/8cXFn_ngochanpham274@gmail.com_2025-08-27 14_02_47_An_RedmiA1_0.05ppm_2_2_NH4+_10.8768682_106.6781899.jpg","NH4","0.05","RedmiA1","2025-08-27 14:02:47","train"
"NH4/RedmiA1/round2/8ZNah_ngochanpham274@gmail.com_2025-08-27 14_41_13_An_RedmiA1_1ppm_2_4_NH4+_10.8768764_106.6781953.jpg","NH4","1.0","RedmiA1","2025-08-27 14:41:13","train"
"NH4/RedmiA1/round2/9v8Xn_ngochanpham274@gmail.com_2025-08-27 14_05_04_An_RedmiA1_0.06ppm_2_1_NH4+_10.8768682_106.6781899.jpg","NH4","0.06","RedmiA1","2025-08-27 14:05:04","train"
"NH4/RedmiA1/round2/aT8by_ngochanpham274@gmail.com_2025-08-27 14_36_24_An_RedmiA1_1ppm_2_1_NH4+_10.8768727_106.6781939.jpg","NH4","1.0","RedmiA1","2025-08-27 14:36:24","train"
"NH4/RedmiA1/round2/b3JEs_ngochanpham274@gmail.com_2025-08-27 13_49_27_An_RedmiA1_0.01ppm_2_1_NH4+_10.8768682_106.6781899.jpg","NH4","0.01","RedmiA1","2025-08-27 13:49:27","train"
"NH4/RedmiA1/round2/byTGh_ngochanpham274@gmail.com_2025-08-27 14_35_33_An_RedmiA1_0.8ppm_2_5_NH4+_10.8768727_106.6781939.jpg","NH4","0.8","RedmiA1","2025-08-27 14:35:33","train"
"NH4/RedmiA1/round2/CMk1T_ngochanpham274@gmail.com_2025-08-27 14_16_06_An_RedmiA1_0.1ppm_2_3_NH4+_10.8768682_106.6781899.jpg","NH4","0.1","RedmiA1","2025-08-27 14:16:06","train"
"NH4/RedmiA1/round2/CP5wY_ngochanpham274@gmail.com_2025-08-27 14_34_45_An_RedmiA1_0.8ppm_2_3_NH4+_10.8768727_106.6781939.jpg","NH4","0.8","RedmiA1","2025-08-27 14:34:45","train"
"NH4/RedmiA1/round2/d3dA4_ngochanpham274@gmail.com_2025-08-27 13_59_27_An_RedmiA1_0.04ppm_2_2_NH4+_10.8768682_106.6781899.jpg","NH4","0.04","RedmiA1","2025-08-27 13:59:27","train"
"NH4/RedmiA1/round2/DbCCs_ngochanpham274@gmail.com_2025-08-27 14_32_10_An_RedmiA1_0.6ppm_2_5_NH4+_10.8768727_106.6781939.jpg","NH4","0.6","RedmiA1","2025-08-27 14:32:10","train"
"NH4/RedmiA1/round2/ePOrE_ngochanpham274@gmail.com_2025-08-27 14_07_35_An_RedmiA1_0.06ppm_2_4_NH4+_10.8768682_106.6781899.jpg","NH4","0.06","RedmiA1","2025-08-27 14:07:35","train"
"NH4/RedmiA1/round2/erASq_ngochanpham274@gmail.com_2025-08-27 14_33_01_An_RedmiA1_0.8ppm_2_1_NH4+_10.8768727_106.6781939.jpg","NH4","0.8","RedmiA1","2025-08-27 14:33:01","train"
"NH4/RedmiA1/round2/eyP5I_ngochanpham274@gmail.com_2025-08-27 13_57_20_An_RedmiA1_0.04ppm_2_1_NH4+_10.8768682_106.6781899.jpg","NH4","0.04","RedmiA1","2025-08-27 13:57:20","train"
"NH4/RedmiA1/round2/FB5Ih_ngochanpham274@gmail.com_2025-08-27 14_02_13_An_RedmiA1_0.05ppm_2_1_NH4+_10.8768682_106.6781899.jpg","NH4","0.05","RedmiA1","2025-08-27 14:02:13","train"
"NH4/RedmiA1/round2/fx1Bx_ngochanpham274@gmail.com_2025-08-27 14_42_59_An_RedmiA1_2ppm_2_1_NH4+_10.8768764_106.6781953.jpg","NH4","2.0","RedmiA1","2025-08-27 14:42:59","train"
"NH4/RedmiA1/round2/G7vnu_ngochanpham274@gmail.com_2025-08-27 14_41_40_An_RedmiA1_1ppm_2_4_NH4+_10.8768764_106.6781953.jpg","NH4","1.0","RedmiA1","2025-08-27 14:41:40","train"
"NH4/RedmiA1/round2/gbs5h_ngochanpham274@gmail.com_2025-08-27 13_50_15_An_RedmiA1_0.01ppm_2_2_NH4+_10.8768682_106.6781899.jpg","NH4","0.01","RedmiA1","2025-08-27 13:50:15","train"
"NH4/RedmiA1/round2/GU6Wd_ngochanpham274@gmail.com_2025-08-27 14_20_36_An_RedmiA1_0.2ppm_2_5_NH4+_10.8768682_106.6781899.jpg","NH4","0.2","RedmiA1","2025-08-27 14:20:36","train"
"NH4/RedmiA1/round2/HjBJd_ngochanpham274@gmail.com_2025-08-27 14_11_15_An_RedmiA1_0.08ppm_2_2_NH4+_10.8768682_106.6781899.jpg","NH4","0.08","RedmiA1","2025-08-27 14:11:15","train"
"NH4/RedmiA1/round2/hPwFh_ngochanpham274@gmail.com_2025-08-27 14_03_07_An_RedmiA1_0.05ppm_2_3_NH4+_10.8768682_106.6781899.jpg","NH4","0.05","RedmiA1","2025-08-27 14:03:07","train"
"NH4/RedmiA1/round2/hsaMy_ngochanpham274@gmail.com_2025-08-27 14_17_09_An_RedmiA1_0.1ppm_2_5_NH4+_10.8768682_106.6781899.jpg","NH4","0.1","RedmiA1","2025-08-27 14:17:09","train"
"NH4/RedmiA1/round2/I0nCD_ngochanpham274@gmail.com_2025-08-27 14_44_00_An_RedmiA1_2ppm_2_3_NH4+_10.8768764_106.6781953.jpg","NH4","2.0","RedmiA1","2025-08-27 14:44:00","train"
"NH4/RedmiA1/round2/iBvhA_ngochanpham274@gmail.com_2025-08-27 14_19_57_An_RedmiA1_0.2ppm_2_4_NH4+_10.8768682_106.6781899.jpg","NH4","0.2","RedmiA1","2025-08-27 14:19:57","train"
"NH4/RedmiA1/round2/IPEsE_ngochanpham274@gmail.com_2025-08-27 14_16_43_An_RedmiA1_0.1ppm_2_4_NH4+_10.8768682_106.6781899.jpg","NH4","0.1","RedmiA1","2025-08-27 14:16:43","train"
"NH4/RedmiA1/round2/IrroD_ngochanpham274@gmail.com_2025-08-27 13_53_25_An_RedmiA1_0.02ppm_2_2_NH4+_10.8768682_106.6781899.jpg","NH4","0.02","RedmiA1","2025-08-27 13:53:25","train"
"NH4/RedmiA1/round2/J2sNf_ngochanpham274@gmail.com_2025-08-27 14_27_50_An_RedmiA1_0.5ppm_2_3_NH4+_10.8768727_106.6781939.jpg","NH4","0.5","RedmiA1","2025-08-27 14:27:50","train"
"NH4/RedmiA1/round2/JVHnG_ngochanpham274@gmail.com_2025-08-27 14_23_08_An_RedmiA1_0.4ppm_2_2_NH4+_10.8768727_106.6781939.jpg","NH4","0.4","RedmiA1","2025-08-27 14:23:08","train"
"NH4/RedmiA1/round2/KCJJK_ngochanpham274@gmail.com_2025-08-27 14_47_57_An_RedmiA1_4ppm_2_3_NH4+_10.8768764_106.6781953.jpg","NH4","4.0","RedmiA1","2025-08-27 14:47:57","train"
"NH4/RedmiA1/round2/KPjfb_ngochanpham274@gmail.com_2025-08-27 14_19_36_An_RedmiA1_0.2ppm_2_3_NH4+_10.8768682_106.6781899.jpg","NH4","0.2","RedmiA1","2025-08-27 14:19:36","train"
"NH4/RedmiA1/round2/kxjuZ_ngochanpham274@gmail.com_2025-08-27 14_12_12_An_RedmiA1_0.08ppm_2_4_NH4+_10.8768682_106.6781899.jpg","NH4","0.08","RedmiA1","2025-08-27 14:12:12","train"
"NH4/RedmiA1/round2/Lm2oe_ngochanpham274@gmail.com_2025-08-27 14_35_06_An_RedmiA1_0.8ppm_2_4_NH4+_10.8768727_106.6781939.jpg","NH4","0.8","RedmiA1","2025-08-27 14:35:06","train"
"NH4/RedmiA1/round2/M28yY_ngochanpham274@gmail.com_2025-08-27 14_26_23_An_RedmiA1_0.5ppm_2_1_NH4+_10.8768727_106.6781939.jpg","NH4","0.5","RedmiA1","2025-08-27 14:26:23","train"
"NH4/RedmiA1/round2/M8kAC_ngochanpham274@gmail.com_2025-08-27 14_30_42_An_RedmiA1_0.6ppm_2_2_NH4+_10.8768727_106.6781939.jpg","NH4","0.6","RedmiA1","2025-08-27 14:30:42","train"
"NH4/RedmiA1/round2/McPWF_ngochanpham274@gmail.com_2025-08-27 14_00_23_An_RedmiA1_0.04ppm_2_5_NH4+_10.8768682_106.6781899.jpg","NH4","0.04","RedmiA1","2025-08-27 14:00:23","train"
"NH4/RedmiA1/round2/MKAL6_ngochanpham274@gmail.com_2025-08-27 14_03_32_An_RedmiA1_0.05ppm_2_4_NH4+_10.8768682_106.6781899.jpg","NH4","0.05","RedmiA1","2025-08-27 14:03:32","train"
"NH4/RedmiA1/round2/mOEHr_ngochanpham274@gmail.com_2025-08-27 14_42_04_An_RedmiA1_1ppm_2_5_NH4+_10.8768764_106.6781953.jpg","NH4","1.0","RedmiA1","2025-08-27 14:42:04","train"
"NH4/RedmiA1/round2/N7GVP_ngochanpham274@gmail.com_2025-08-27 14_15_10_An_RedmiA1_0.1ppm_2_2_NH4+_10.8768682_106.6781899.jpg","NH4","0.1","RedmiA1","2025-08-27 14:15:10","train"
"NH4/RedmiA1/round2/o9mXK_ngochanpham274@gmail.com_2025-08-27 14_10_43_An_RedmiA1_0.08ppm_2_1_NH4+_10.8768682_106.6781899.jpg","NH4","0.08","RedmiA1","2025-08-27 14:10:43","train"
"NH4/RedmiA1/round2/oESLo_ngochanpham274@gmail.com_2025-08-27 13_52_50_An_RedmiA1_0.02ppm_2_1_NH4+_10.8768682_106.6781899.jpg","NH4","0.02","RedmiA1","2025-08-27 13:52:50","train"
"NH4/RedmiA1/round2/Onx2B_ngochanpham274@gmail.com_2025-08-27 14_22_40_An_RedmiA1_0.4ppm_2_1_NH4+_10.8768727_106.6781939.jpg","NH4","0.4","RedmiA1","2025-08-27 14:22:40","train"
"NH4/RedmiA1/round2/owTyC_ngochanpham274@gmail.com_2025-08-27 14_33_24_An_RedmiA1_0.8ppm_2_2_NH4+_10.8768727_106.6781939.jpg","NH4","0.8","RedmiA1","2025-08-27 14:33:24","train"
"NH4/RedmiA1/round2/oXP2L_ngochanpham274@gmail.com_2025-08-27 14_07_57_An_RedmiA1_0.06ppm_2_5_NH4+_10.8768682_106.6781899.jpg","NH4","0.06","RedmiA1","2025-08-27 14:07:57","train"
"NH4/RedmiA1/round2/P1qWY_ngochanpham274@gmail.com_2025-08-27 14_37_06_An_RedmiA1_1ppm_2_2_NH4+_10.8768727_106.6781939.jpg","NH4","1.0","RedmiA1","2025-08-27 14:37:06","train"
"NH4/RedmiA1/round2/pA3dr_ngochanpham274@gmail.com_2025-08-27 14_47_30_An_RedmiA1_4ppm_2_2_NH4+_10.8768764_106.6781953.jpg","NH4","4.0","RedmiA1","2025-08-27 14:47:30","train"
"NH4/RedmiA1/round2/pAIRN_ngochanpham274@gmail.com_2025-08-27 14_24_30_An_RedmiA1_0.4ppm_2_4_NH4+_10.8768727_106.6781939.jpg","NH4","0.4","RedmiA1","2025-08-27 14:24:30","train"
"NH4/RedmiA1/round2/pwmyV_ngochanpham274@gmail.com_2025-08-27 14_47_10_An_RedmiA1_4ppm_2_1_NH4+_10.8768764_106.6781953.jpg","NH4","4.0","RedmiA1","2025-08-27 14:47:10","train"
"NH4/RedmiA1/round2/QBnIK_ngochanpham274@gmail.com_2025-08-27 14_28_26_An_RedmiA1_0.5ppm_2_4_NH4+_10.8768727_106.6781939.jpg","NH4","0.5","RedmiA1","2025-08-27 14:28:26","train"
"NH4/RedmiA1/round2/qU4vI_ngochanpham274@gmail.com_2025-08-27 14_18_07_An_RedmiA1_0.2ppm_2_1_NH4+_10.8768682_106.6781899.jpg","NH4","0.2","RedmiA1","2025-08-27 14:18:07","train"
"NH4/RedmiA1/round2/Rlq6T_ngochanpham274@gmail.com_2025-08-27 13_51_36_An_RedmiA1_0.01ppm_2_4_NH4+_10.8768682_106.6781899.jpg","NH4","0.01","RedmiA1","2025-08-27 13:51:36","train"
"NH4/RedmiA1/round2/sAhZL_ngochanpham274@gmail.com_2025-08-27 13_50_59_An_RedmiA1_0.01ppm_2_3_NH4+_10.8768682_106.6781899.jpg","NH4","0.01","RedmiA1","2025-08-27 13:50:59","train"
"NH4/RedmiA1/round2/tk4WL_ngochanpham274@gmail.com_2025-08-27 14_28_49_An_RedmiA1_0.5ppm_2_5_NH4+_10.8768727_106.6781939.jpg","NH4","0.5","RedmiA1","2025-08-27 14:28:49","train"
"NH4/RedmiA1/round2/tTEJD_ngochanpham274@gmail.com_2025-08-27 14_27_27_An_RedmiA1_0.5ppm_2_2_NH4+_10.8768727_106.6781939.jpg","NH4","0.5","RedmiA1","2025-08-27 14:27:27","train"
"NH4/RedmiA1/round2/UZFcg_ngochanpham274@gmail.com_2025-08-27 14_23_37_An_RedmiA1_0.4ppm_2_3_NH4+_10.8768727_106.6781939.jpg","NH4","0.4","RedmiA1","2025-08-27 14:23:37","train"
"NH4/RedmiA1/round2/V1bKE_ngochanpham274@gmail.com_2025-08-27 14_00_01_An_RedmiA1_0.04ppm_2_4_NH4+_10.8768682_106.6781899.jpg","NH4","0.04","RedmiA1","2025-08-27 14:00:01","train"
"NH4/RedmiA1/round2/vByHk_ngochanpham274@gmail.com_2025-08-27 14_06_29_An_RedmiA1_0.06ppm_2_3_NH4+_10.8768682_106.6781899.jpg","NH4","0.06","RedmiA1","2025-08-27 14:06:29","train"
"NH4/RedmiA1/round2/wjHgu_ngochanpham274@gmail.com_2025-08-27 14_11_45_An_RedmiA1_0.08ppm_2_3_NH4+_10.8768682_106.6781899.jpg","NH4","0.08","RedmiA1","2025-08-27 14:11:45","train"
"NH4/RedmiA1/round2/Xeo70_ngochanpham274@gmail.com_2025-08-27 14_29_54_An_RedmiA1_0.6ppm_2_1_NH4+_10.8768727_106.6781939.jpg","NH4","0.6","RedmiA1","2025-08-27 14:29:54","train"
"NH4/RedmiA1/round2/xI4Je_ngochanpham274@gmail.com_2025-08-27 13_55_55_An_RedmiA1_0.02ppm_2_5_NH4+_10.8768682_106.6781899.jpg","NH4","0.02","RedmiA1","2025-08-27 13:55:55","train"
"NH4/RedmiA1/round2/yhejc_ngochanpham274@gmail.com_2025-08-27 14_18_53_An_RedmiA1_0.2ppm_2_2_NH4+_10.8768682_106.6781899.jpg","NH4","0.2","RedmiA1","2025-08-27 14:18:53","train"
"NH4/RedmiA1/round2/YjAOd_ngochanpham274@gmail.com_2025-08-27 14_13_49_An_RedmiA1_0.08ppm_2_5_NH4+_10.8768682_106.6781899.jpg","NH4","0.08","RedmiA1","2025-08-27 14:13:49","train"
"NH4/RedmiA1/round3/01e3s_ngochanpham274@gmail.com_2025-08-27 17_40_59_An_RedmiA1_0.02ppm_3_3_NH4+_10.8768717_106.6781937.jpg","NH4","0.02","RedmiA1","2025-08-27 17:40:59","train"
"NH4/RedmiA1/round3/0QL8M_ngochanpham274@gmail.com_2025-08-27 17_45_13_An_RedmiA1_0.05ppm_3_3_NH4+_10.8768717_106.6781937.jpg","NH4","0.05","RedmiA1","2025-08-27 17:45:13","train"
"NH4/RedmiA1/round3/0Y1EZ_ngochanpham274@gmail.com_2025-08-27 17_42_29_An_RedmiA1_0.04ppm_3_2_NH4+_10.8768717_106.6781937.jpg","NH4","0.04","RedmiA1","2025-08-27 17:42:29","train"
"NH4/RedmiA1/round3/18apF_ngochanpham274@gmail.com_2025-08-27 17_54_58_An_RedmiA1_0.4ppm_3_1_NH4+_10.8768717_106.6781937.jpg","NH4","0.4","RedmiA1","2025-08-27 17:54:58","train"
"NH4/RedmiA1/round3/1n67G_ngochanpham274@gmail.com_2025-08-27 17_40_33_An_RedmiA1_0.02ppm_3_2_NH4+_10.8768717_106.6781937.jpg","NH4","0.02","RedmiA1","2025-08-27 17:40:33","train"
"NH4/RedmiA1/round3/5L1CC_ngochanpham274@gmail.com_2025-08-27 18_01_12_An_RedmiA1_0.6ppm_3_4_NH4+_10.8768717_106.6781937.jpg","NH4","0.6","RedmiA1","2025-08-27 18:01:12","train"
"NH4/RedmiA1/round3/5nB9U_ngochanpham274@gmail.com_2025-08-27 17_49_10_An_RedmiA1_0.08ppm_3_3_NH4+_10.8768717_106.6781937.jpg","NH4","0.08","RedmiA1","2025-08-27 17:49:10","train"
"NH4/RedmiA1/round3/6DlhB_ngochanpham274@gmail.com_2025-08-27 17_47_41_An_RedmiA1_0.06ppm_3_4_NH4+_10.8768717_106.6781937.jpg","NH4","0.06","RedmiA1","2025-08-27 17:47:41","train"
"NH4/RedmiA1/round3/6uw6H_ngochanpham274@gmail.com_2025-08-27 17_43_00_An_RedmiA1_0.04ppm_3_3_NH4+_10.8768717_106.6781937.jpg","NH4","0.04","RedmiA1","2025-08-27 17:43:00","train"
"NH4/RedmiA1/round3/7DLf8_ngochanpham274@gmail.com_2025-08-27 18_27_06_An_RedmiA1_2ppm_3_4_NH4+_10.8768669_106.6781922.jpg","NH4","2.0","RedmiA1","2025-08-27 18:27:06","train"
"NH4/RedmiA1/round3/7iBFR_ngochanpham274@gmail.com_2025-08-27 18_16_57_An_RedmiA1_1ppm_3_3_NH4+_10.8768669_106.6781922.jpg","NH4","1.0","RedmiA1","2025-08-27 18:16:57","train"
"NH4/RedmiA1/round3/8tKXF_ngochanpham274@gmail.com_2025-08-27 17_51_21_An_RedmiA1_0.1ppm_3_4_NH4+_10.8768717_106.6781937.jpg","NH4","0.1","RedmiA1","2025-08-27 17:51:21","train"
"NH4/RedmiA1/round3/9U5pK_ngochanpham274@gmail.com_2025-08-27 17_42_10_An_RedmiA1_0.04ppm_3_1_NH4+_10.8768717_106.6781937.jpg","NH4","0.04","RedmiA1","2025-08-27 17:42:10","train"
"NH4/RedmiA1/round3/9UzXm_ngochanpham274@gmail.com_2025-08-27 18_25_18_An_RedmiA1_2ppm_3_3_NH4+_10.8768669_106.6781922.jpg","NH4","2.0","RedmiA1","2025-08-27 18:25:18","train"
"NH4/RedmiA1/round3/AqyRC_ngochanpham274@gmail.com_2025-08-27 17_48_00_An_RedmiA1_0.06ppm_3_5_NH4+_10.8768717_106.6781937.jpg","NH4","0.06","RedmiA1","2025-08-27 17:48:00","train"
"NH4/RedmiA1/round3/b2A3n_ngochanpham274@gmail.com_2025-08-27 18_24_54_An_RedmiA1_2ppm_3_2_NH4+_10.8768669_106.6781922.jpg","NH4","2.0","RedmiA1","2025-08-27 18:24:54","train"
"NH4/RedmiA1/round3/b99sa_ngochanpham274@gmail.com_2025-08-27 17_55_40_An_RedmiA1_0.4ppm_3_3_NH4+_10.8768717_106.6781937.jpg","NH4","0.4","RedmiA1","2025-08-27 17:55:40","train"
"NH4/RedmiA1/round3/bI5QW_ngochanpham274@gmail.com_2025-08-27 18_19_54_An_RedmiA1_2ppm_3_1_NH4+_10.8768669_106.6781922.jpg","NH4","2.0","RedmiA1","2025-08-27 18:19:54","train"
"NH4/RedmiA1/round3/CflPp_ngochanpham274@gmail.com_2025-08-27 17_56_21_An_RedmiA1_0.4ppm_3_5_NH4+_10.8768717_106.6781937.jpg","NH4","0.4","RedmiA1","2025-08-27 17:56:21","train"
"NH4/RedmiA1/round3/CgXD2_ngochanpham274@gmail.com_2025-08-27 17_40_15_An_RedmiA1_0.02ppm_3_1_NH4+_10.8768717_106.6781937.jpg","NH4","0.02","RedmiA1","2025-08-27 17:40:15","train"
"NH4/RedmiA1/round3/D8x3H_ngochanpham274@gmail.com_2025-08-27 18_15_15_An_RedmiA1_1ppm_3_1_NH4+_10.8768717_106.6781937.jpg","NH4","1.0","RedmiA1","2025-08-27 18:15:15","train"
"NH4/RedmiA1/round3/DCBMe_ngochanpham274@gmail.com_2025-08-27 17_49_30_An_RedmiA1_0.08ppm_3_4_NH4+_10.8768717_106.6781937.jpg","NH4","0.08","RedmiA1","2025-08-27 17:49:30","train"
"NH4/RedmiA1/round3/ddJLR_ngochanpham274@gmail.com_2025-08-27 17_58_31_An_RedmiA1_0.5ppm_3_4_NH4+_10.8768717_106.6781937.jpg","NH4","0.5","RedmiA1","2025-08-27 17:58:31","train"
"NH4/RedmiA1/round3/EeAKR_ngochanpham274@gmail.com_2025-08-27 17_53_13_An_RedmiA1_0.2ppm_3_3_NH4+_10.8768717_106.6781937.jpg","NH4","0.2","RedmiA1","2025-08-27 17:53:13","train"
"NH4/RedmiA1/round3/eU2tB_ngochanpham274@gmail.com_2025-08-27 17_44_41_An_RedmiA1_0.05ppm_3_2_NH4+_10.8768717_106.6781937.jpg","NH4","0.05","RedmiA1","2025-08-27 17:44:41","train"
"NH4/RedmiA1/round3/F4v3z_ngochanpham274@gmail.com_2025-08-27 17_52_55_An_RedmiA1_0.2ppm_3_2_NH4+_10.8768717_106.6781937.jpg","NH4","0.2","RedmiA1","2025-08-27 17:52:55","train"
"NH4/RedmiA1/round3/fDT7C_ngochanpham274@gmail.com_2025-08-27 17_41_18_An_RedmiA1_0.02ppm_3_4_NH4+_10.8768717_106.6781937.jpg","NH4","0.02","RedmiA1","2025-08-27 17:41:18","train"
"NH4/RedmiA1/round3/FupwV_ngochanpham274@gmail.com_2025-08-27 18_41_15_An_RedmiA1_4ppm_3_4_NH4+_10.8768669_106.6781922.jpg","NH4","4.0","RedmiA1","2025-08-27 18:41:15","train"
"NH4/RedmiA1/round3/hcOHj_ngochanpham274@gmail.com_2025-08-27 17_50_45_An_RedmiA1_0.1ppm_3_2_NH4+_10.8768717_106.6781937.jpg","NH4","0.1","RedmiA1","2025-08-27 17:50:45","train"
"NH4/RedmiA1/round3/IjQlI_ngochanpham274@gmail.com_2025-08-27 17_41_35_An_RedmiA1_0.02ppm_3_5_NH4+_10.8768717_106.6781937.jpg","NH4","0.02","RedmiA1","2025-08-27 17:41:35","train"
"NH4/RedmiA1/round3/iVB29_ngochanpham274@gmail.com_2025-08-27 17_49_55_An_RedmiA1_0.08ppm_3_5_NH4+_10.8768717_106.6781937.jpg","NH4","0.08","RedmiA1","2025-08-27 17:49:55","train"
"NH4/RedmiA1/round3/jAILz_ngochanpham274@gmail.com_2025-08-27 18_05_14_An_RedmiA1_0.8ppm_3_4_NH4+_10.8768717_106.6781937.jpg","NH4","0.8","RedmiA1","2025-08-27 18:05:14","train"
"NH4/RedmiA1/round3/jGhFG_ngochanpham274@gmail.com_2025-08-27 18_01_40_An_RedmiA1_0.6ppm_3_5_NH4+_10.8768717_106.6781937.jpg","NH4","0.6","RedmiA1","2025-08-27 18:01:40","train"
"NH4/RedmiA1/round3/KmPej_ngochanpham274@gmail.com_2025-08-27 18_02_48_An_RedmiA1_0.8ppm_3_1_NH4+_10.8768717_106.6781937.jpg","NH4","0.8","RedmiA1","2025-08-27 18:02:48","train"
"NH4/RedmiA1/round3/lJts4_ngochanpham274@gmail.com_2025-08-27 17_57_29_An_RedmiA1_0.5ppm_3_2_NH4+_10.8768717_106.6781937.jpg","NH4","0.5","RedmiA1","2025-08-27 17:57:29","train"
"NH4/RedmiA1/round3/lQBTE_ngochanpham274@gmail.com_2025-08-27 18_39_37_An_RedmiA1_4ppm_3_3_NH4+_10.8768669_106.6781922.jpg","NH4","4.0","RedmiA1","2025-08-27 18:39:37","train"
"NH4/RedmiA1/round3/LSOhM_ngochanpham274@gmail.com_2025-08-27 17_58_48_An_RedmiA1_0.5ppm_3_5_NH4+_10.8768717_106.6781937.jpg","NH4","0.5","RedmiA1","2025-08-27 17:58:48","train"
"NH4/RedmiA1/round3/lUwY7_ngochanpham274@gmail.com_2025-08-27 18_37_42_An_RedmiA1_4ppm_3_2_NH4+_10.8768669_106.6781922.jpg","NH4","4.0","RedmiA1","2025-08-27 18:37:42","train"
"NH4/RedmiA1/round3/MPO59_ngochanpham274@gmail.com_2025-08-27 17_53_29_An_RedmiA1_0.2ppm_3_4_NH4+_10.8768717_106.6781937.jpg","NH4","0.2","RedmiA1","2025-08-27 17:53:29","train"
"NH4/RedmiA1/round3/nDl0w_ngochanpham274@gmail.com_2025-08-27 18_05_46_An_RedmiA1_0.8ppm_3_5_NH4+_10.8768717_106.6781937.jpg","NH4","0.8","RedmiA1","2025-08-27 18:05:46","train"
"NH4/RedmiA1/round3/NhB20_ngochanpham274@gmail.com_2025-08-27 17_54_16_An_RedmiA1_0.2ppm_3_5_NH4+_10.8768717_106.6781937.jpg","NH4","0.2","RedmiA1","2025-08-27 17:54:16","train"
"NH4/RedmiA1/round3/nkCfC_ngochanpham274@gmail.com_2025-08-27 18_00_45_An_RedmiA1_0.6ppm_3_3_NH4+_10.8768717_106.6781937.jpg","NH4","0.6","RedmiA1","2025-08-27 18:00:45","train"
"NH4/RedmiA1/round3/nqN0I_ngochanpham274@gmail.com_2025-08-27 17_46_02_An_RedmiA1_0.05ppm_3_5_NH4+_10.8768717_106.6781937.jpg","NH4","0.05","RedmiA1","2025-08-27 17:46:02","train"
"NH4/RedmiA1/round3/nUXhR_ngochanpham274@gmail.com_2025-08-27 18_00_11_An_RedmiA1_0.6ppm_3_2_NH4+_10.8768717_106.6781937.jpg","NH4","0.6","RedmiA1","2025-08-27 18:00:11","train"
"NH4/RedmiA1/round3/oJKV5_ngochanpham274@gmail.com_2025-08-27 18_03_37_An_RedmiA1_0.8ppm_3_2_NH4+_10.8768717_106.6781937.jpg","NH4","0.8","RedmiA1","2025-08-27 18:03:37","train"
"NH4/RedmiA1/round3/ojRYT_ngochanpham274@gmail.com_2025-08-27 17_38_25_An_RedmiA1_0.01ppm_3_4_NH4+_10.8768717_106.6781937.jpg","NH4","0.01","RedmiA1","2025-08-27 17:38:25","train"
"NH4/RedmiA1/round3/Ow0z5_ngochanpham274@gmail.com_2025-08-27 17_43_46_An_RedmiA1_0.04ppm_3_5_NH4+_10.8768717_106.6781937.jpg","NH4","0.04","RedmiA1","2025-08-27 17:43:46","train"
"NH4/RedmiA1/round3/peCSi_ngochanpham274@gmail.com_2025-08-27 18_28_59_An_RedmiA1_2ppm_3_5_NH4+_10.8768669_106.6781922.jpg","NH4","2.0","RedmiA1","2025-08-27 18:28:59","train"
"NH4/RedmiA1/round3/Plz9C_ngochanpham274@gmail.com_2025-08-27 17_56_03_An_RedmiA1_0.4ppm_3_4_NH4+_10.8768717_106.6781937.jpg","NH4","0.4","RedmiA1","2025-08-27 17:56:03","train"
"NH4/RedmiA1/round3/PyAOg_ngochanpham274@gmail.com_2025-08-27 17_37_28_An_RedmiA1_0.01ppm_3_2_NH4+_10.8768717_106.6781937.jpg","NH4","0.01","RedmiA1","2025-08-27 17:37:28","train"
"NH4/RedmiA1/round3/qugpq_ngochanpham274@gmail.com_2025-08-27 17_51_01_An_RedmiA1_0.1ppm_3_3_NH4+_10.8768717_106.6781937.jpg","NH4","0.1","RedmiA1","2025-08-27 17:51:01","train"
"NH4/RedmiA1/round3/RjbMR_ngochanpham274@gmail.com_2025-08-27 17_50_27_An_RedmiA1_0.1ppm_3_1_NH4+_10.8768717_106.6781937.jpg","NH4","0.1","RedmiA1","2025-08-27 17:50:27","train"
"NH4/RedmiA1/round3/RlKav_ngochanpham274@gmail.com_2025-08-27 18_17_34_An_RedmiA1_1ppm_3_4_NH4+_10.8768669_106.6781922.jpg","NH4","1.0","RedmiA1","2025-08-27 18:17:34","train"
"NH4/RedmiA1/round3/S8zUG_ngochanpham274@gmail.com_2025-08-27 17_43_28_An_RedmiA1_0.04ppm_3_4_NH4+_10.8768717_106.6781937.jpg","NH4","0.04","RedmiA1","2025-08-27 17:43:28","train"
"NH4/RedmiA1/round3/sE0pz_ngochanpham274@gmail.com_2025-08-27 17_39_00_An_RedmiA1_0.01ppm_3_1_NH4+_10.8768717_106.6781937.jpg","NH4","0.01","RedmiA1","2025-08-27 17:39:00","train"
"NH4/RedmiA1/round3/SM3Z2_ngochanpham274@gmail.com_2025-08-27 17_46_53_An_RedmiA1_0.06ppm_3_2_NH4+_10.8768717_106.6781937.jpg","NH4","0.06","RedmiA1","2025-08-27 17:46:53","train"
"NH4/RedmiA1/round3/sSNqs_ngochanpham274@gmail.com_2025-08-27 17_39_26_An_RedmiA1_0.01ppm_3_5_NH4+_10.8768717_106.6781937.jpg","NH4","0.01","RedmiA1","2025-08-27 17:39:26","train"
"NH4/RedmiA1/round3/tdd4R_ngochanpham274@gmail.com_2025-08-27 18_36_55_An_RedmiA1_4ppm_3_1_NH4+_10.8768669_106.6781922.jpg","NH4","4.0","RedmiA1","2025-08-27 18:36:55","train"
"NH4/RedmiA1/round3/tEKh6_ngochanpham274@gmail.com_2025-08-27 17_57_04_An_RedmiA1_0.5ppm_3_1_NH4+_10.8768717_106.6781937.jpg","NH4","0.5","RedmiA1","2025-08-27 17:57:04","train"
"NH4/RedmiA1/round3/teQYG_ngochanpham274@gmail.com_2025-08-27 17_46_34_An_RedmiA1_0.06ppm_3_1_NH4+_10.8768717_106.6781937.jpg","NH4","0.06","RedmiA1","2025-08-27 17:46:34","train"
"NH4/RedmiA1/round3/tnKhT_ngochanpham274@gmail.com_2025-08-27 17_37_46_An_RedmiA1_0.01ppm_3_3_NH4+_10.8768717_106.6781937.jpg","NH4","0.01","RedmiA1","2025-08-27 17:37:46","train"
"NH4/RedmiA1/round3/u6UpB_ngochanpham274@gmail.com_2025-08-27 17_47_22_An_RedmiA1_0.06ppm_3_3_NH4+_10.8768717_106.6781937.jpg","NH4","0.06","RedmiA1","2025-08-27 17:47:22","train"
"NH4/RedmiA1/round3/V3Iud_ngochanpham274@gmail.com_2025-08-27 17_44_19_An_RedmiA1_0.05ppm_3_1_NH4+_10.8768717_106.6781937.jpg","NH4","0.05","RedmiA1","2025-08-27 17:44:19","train"
"NH4/RedmiA1/round3/vbV4B_ngochanpham274@gmail.com_2025-08-27 18_03_55_An_RedmiA1_0.8ppm_3_3_NH4+_10.8768717_106.6781937.jpg","NH4","0.8","RedmiA1","2025-08-27 18:03:55","train"
"NH4/RedmiA1/round3/vtrcc_ngochanpham274@gmail.com_2025-08-27 17_48_42_An_RedmiA1_0.08ppm_3_2_NH4+_10.8768717_106.6781937.jpg","NH4","0.08","RedmiA1","2025-08-27 17:48:42","train"
"NH4/RedmiA1/round3/wcTpT_ngochanpham274@gmail.com_2025-08-27 17_58_03_An_RedmiA1_0.5ppm_3_3_NH4+_10.8768717_106.6781937.jpg","NH4","0.5","RedmiA1","2025-08-27 17:58:03","train"
"NH4/RedmiA1/round3/WgMpk_ngochanpham274@gmail.com_2025-08-27 17_45_39_An_RedmiA1_0.05ppm_3_4_NH4+_10.8768717_106.6781937.jpg","NH4","0.05","RedmiA1","2025-08-27 17:45:39","train"
"NH4/RedmiA1/round3/wrGo5_ngochanpham274@gmail.com_2025-08-27 18_15_42_An_RedmiA1_1ppm_3_2_NH4+_10.8768717_106.6781937.jpg","NH4","1.0","RedmiA1","2025-08-27 18:15:42","train"
"NH4/RedmiA1/round3/WXrZI_ngochanpham274@gmail.com_2025-08-27 17_48_21_An_RedmiA1_0.08ppm_3_1_NH4+_10.8768717_106.6781937.jpg","NH4","0.08","RedmiA1","2025-08-27 17:48:21","train"
"NH4/RedmiA1/round3/X0YBg_ngochanpham274@gmail.com_2025-08-27 17_59_26_An_RedmiA1_0.6ppm_3_1_NH4+_10.8768717_106.6781937.jpg","NH4","0.6","RedmiA1","2025-08-27 17:59:26","train"
"NH4/RedmiA1/round3/xes2x_ngochanpham274@gmail.com_2025-08-27 18_43_09_An_RedmiA1_4ppm_3_5_NH4+_10.8768669_106.6781922.jpg","NH4","4.0","RedmiA1","2025-08-27 18:43:09","train"
"NH4/RedmiA1/round3/XgIBc_ngochanpham274@gmail.com_2025-08-27 18_19_02_An_RedmiA1_1ppm_3_5_NH4+_10.8768669_106.6781922.jpg","NH4","1.0","RedmiA1","2025-08-27 18:19:02","train"
"NH4/RedmiA1/round3/xuooU_ngochanpham274@gmail.com_2025-08-27 17_52_02_An_RedmiA1_0.1ppm_3_5_NH4+_10.8768717_106.6781937.jpg","NH4","0.1","RedmiA1","2025-08-27 17:52:02","train"
"NH4/RedmiA1/round3/zdSPN_ngochanpham274@gmail.com_2025-08-27 17_55_18_An_RedmiA1_0.4ppm_3_2_NH4+_10.8768717_106.6781937.jpg","NH4","0.4","RedmiA1","2025-08-27 17:55:18","train"
"NH4/RedmiA1/round3/Zeuaa_ngochanpham274@gmail.com_2025-08-27 17_52_37_An_RedmiA1_0.2ppm_3_1_NH4+_10.8768717_106.6781937.jpg","NH4","0.2","RedmiA1","2025-08-27 17:52:37","train"
"NH4/SamsungS20/round1/11Dnu_ngochanpham274@gmail.com_2025-08-26 15_04_25_An_SamsungS20_0.02ppm_1_5_NH4+_10.8768622_106.6781988.jpg","NH4","0.02","SamsungS20","2025-08-26 15:04:25","train"
"NH4/SamsungS20/round1/1OEqa_ngochanpham274@gmail.com_2025-08-26 15_13_25_An_SamsungS20_0.06ppm_1_4_NH4+_10.8768622_106.6781988.jpg","NH4","0.06","SamsungS20","2025-08-26 15:13:25","train"
"NH4/SamsungS20/round1/1v8wv_ngochanpham274@gmail.com_2025-08-26 15_20_25_An_SamsungS20_0.1ppm_1_4_NH4+_10.8768652_106.6781956.jpg","NH4","0.1","SamsungS20","2025-08-26 15:20:25","train"
"NH4/SamsungS20/round1/2jlUj_ngochanpham274@gmail.com_2025-08-26 15_15_31_An_SamsungS20_0.08ppm_1_3_NH4+_10.8768622_106.6781988.jpg","NH4","0.08","SamsungS20","2025-08-26 15:15:31","train"
"NH4/SamsungS20/round1/2wOHw_ngochanpham274@gmail.com_2025-08-26 15_06_12_An_SamsungS20_0.04ppm_1_2_NH4+_10.8768622_106.6781988.jpg","NH4","0.04","SamsungS20","2025-08-26 15:06:12","train"
"NH4/SamsungS20/round1/4aiUC_ngochanpham274@gmail.com_2025-08-26 15_11_36_An_SamsungS20_0.06ppm_1_2_NH4+_10.8768622_106.6781988.jpg","NH4","0.06","SamsungS20","2025-08-26 15:11:36","train"
"NH4/SamsungS20/round1/5P7EO_ngochanpham274@gmail.com_2025-08-26 15_14_53_An_SamsungS20_0.08ppm_1_1_NH4+_10.8768622_106.6781988.jpg","NH4","0.08","SamsungS20","2025-08-26 15:14:53","train"
"NH4/SamsungS20/round1/5pwcl_ngochanpham274@gmail.com_2025-08-26 15_39_12_An_SamsungS20_2ppm_1_4_NH4+_10.8768654_106.6781994.jpg","NH4","2.0","SamsungS20","2025-08-26 15:39:12","train"
"NH4/SamsungS20/round1/6JDpe_ngochanpham274@gmail.com_2025-08-26 15_12_59_An_SamsungS20_0.06ppm_1_3_NH4+_10.8768622_106.6781988.jpg","NH4","0.06","SamsungS20","2025-08-26 15:12:59","train"
"NH4/SamsungS20/round1/6kQR9_ngochanpham274@gmail.com_2025-08-26 15_25_55_An_SamsungS20_0.4ppm_1_3_NH4+_10.8768652_106.6781956.jpg","NH4","0.4","SamsungS20","2025-08-26 15:25:55","train"
"NH4/SamsungS20/round1/6u9Md_ngochanpham274@gmail.com_2025-08-26 15_32_21_An_SamsungS20_0.8ppm_1_1_NH4+_10.8768724_106.6781947.jpg","NH4","0.8","SamsungS20","2025-08-26 15:32:21","train"
"NH4/SamsungS20/round1/7QjVE_ngochanpham274@gmail.com_2025-08-26 15_18_58_An_SamsungS20_0.1ppm_1_3_NH4+_10.8768622_106.6781988.jpg","NH4","0.1","SamsungS20","2025-08-26 15:18:58","train"
"NH4/SamsungS20/round1/80Ape_ngochanpham274@gmail.com_2025-08-26 15_25_36_An_SamsungS20_0.4ppm_1_2_NH4+_10.8768652_106.6781956.jpg","NH4","0.4","SamsungS20","2025-08-26 15:25:36","train"
"NH4/SamsungS20/round1/8MSb5_ngochanpham274@gmail.com_2025-08-26 15_36_52_An_SamsungS20_1ppm_1_4_NH4+_10.8768654_106.6781994.jpg","NH4","1.0","SamsungS20","2025-08-26 15:36:52","train"
"NH4/SamsungS20/round1/AbvL6_ngochanpham274@gmail.com_2025-08-26 15_06_57_An_SamsungS20_0.04ppm_1_4_NH4+_10.8768622_106.6781988.jpg","NH4","0.04","SamsungS20","2025-08-26 15:06:57","train"
"NH4/SamsungS20/round1/aDtr9_ngochanpham274@gmail.com_2025-08-26 15_26_16_An_SamsungS20_0.4ppm_1_4_NH4+_10.8768652_106.6781956.jpg","NH4","0.4","SamsungS20","2025-08-26 15:26:16","train"
"NH4/SamsungS20/round1/baMWD_ngochanpham274@gmail.com_2025-08-26 15_23_49_An_SamsungS20_0.2ppm_1_4_NH4+_10.8768652_106.6781956.jpg","NH4","0.2","SamsungS20","2025-08-26 15:23:49","train"
"NH4/SamsungS20/round1/c85xl_ngochanpham274@gmail.com_2025-08-26 15_38_31_An_SamsungS20_2ppm_1_2_NH4+_10.8768654_106.6781994.jpg","NH4","2.0","SamsungS20","2025-08-26 15:38:31","train"
"NH4/SamsungS20/round1/ceBxz_ngochanpham274@gmail.com_2025-08-26 15_28_04_An_SamsungS20_0.5ppm_1_1_NH4+_10.8768652_106.6781956.jpg","NH4","0.5","SamsungS20","2025-08-26 15:28:04","train"
"NH4/SamsungS20/round1/cvf24_ngochanpham274@gmail.com_2025-08-26 15_03_49_An_SamsungS20_0.02ppm_1_3_NH4+_10.8768622_106.6781988.jpg","NH4","0.02","SamsungS20","2025-08-26 15:03:49","train"
"NH4/SamsungS20/round1/DAuMa_ngochanpham274@gmail.com_2025-08-26 15_24_08_An_SamsungS20_0.2ppm_1_5_NH4+_10.8768652_106.6781956.jpg","NH4","0.2","SamsungS20","2025-08-26 15:24:08","train"
"NH4/SamsungS20/round1/DhyBm_ngochanpham274@gmail.com_2025-08-26 15_00_13_An_SamsungS20_0.01ppm_1_3_NH4+_10.8768622_106.6781988.jpg","NH4","0.01","SamsungS20","2025-08-26 15:00:13","train"
"NH4/SamsungS20/round1/DKcK2_ngochanpham274@gmail.com_2025-08-26 15_02_25_An_SamsungS20_0.02ppm_1_1_NH4+_10.8768622_106.6781988.jpg","NH4","0.02","SamsungS20","2025-08-26 15:02:25","train"
"NH4/SamsungS20/round1/dNd6L_ngochanpham274@gmail.com_2025-08-26 15_38_51_An_SamsungS20_2ppm_1_3_NH4+_10.8768654_106.6781994.jpg","NH4","2.0","SamsungS20","2025-08-26 15:38:51","train"
"NH4/SamsungS20/round1/dRO14_ngochanpham274@gmail.com_2025-08-26 15_31_26_An_SamsungS20_0.6ppm_1_5_NH4+_10.8768652_106.6781956.jpg","NH4","0.6","SamsungS20","2025-08-26 15:31:26","train"
"NH4/SamsungS20/round1/FAS1p_ngochanpham274@gmail.com_2025-08-26 15_02_49_An_SamsungS20_0.02ppm_1_2_NH4+_10.8768622_106.6781988.jpg","NH4","0.02","SamsungS20","2025-08-26 15:02:49","train"
"NH4/SamsungS20/round1/FKyMN_ngochanpham274@gmail.com_2025-08-26 15_27_07_An_SamsungS20_0.4ppm_1_5_NH4+_10.8768652_106.6781956.jpg","NH4","0.4","SamsungS20","2025-08-26 15:27:07","train"
"NH4/SamsungS20/round1/g09D1_ngochanpham274@gmail.com_2025-08-26 15_32_58_An_SamsungS20_0.8ppm_1_3_NH4+_10.8768724_106.6781947.jpg","NH4","0.8","SamsungS20","2025-08-26 15:32:58","train"
"NH4/SamsungS20/round1/gJbU7_ngochanpham274@gmail.com_2025-08-26 15_00_45_An_SamsungS20_0.01ppm_1_1_NH4+_10.8768622_106.6781988.jpg","NH4","0.01","SamsungS20","2025-08-26 15:00:45","train"
"NH4/SamsungS20/round1/gNJJs_ngochanpham274@gmail.com_2025-08-26 15_30_14_An_SamsungS20_0.6ppm_1_1_NH4+_10.8768652_106.6781956.jpg","NH4","0.6","SamsungS20","2025-08-26 15:30:14","train"
"NH4/SamsungS20/round1/hHKlS_ngochanpham274@gmail.com_2025-08-26 15_09_23_An_SamsungS20_0.05ppm_1_3_NH4+_10.8768622_106.6781988.jpg","NH4","0.05","SamsungS20","2025-08-26 15:09:23","train"
"NH4/SamsungS20/round1/HSUs6_ngochanpham274@gmail.com_2025-08-26 15_40_24_An_SamsungS20_4ppm_1_1_NH4+_10.8768654_106.6781994.jpg","NH4","4.0","SamsungS20","2025-08-26 15:40:24","train"
"NH4/SamsungS20/round1/Ibid2_ngochanpham274@gmail.com_2025-08-26 15_32_40_An_SamsungS20_0.8ppm_1_2_NH4+_10.8768724_106.6781947.jpg","NH4","0.8","SamsungS20","2025-08-26 15:32:40","train"
"NH4/SamsungS20/round1/isAgm_ngochanpham274@gmail.com_2025-08-26 15_01_10_An_SamsungS20_0.01ppm_1_4_NH4+_10.8768622_106.6781988.jpg","NH4","0.01","SamsungS20","2025-08-26 15:01:10","train"
"NH4/SamsungS20/round1/jcYyc_ngochanpham274@gmail.com_2025-08-26 15_30_31_An_SamsungS20_0.6ppm_1_2_NH4+_10.8768652_106.6781956.jpg","NH4","0.6","SamsungS20","2025-08-26 15:30:31","train"
"NH4/SamsungS20/round1/JRWRx_ngochanpham274@gmail.com_2025-08-26 15_16_35_An_SamsungS20_0.08ppm_1_5_NH4+_10.8768622_106.6781988.jpg","NH4","0.08","SamsungS20","2025-08-26 15:16:35","train"
"NH4/SamsungS20/round1/KmeHn_ngochanpham274@gmail.com_2025-08-26 15_41_56_An_SamsungS20_4ppm_1_5_NH4+_10.8768654_106.6781994.jpg","NH4","4.0","SamsungS20","2025-08-26 15:41:56","train"
"NH4/SamsungS20/round1/L3mBb_ngochanpham274@gmail.com_2025-08-26 15_37_12_An_SamsungS20_1ppm_1_5_NH4+_10.8768654_106.6781994.jpg","NH4","1.0","SamsungS20","2025-08-26 15:37:12","train"
"NH4/SamsungS20/round1/lEuBq_ngochanpham274@gmail.com_2025-08-26 15_03_29_An_SamsungS20_0.02ppm_1_4_NH4+_10.8768622_106.6781988.jpg","NH4","0.02","SamsungS20","2025-08-26 15:03:29","train"
"NH4/SamsungS20/round1/lq248_ngochanpham274@gmail.com_2025-08-26 15_15_13_An_SamsungS20_0.08ppm_1_2_NH4+_10.8768622_106.6781988.jpg","NH4","0.08","SamsungS20","2025-08-26 15:15:13","train"
"NH4/SamsungS20/round1/mMfnS_ngochanpham274@gmail.com_2025-08-26 15_12_31_An_SamsungS20_0.06ppm_1_1_NH4+_10.8768622_106.6781988.jpg","NH4","0.06","SamsungS20","2025-08-26 15:12:31","train"
"NH4/SamsungS20/round1/MOG6w_ngochanpham274@gmail.com_2025-08-26 15_30_49_An_SamsungS20_0.6ppm_1_3_NH4+_10.8768652_106.6781956.jpg","NH4","0.6","SamsungS20","2025-08-26 15:30:49","train"
"NH4/SamsungS20/round1/MsNQI_ngochanpham274@gmail.com_2025-08-26 15_07_28_An_SamsungS20_0.04ppm_1_5_NH4+_10.8768622_106.6781988.jpg","NH4","0.04","SamsungS20","2025-08-26 15:07:28","train"
"NH4/SamsungS20/round1/mtffY_ngochanpham274@gmail.com_2025-08-26 15_22_06_An_SamsungS20_0.2ppm_1_1_NH4+_10.8768652_106.6781956.jpg","NH4","0.2","SamsungS20","2025-08-26 15:22:06","train"
"NH4/SamsungS20/round1/n8cuV_ngochanpham274@gmail.com_2025-08-26 15_14_02_An_SamsungS20_0.06ppm_1_5_NH4+_10.8768622_106.6781988.jpg","NH4","0.06","SamsungS20","2025-08-26 15:14:02","train"
"NH4/SamsungS20/round1/NJ7wD_ngochanpham274@gmail.com_2025-08-26 14_59_54_An_SamsungS20_0.01ppm_1_2_NH4+_10.8768622_106.6781988.jpg","NH4","0.01","SamsungS20","2025-08-26 14:59:54","train"
"NH4/SamsungS20/round1/Np3WR_ngochanpham274@gmail.com_2025-08-26 15_33_16_An_SamsungS20_0.8ppm_1_4_NH4+_10.8768724_106.6781947.jpg","NH4","0.8","SamsungS20","2025-08-26 15:33:16","train"
"NH4/SamsungS20/round1/nsW1H_ngochanpham274@gmail.com_2025-08-26 15_08_44_An_SamsungS20_0.05ppm_1_1_NH4+_10.8768622_106.6781988.jpg","NH4","0.05","SamsungS20","2025-08-26 15:08:44","train"
"NH4/SamsungS20/round1/omXF0_ngochanpham274@gmail.com_2025-08-26 15_39_38_An_SamsungS20_2ppm_1_5_NH4+_10.8768654_106.6781994.jpg","NH4","2.0","SamsungS20","2025-08-26 15:39:38","train"
"NH4/SamsungS20/round1/PeXYn_ngochanpham274@gmail.com_2025-08-26 15_23_30_An_SamsungS20_0.2ppm_1_3_NH4+_10.8768652_106.6781956.jpg","NH4","0.2","SamsungS20","2025-08-26 15:23:30","train"
"NH4/SamsungS20/round1/qCDNn_ngochanpham274@gmail.com_2025-08-26 15_40_47_An_SamsungS20_4ppm_1_2_NH4+_10.8768654_106.6781994.jpg","NH4","4.0","SamsungS20","2025-08-26 15:40:47","train"
"NH4/SamsungS20/round1/QmWp7_ngochanpham274@gmail.com_2025-08-26 15_28_23_An_SamsungS20_0.5ppm_1_2_NH4+_10.8768652_106.6781956.jpg","NH4","0.5","SamsungS20","2025-08-26 15:28:23","train"
"NH4/SamsungS20/round1/R7QsS_ngochanpham274@gmail.com_2025-08-26 15_35_30_An_SamsungS20_1ppm_1_1_NH4+_10.8768654_106.6781994.jpg","NH4","1.0","SamsungS20","2025-08-26 15:35:30","train"
"NH4/SamsungS20/round1/s3qgL_ngochanpham274@gmail.com_2025-08-26 15_35_47_An_SamsungS20_1ppm_1_2_NH4+_10.8768654_106.6781994.jpg","NH4","1.0","SamsungS20","2025-08-26 15:35:47","train"
"NH4/SamsungS20/round1/sluYQ_ngochanpham274@gmail.com_2025-08-26 15_41_10_An_SamsungS20_4ppm_1_3_NH4+_10.8768654_106.6781994.jpg","NH4","4.0","SamsungS20","2025-08-26 15:41:10","train"
"NH4/SamsungS20/round1/Sp2w4_ngochanpham274@gmail.com_2025-08-26 15_10_08_An_SamsungS20_0.05ppm_1_5_NH4+_10.8768622_106.6781988.jpg","NH4","0.05","SamsungS20","2025-08-26 15:10:08","train"
"NH4/SamsungS20/round1/sPyBA_ngochanpham274@gmail.com_2025-08-26 15_31_07_An_SamsungS20_0.6ppm_1_4_NH4+_10.8768652_106.6781956.jpg","NH4","0.6","SamsungS20","2025-08-26 15:31:07","train"
"NH4/SamsungS20/round1/SqIN3_ngochanpham274@gmail.com_2025-08-26 15_28_42_An_SamsungS20_0.5ppm_1_3_NH4+_10.8768652_106.6781956.jpg","NH4","0.5","SamsungS20","2025-08-26 15:28:42","train"
"NH4/SamsungS20/round1/T6Uwm_ngochanpham274@gmail.com_2025-08-26 15_38_08_An_SamsungS20_2ppm_1_1_NH4+_10.8768654_106.6781994.jpg","NH4","2.0","SamsungS20","2025-08-26 15:38:08","train"
"NH4/SamsungS20/round1/tL68S_ngochanpham274@gmail.com_2025-08-26 15_06_36_An_SamsungS20_0.04ppm_1_3_NH4+_10.8768622_106.6781988.jpg","NH4","0.04","SamsungS20","2025-08-26 15:06:36","train"
"NH4/SamsungS20/round1/tTElP_ngochanpham274@gmail.com_2025-08-26 15_29_01_An_SamsungS20_0.5ppm_1_4_NH4+_10.8768652_106.6781956.jpg","NH4","0.5","SamsungS20","2025-08-26 15:29:01","train"
"NH4/SamsungS20/round1/TzEcF_ngochanpham274@gmail.com_2025-08-26 15_33_41_An_SamsungS20_0.8ppm_1_5_NH4+_10.8768724_106.6781947.jpg","NH4","0.8","SamsungS20","2025-08-26 15:33:41","train"
"NH4/SamsungS20/round1/TZn7l_ngochanpham274@gmail.com_2025-08-26 15_41_34_An_SamsungS20_4ppm_1_4_NH4+_10.8768654_106.6781994.jpg","NH4","4.0","SamsungS20","2025-08-26 15:41:34","train"
"NH4/SamsungS20/round1/UsaU8_ngochanpham274@gmail.com_2025-08-26 15_18_40_An_SamsungS20_0.1ppm_1_2_NH4+_10.8768622_106.6781988.jpg","NH4","0.1","SamsungS20","2025-08-26 15:18:40","train"
"NH4/SamsungS20/round1/VmXmj_ngochanpham274@gmail.com_2025-08-26 15_36_24_An_SamsungS20_1ppm_1_3_NH4+_10.8768654_106.6781994.jpg","NH4","1.0","SamsungS20","2025-08-26 15:36:24","train"
"NH4/SamsungS20/round1/X503r_ngochanpham274@gmail.com_2025-08-26 15_01_29_An_SamsungS20_0.01ppm_1_5_NH4+_10.8768622_106.6781988.jpg","NH4","0.01","SamsungS20","2025-08-26 15:01:29","train"
"NH4/SamsungS20/round1/XM8NS_ngochanpham274@gmail.com_2025-08-26 15_29_24_An_SamsungS20_0.5ppm_1_5_NH4+_10.8768652_106.6781956.jpg","NH4","0.5","SamsungS20","2025-08-26 15:29:24","train"
"NH4/SamsungS20/round1/xVui8_ngochanpham274@gmail.com_2025-08-26 15_09_02_An_SamsungS20_0.05ppm_1_2_NH4+_10.8768622_106.6781988.jpg","NH4","0.05","SamsungS20","2025-08-26 15:09:02","train"
"NH4/SamsungS20/round1/y7cLL_ngochanpham274@gmail.com_2025-08-26 15_05_41_An_SamsungS20_0.04ppm_1_1_NH4+_10.8768622_106.6781988.jpg","NH4","0.04","SamsungS20","2025-08-26 15:05:41","train"
"NH4/SamsungS20/round1/YbyyX_ngochanpham274@gmail.com_2025-08-26 15_23_01_An_SamsungS20_0.2ppm_1_2_NH4+_10.8768652_106.6781956.jpg","NH4","0.2","SamsungS20","2025-08-26 15:23:01","train"
"NH4/SamsungS20/round1/ywKT5_ngochanpham274@gmail.com_2025-08-26 15_18_21_An_SamsungS20_0.1ppm_1_1_NH4+_10.8768622_106.6781988.jpg","NH4","0.1","SamsungS20","2025-08-26 15:18:21","train"
"NH4/SamsungS20/round1/YxhIj_ngochanpham274@gmail.com_2025-08-26 15_21_03_An_SamsungS20_0.1ppm_1_5_NH4+_10.8768652_106.6781956.jpg","NH4","0.1","SamsungS20","2025-08-26 15:21:03","train"
"NH4/SamsungS20/round1/Z6Ifc_ngochanpham274@gmail.com_2025-08-26 15_25_07_An_SamsungS20_0.4ppm_1_1_NH4+_10.8768652_106.6781956.jpg","NH4","0.4","SamsungS20","2025-08-26 15:25:07","train"
"NH4/SamsungS20/round1/ZcaRj_ngochanpham274@gmail.com_2025-08-26 15_09_43_An_SamsungS20_0.05ppm_1_4_NH4+_10.8768622_106.6781988.jpg","NH4","0.05","SamsungS20","2025-08-26 15:09:43","train"
"NH4/SamsungS20/round1/zCOpZ_ngochanpham274@gmail.com_2025-08-26 15_16_03_An_SamsungS20_0.08ppm_1_4_NH4+_10.8768622_106.6781988.jpg","NH4","0.08","SamsungS20","2025-08-26 15:16:03","train"
"NH4/SamsungS20/round2/0ejxT_ngochanpham274@gmail.com_2025-08-26 16_00_21_An_SamsungS20_0.1ppm_2_3_NH4+_10.8768745_106.6781976.jpg","NH4","0.1","SamsungS20","2025-08-26 16:00:21","train"
"NH4/SamsungS20/round2/1PckM_ngochanpham274@gmail.com_2025-08-26 15_48_51_An_SamsungS20_0.04ppm_2_1_NH4+_10.8768654_106.6781994.jpg","NH4","0.04","SamsungS20","2025-08-26 15:48:51","train"
"NH4/SamsungS20/round2/2cnJm_ngochanpham274@gmail.com_2025-08-26 16_23_29_An_SamsungS20_4ppm_2_5_NH4+_10.8768714_106.678199.jpg","NH4","4.0","SamsungS20","2025-08-26 16:23:29","train"
"NH4/SamsungS20/round2/3rWbQ_ngochanpham274@gmail.com_2025-08-26 16_04_22_An_SamsungS20_0.4ppm_2_1_NH4+_10.8768745_106.6781976.jpg","NH4","0.4","SamsungS20","2025-08-26 16:04:22","train"
"NH4/SamsungS20/round2/56hBF_ngochanpham274@gmail.com_2025-08-26 15_50_15_An_SamsungS20_0.04ppm_2_4_NH4+_10.8768654_106.6781994.jpg","NH4","0.04","SamsungS20","2025-08-26 15:50:15","train"
"NH4/SamsungS20/round2/5rOd0_ngochanpham274@gmail.com_2025-08-26 15_58_15_An_SamsungS20_0.08ppm_2_4_NH4+_10.8768745_106.6781976.jpg","NH4","0.08","SamsungS20","2025-08-26 15:58:15","train"
"NH4/SamsungS20/round2/6I7ai_ngochanpham274@gmail.com_2025-08-26 15_43_18_An_SamsungS20_0.01ppm_2_1_NH4+_10.8768654_106.6781994.jpg","NH4","0.01","SamsungS20","2025-08-26 15:43:18","train"
"NH4/SamsungS20/round2/6KRz2_ngochanpham274@gmail.com_2025-08-26 15_54_38_An_SamsungS20_0.06ppm_2_1_NH4+_10.8768745_106.6781976.jpg","NH4","0.06","SamsungS20","2025-08-26 15:54:38","train"
"NH4/SamsungS20/round2/73kE8_ngochanpham274@gmail.com_2025-08-26 15_46_04_An_SamsungS20_0.02ppm_2_1_NH4+_10.8768654_106.6781994.jpg","NH4","0.02","SamsungS20","2025-08-26 15:46:04","train"
"NH4/SamsungS20/round2/84eg8_ngochanpham274@gmail.com_2025-08-26 15_53_26_An_SamsungS20_0.05ppm_2_5_NH4+_10.8768745_106.6781976.jpg","NH4","0.05","SamsungS20","2025-08-26 15:53:26","train"
"NH4/SamsungS20/round2/8J0Jl_ngochanpham274@gmail.com_2025-08-26 16_02_11_An_SamsungS20_0.2ppm_2_2_NH4+_10.8768745_106.6781976.jpg","NH4","0.2","SamsungS20","2025-08-26 16:02:11","train"
"NH4/SamsungS20/round2/8zcUp_ngochanpham274@gmail.com_2025-08-26 16_05_46_An_SamsungS20_0.4ppm_2_5_NH4+_10.8768745_106.6781976.jpg","NH4","0.4","SamsungS20","2025-08-26 16:05:46","train"
"NH4/SamsungS20/round2/9c8Ab_ngochanpham274@gmail.com_2025-08-26 16_08_12_An_SamsungS20_0.5ppm_2_5_NH4+_10.8768714_106.678199.jpg","NH4","0.5","SamsungS20","2025-08-26 16:08:12","train"
"NH4/SamsungS20/round2/9CYh4_ngochanpham274@gmail.com_2025-08-26 16_09_17_An_SamsungS20_0.6ppm_2_2_NH4+_10.8768714_106.678199.jpg","NH4","0.6","SamsungS20","2025-08-26 16:09:17","train"
"NH4/SamsungS20/round2/9Q1AY_ngochanpham274@gmail.com_2025-08-26 15_59_38_An_SamsungS20_0.1ppm_2_1_NH4+_10.8768745_106.6781976.jpg","NH4","0.1","SamsungS20","2025-08-26 15:59:38","train"
"NH4/SamsungS20/round2/9QBZZ_ngochanpham274@gmail.com_2025-08-26 16_05_04_An_SamsungS20_0.4ppm_2_3_NH4+_10.8768745_106.6781976.jpg","NH4","0.4","SamsungS20","2025-08-26 16:05:04","train"
"NH4/SamsungS20/round2/awpMC_ngochanpham274@gmail.com_2025-08-26 16_07_14_An_SamsungS20_0.5ppm_2_2_NH4+_10.8768714_106.678199.jpg","NH4","0.5","SamsungS20","2025-08-26 16:07:14","train"
"NH4/SamsungS20/round2/B6G30_ngochanpham274@gmail.com_2025-08-26 16_16_35_An_SamsungS20_0.8ppm_2_5_NH4+_10.8768714_106.678199.jpg","NH4","0.8","SamsungS20","2025-08-26 16:16:35","train"
"NH4/SamsungS20/round2/bJZw5_ngochanpham274@gmail.com_2025-08-26 16_10_01_An_SamsungS20_0.6ppm_2_4_NH4+_10.8768714_106.678199.jpg","NH4","0.6","SamsungS20","2025-08-26 16:10:01","train"
"NH4/SamsungS20/round2/Cc7lx_ngochanpham274@gmail.com_2025-08-26 15_50_33_An_SamsungS20_0.04ppm_2_5_NH4+_10.8768654_106.6781994.jpg","NH4","0.04","SamsungS20","2025-08-26 15:50:33","train"
"NH4/SamsungS20/round2/cIDnz_ngochanpham274@gmail.com_2025-08-26 15_57_58_An_SamsungS20_0.08ppm_2_3_NH4+_10.8768745_106.6781976.jpg","NH4","0.08","SamsungS20","2025-08-26 15:57:58","train"
"NH4/SamsungS20/round2/cM7K8_ngochanpham274@gmail.com_2025-08-26 16_07_37_An_SamsungS20_0.5ppm_2_3_NH4+_10.8768714_106.678199.jpg","NH4","0.5","SamsungS20","2025-08-26 16:07:37","train"
"NH4/SamsungS20/round2/COcYH_ngochanpham274@gmail.com_2025-08-26 16_01_53_An_SamsungS20_0.2ppm_2_1_NH4+_10.8768745_106.6781976.jpg","NH4","0.2","SamsungS20","2025-08-26 16:01:53","train"
"NH4/SamsungS20/round2/DJPVm_ngochanpham274@gmail.com_2025-08-26 15_55_00_An_SamsungS20_0.06ppm_2_2_NH4+_10.8768745_106.6781976.jpg","NH4","0.06","SamsungS20","2025-08-26 15:55:00","train"
"NH4/SamsungS20/round2/dlvlr_ngochanpham274@gmail.com_2025-08-26 15_52_25_An_SamsungS20_0.05ppm_2_2_NH4+_10.8768745_106.6781976.jpg","NH4","0.05","SamsungS20","2025-08-26 15:52:25","train"
"NH4/SamsungS20/round2/dmP8L_ngochanpham274@gmail.com_2025-08-26 15_44_29_An_SamsungS20_0.01ppm_2_3_NH4+_10.8768654_106.6781994.jpg","NH4","0.01","SamsungS20","2025-08-26 15:44:29","train"
"NH4/SamsungS20/round2/e5GZ5_ngochanpham274@gmail.com_2025-08-26 16_18_17_An_SamsungS20_1ppm_2_4_NH4+_10.8768714_106.678199.jpg","NH4","1.0","SamsungS20","2025-08-26 16:18:17","train"
"NH4/SamsungS20/round2/EzYlR_ngochanpham274@gmail.com_2025-08-26 16_01_02_An_SamsungS20_0.1ppm_2_5_NH4+_10.8768745_106.6781976.jpg","NH4","0.1","SamsungS20","2025-08-26 16:01:02","train"
"NH4/SamsungS20/round2/f1b4x_ngochanpham274@gmail.com_2025-08-26 15_56_01_An_SamsungS20_0.06ppm_2_5_NH4+_10.8768745_106.6781976.jpg","NH4","0.06","SamsungS20","2025-08-26 15:56:01","train"
"NH4/SamsungS20/round2/FalHM_ngochanpham274@gmail.com_2025-08-26 16_20_16_An_SamsungS20_2ppm_2_4_NH4+_10.8768714_106.678199.jpg","NH4","2.0","SamsungS20","2025-08-26 16:20:16","train"
"NH4/SamsungS20/round2/FdhXG_ngochanpham274@gmail.com_2025-08-26 15_53_08_An_SamsungS20_0.05ppm_2_4_NH4+_10.8768745_106.6781976.jpg","NH4","0.05","SamsungS20","2025-08-26 15:53:08","train"
"NH4/SamsungS20/round2/fMbY4_ngochanpham274@gmail.com_2025-08-26 16_22_47_An_SamsungS20_4ppm_2_3_NH4+_10.8768714_106.678199.jpg","NH4","4.0","SamsungS20","2025-08-26 16:22:47","train"
"NH4/SamsungS20/round2/FSkb4_ngochanpham274@gmail.com_2025-08-26 16_06_55_An_SamsungS20_0.5ppm_2_1_NH4+_10.8768714_106.678199.jpg","NH4","0.5","SamsungS20","2025-08-26 16:06:55","train"
"NH4/SamsungS20/round2/FVGzv_ngochanpham274@gmail.com_2025-08-26 15_48_06_An_SamsungS20_0.02ppm_2_5_NH4+_10.8768654_106.6781994.jpg","NH4","0.02","SamsungS20","2025-08-26 15:48:06","train"
"NH4/SamsungS20/round2/GsaCS_ngochanpham274@gmail.com_2025-08-26 16_07_55_An_SamsungS20_0.5ppm_2_4_NH4+_10.8768714_106.678199.jpg","NH4","0.5","SamsungS20","2025-08-26 16:07:55","train"
"NH4/SamsungS20/round2/gtlb0_ngochanpham274@gmail.com_2025-08-26 16_04_42_An_SamsungS20_0.4ppm_2_2_NH4+_10.8768745_106.6781976.jpg","NH4","0.4","SamsungS20","2025-08-26 16:04:42","train"
"NH4/SamsungS20/round2/i2ItU_ngochanpham274@gmail.com_2025-08-26 16_17_58_An_SamsungS20_1ppm_2_3_NH4+_10.8768714_106.678199.jpg","NH4","1.0","SamsungS20","2025-08-26 16:17:58","train"
"NH4/SamsungS20/round2/ibUbC_ngochanpham274@gmail.com_2025-08-26 15_51_21_An_SamsungS20_0.05ppm_2_1_NH4+_10.8768654_106.6781994.jpg","NH4","0.05","SamsungS20","2025-08-26 15:51:21","train"
"NH4/SamsungS20/round2/Ivoc9_ngochanpham274@gmail.com_2025-08-26 16_15_05_An_SamsungS20_0.8ppm_2_1_NH4+_10.8768714_106.678199.jpg","NH4","0.8","SamsungS20","2025-08-26 16:15:05","train"
"NH4/SamsungS20/round2/JbsoG_ngochanpham274@gmail.com_2025-08-26 15_58_35_An_SamsungS20_0.08ppm_2_5_NH4+_10.8768745_106.6781976.jpg","NH4","0.08","SamsungS20","2025-08-26 15:58:35","train"
"NH4/SamsungS20/round2/JMmRF_ngochanpham274@gmail.com_2025-08-26 16_17_40_An_SamsungS20_1ppm_2_2_NH4+_10.8768714_106.678199.jpg","NH4","1.0","SamsungS20","2025-08-26 16:17:40","train"
"NH4/SamsungS20/round2/jY5Ts_ngochanpham274@gmail.com_2025-08-26 15_45_12_An_SamsungS20_0.01ppm_2_5_NH4+_10.8768654_106.6781994.jpg","NH4","0.01","SamsungS20","2025-08-26 15:45:12","train"
"NH4/SamsungS20/round2/KHlZc_ngochanpham274@gmail.com_2025-08-26 16_05_22_An_SamsungS20_0.4ppm_2_4_NH4+_10.8768745_106.6781976.jpg","NH4","0.4","SamsungS20","2025-08-26 16:05:22","train"
"NH4/SamsungS20/round2/kKSyF_ngochanpham274@gmail.com_2025-08-26 16_17_22_An_SamsungS20_1ppm_2_1_NH4+_10.8768714_106.678199.jpg","NH4","1.0","SamsungS20","2025-08-26 16:17:22","train"
"NH4/SamsungS20/round2/kpfEt_ngochanpham274@gmail.com_2025-08-26 15_57_36_An_SamsungS20_0.08ppm_2_2_NH4+_10.8768745_106.6781976.jpg","NH4","0.08","SamsungS20","2025-08-26 15:57:36","train"
"NH4/SamsungS20/round2/L2Zbm_ngochanpham274@gmail.com_2025-08-26 16_20_36_An_SamsungS20_2ppm_2_5_NH4+_10.8768714_106.678199.jpg","NH4","2.0","SamsungS20","2025-08-26 16:20:36","train"
"NH4/SamsungS20/round2/l3jL6_ngochanpham274@gmail.com_2025-08-26 15_46_24_An_SamsungS20_0.02ppm_2_2_NH4+_10.8768654_106.6781994.jpg","NH4","0.02","SamsungS20","2025-08-26 15:46:24","train"
"NH4/SamsungS20/round2/mFLlX_ngochanpham274@gmail.com_2025-08-26 15_49_52_An_SamsungS20_0.04ppm_2_3_NH4+_10.8768654_106.6781994.jpg","NH4","0.04","SamsungS20","2025-08-26 15:49:52","train"
"NH4/SamsungS20/round2/mh9Ed_ngochanpham274@gmail.com_2025-08-26 15_47_32_An_SamsungS20_0.02ppm_2_4_NH4+_10.8768654_106.6781994.jpg","NH4","0.02","SamsungS20","2025-08-26 15:47:32","train"
"NH4/SamsungS20/round2/MTh1H_ngochanpham274@gmail.com_2025-08-26 15_46_49_An_SamsungS20_0.02ppm_2_3_NH4+_10.8768654_106.6781994.jpg","NH4","0.02","SamsungS20","2025-08-26 15:46:49","train"
"NH4/SamsungS20/round2/n2NOZ_ngochanpham274@gmail.com_2025-08-26 15_59_58_An_SamsungS20_0.1ppm_2_2_NH4+_10.8768745_106.6781976.jpg","NH4","0.1","SamsungS20","2025-08-26 15:59:58","train"
"NH4/SamsungS20/round2/N4lpJ_ngochanpham274@gmail.com_2025-08-26 16_03_36_An_SamsungS20_0.2ppm_2_5_NH4+_10.8768745_106.6781976.jpg","NH4","0.2","SamsungS20","2025-08-26 16:03:36","train"
"NH4/SamsungS20/round2/NFci5_ngochanpham274@gmail.com_2025-08-26 16_00_38_An_SamsungS20_0.1ppm_2_4_NH4+_10.8768745_106.6781976.jpg","NH4","0.1","SamsungS20","2025-08-26 16:00:38","train"
"NH4/SamsungS20/round2/nNz9t_ngochanpham274@gmail.com_2025-08-26 15_55_40_An_SamsungS20_0.06ppm_2_4_NH4+_10.8768745_106.6781976.jpg","NH4","0.06","SamsungS20","2025-08-26 15:55:40","train"
"NH4/SamsungS20/round2/oqi3u_ngochanpham274@gmail.com_2025-08-26 16_15_33_An_SamsungS20_0.8ppm_2_2_NH4+_10.8768714_106.678199.jpg","NH4","0.8","SamsungS20","2025-08-26 16:15:33","train"
"NH4/SamsungS20/round2/oqYLa_ngochanpham274@gmail.com_2025-08-26 15_49_11_An_SamsungS20_0.04ppm_2_2_NH4+_10.8768654_106.6781994.jpg","NH4","0.04","SamsungS20","2025-08-26 15:49:11","train"
"NH4/SamsungS20/round2/PGOT7_ngochanpham274@gmail.com_2025-08-26 16_16_17_An_SamsungS20_0.8ppm_2_4_NH4+_10.8768714_106.678199.jpg","NH4","0.8","SamsungS20","2025-08-26 16:16:17","train"
"NH4/SamsungS20/round2/QbduQ_ngochanpham274@gmail.com_2025-08-26 16_03_12_An_SamsungS20_0.2ppm_2_4_NH4+_10.8768745_106.6781976.jpg","NH4","0.2","SamsungS20","2025-08-26 16:03:12","train"
"NH4/SamsungS20/round2/qfAhD_ngochanpham274@gmail.com_2025-08-26 15_56_52_An_SamsungS20_0.08ppm_2_1_NH4+_10.8768745_106.6781976.jpg","NH4","0.08","SamsungS20","2025-08-26 15:56:52","train"
"NH4/SamsungS20/round2/razgH_ngochanpham274@gmail.com_2025-08-26 16_19_37_An_SamsungS20_2ppm_2_2_NH4+_10.8768714_106.678199.jpg","NH4","2.0","SamsungS20","2025-08-26 16:19:37","train"
"NH4/SamsungS20/round2/rcXVT_ngochanpham274@gmail.com_2025-08-26 16_02_35_An_SamsungS20_0.2ppm_2_3_NH4+_10.8768745_106.6781976.jpg","NH4","0.2","SamsungS20","2025-08-26 16:02:35","train"
"NH4/SamsungS20/round2/RUgk4_ngochanpham274@gmail.com_2025-08-26 16_15_54_An_SamsungS20_0.8ppm_2_3_NH4+_10.8768714_106.678199.jpg","NH4","0.8","SamsungS20","2025-08-26 16:15:54","train"
"NH4/SamsungS20/round2/SBioc_ngochanpham274@gmail.com_2025-08-26 15_43_55_An_SamsungS20_0.01ppm_2_2_NH4+_10.8768654_106.6781994.jpg","NH4","0.01","SamsungS20","2025-08-26 15:43:55","train"
"NH4/SamsungS20/round2/scrAQ_ngochanpham274@gmail.com_2025-08-26 16_10_24_An_SamsungS20_0.6ppm_2_5_NH4+_10.8768714_106.678199.jpg","NH4","0.6","SamsungS20","2025-08-26 16:10:24","train"
"NH4/SamsungS20/round2/sExoP_ngochanpham274@gmail.com_2025-08-26 16_09_39_An_SamsungS20_0.6ppm_2_3_NH4+_10.8768714_106.678199.jpg","NH4","0.6","SamsungS20","2025-08-26 16:09:39","train"
"NH4/SamsungS20/round2/tFsAL_ngochanpham274@gmail.com_2025-08-26 16_19_16_An_SamsungS20_2ppm_2_1_NH4+_10.8768714_106.678199.jpg","NH4","2.0","SamsungS20","2025-08-26 16:19:16","train"
"NH4/SamsungS20/round2/vM9TT_ngochanpham274@gmail.com_2025-08-26 15_44_51_An_SamsungS20_0.01ppm_2_4_NH4+_10.8768654_106.6781994.jpg","NH4","0.01","SamsungS20","2025-08-26 15:44:51","train"
"NH4/SamsungS20/round2/VoVQ7_ngochanpham274@gmail.com_2025-08-26 16_19_56_An_SamsungS20_2ppm_2_3_NH4+_10.8768714_106.678199.jpg","NH4","2.0","SamsungS20","2025-08-26 16:19:56","train"
"NH4/SamsungS20/round2/VyfJY_ngochanpham274@gmail.com_2025-08-26 15_55_19_An_SamsungS20_0.06ppm_2_3_NH4+_10.8768745_106.6781976.jpg","NH4","0.06","SamsungS20","2025-08-26 15:55:19","train"
"NH4/SamsungS20/round2/WgeqQ_ngochanpham274@gmail.com_2025-08-26 16_08_59_An_SamsungS20_0.6ppm_2_1_NH4+_10.8768714_106.678199.jpg","NH4","0.6","SamsungS20","2025-08-26 16:08:59","train"
"NH4/SamsungS20/round2/y3XrX_ngochanpham274@gmail.com_2025-08-26 16_21_37_An_SamsungS20_4ppm_2_1_NH4+_10.8768714_106.678199.jpg","NH4","4.0","SamsungS20","2025-08-26 16:21:37","train"
"NH4/SamsungS20/round2/yCfXA_ngochanpham274@gmail.com_2025-08-26 16_23_10_An_SamsungS20_4ppm_2_4_NH4+_10.8768714_106.678199.jpg","NH4","4.0","SamsungS20","2025-08-26 16:23:10","train"
"NH4/SamsungS20/round2/ypL3U_ngochanpham274@gmail.com_2025-08-26 15_52_46_An_SamsungS20_0.05ppm_2_3_NH4+_10.8768745_106.6781976.jpg","NH4","0.05","SamsungS20","2025-08-26 15:52:46","train"
"NH4/SamsungS20/round2/ZmOdK_ngochanpham274@gmail.com_2025-08-26 16_22_30_An_SamsungS20_4ppm_2_2_NH4+_10.8768714_106.678199.jpg","NH4","4.0","SamsungS20","2025-08-26 16:22:30","train"
"NH4/SamsungS20/round2/ZymFc_ngochanpham274@gmail.com_2025-08-26 16_18_36_An_SamsungS20_1ppm_2_5_NH4+_10.8768714_106.678199.jpg","NH4","1.0","SamsungS20","2025-08-26 16:18:36","train"
"NH4/SamsungS22/round1/1Bm6z_ngochanpham274@gmail.com_2025-08-27 15_24_28_An_SamsungS22_0.1ppm_1_5_NH4+_10.8768643_106.6781931.jpg","NH4","0.1","SamsungS22","2025-08-27 15:24:28","train"
"NH4/SamsungS22/round1/1v33m_ngochanpham274@gmail.com_2025-08-27 15_31_04_An_SamsungS22_0.2ppm_1_3_NH4+_10.8768643_106.6781931.jpg","NH4","0.2","SamsungS22","2025-08-27 15:31:04","train"
"NH4/SamsungS22/round1/1zPfv_ngochanpham274@gmail.com_2025-08-27 15_16_42_An_SamsungS22_0.06ppm_1_5_NH4+_10.8768643_106.6781931.jpg","NH4","0.06","SamsungS22","2025-08-27 15:16:42","train"
"NH4/SamsungS22/round1/21dlt_ngochanpham274@gmail.com_2025-08-27 15_04_49_An_SamsungS22_0.02ppm_1_2_NH4+_10.8768643_106.6781931.jpg","NH4","0.02","SamsungS22","2025-08-27 15:04:49","train"
"NH4/SamsungS22/round1/222XY_ngochanpham274@gmail.com_2025-08-27 15_50_12_An_SamsungS22_2ppm_1_2_NH4+_10.8768664_106.6781865.jpg","NH4","2.0","SamsungS22","2025-08-27 15:50:12","train"
"NH4/SamsungS22/round1/2gods_ngochanpham274@gmail.com_2025-08-27 15_44_57_An_SamsungS22_0.8ppm_1_4_NH4+_10.8768664_106.6781865.jpg","NH4","0.8","SamsungS22","2025-08-27 15:44:57","train"
"NH4/SamsungS22/round1/3nqFH_ngochanpham274@gmail.com_2025-08-27 15_07_40_An_SamsungS22_0.04ppm_1_2_NH4+_10.8768643_106.6781931.jpg","NH4","0.04","SamsungS22","2025-08-27 15:07:40","train"
"NH4/SamsungS22/round1/3RAqs_ngochanpham274@gmail.com_2025-08-27 15_41_07_An_SamsungS22_0.6ppm_1_5_NH4+_10.8768664_106.6781865.jpg","NH4","0.6","SamsungS22","2025-08-27 15:41:07","train"
"NH4/SamsungS22/round1/6rn1M_ngochanpham274@gmail.com_2025-08-27 15_07_58_An_SamsungS22_0.04ppm_1_3_NH4+_10.8768643_106.6781931.jpg","NH4","0.04","SamsungS22","2025-08-27 15:07:58","train"
"NH4/SamsungS22/round1/7VGcn_ngochanpham274@gmail.com_2025-08-27 15_03_37_An_SamsungS22_0.01ppm_1_5_NH4+_10.8768643_106.6781931.jpg","NH4","0.01","SamsungS22","2025-08-27 15:03:37","train"
"NH4/SamsungS22/round1/7Z6RL_ngochanpham274@gmail.com_2025-08-27 15_05_32_An_SamsungS22_0.02ppm_1_4_NH4+_10.8768643_106.6781931.jpg","NH4","0.02","SamsungS22","2025-08-27 15:05:32","train"
"NH4/SamsungS22/round1/8LBw9_ngochanpham274@gmail.com_2025-08-27 15_53_48_An_SamsungS22_4ppm_1_4_NH4+_10.8768664_106.6781865.jpg","NH4","4.0","SamsungS22","2025-08-27 15:53:48","train"
"NH4/SamsungS22/round1/BdvEv_ngochanpham274@gmail.com_2025-08-27 15_35_53_An_SamsungS22_0.4ppm_1_2_NH4+_10.8768664_106.6781865.jpg","NH4","0.4","SamsungS22","2025-08-27 15:35:53","train"
"NH4/SamsungS22/round1/bgVIz_ngochanpham274@gmail.com_2025-08-27 15_22_53_An_SamsungS22_0.1ppm_1_2_NH4+_10.8768643_106.6781931.jpg","NH4","0.1","SamsungS22","2025-08-27 15:22:53","train"
"NH4/SamsungS22/round1/bpoh4_ngochanpham274@gmail.com_2025-08-27 15_04_24_An_SamsungS22_0.02ppm_1_1_NH4+_10.8768643_106.6781931.jpg","NH4","0.02","SamsungS22","2025-08-27 15:04:24","train"
"NH4/SamsungS22/round1/COfjK_ngochanpham274@gmail.com_2025-08-27 15_22_16_An_SamsungS22_0.1ppm_1_1_NH4+_10.8768643_106.6781931.jpg","NH4","0.1","SamsungS22","2025-08-27 15:22:16","train"
"NH4/SamsungS22/round1/diGiO_ngochanpham274@gmail.com_2025-08-27 15_35_23_An_SamsungS22_0.4ppm_1_1_NH4+_10.8768664_106.6781865.jpg","NH4","0.4","SamsungS22","2025-08-27 15:35:23","train"
"NH4/SamsungS22/round1/eDMBK_ngochanpham274@gmail.com_2025-08-27 15_48_15_An_SamsungS22_1ppm_1_5_NH4+_10.8768664_106.6781865.jpg","NH4","1.0","SamsungS22","2025-08-27 15:48:15","train"
"NH4/SamsungS22/round1/El7Tk_ngochanpham274@gmail.com_2025-08-27 15_37_59_An_SamsungS22_0.5ppm_1_5_NH4+_10.8768664_106.6781865.jpg","NH4","0.5","SamsungS22","2025-08-27 15:37:59","train"
"NH4/SamsungS22/round1/EN8w6_ngochanpham274@gmail.com_2025-08-27 15_10_49_An_SamsungS22_0.05ppm_1_3_NH4+_10.8768643_106.6781931.jpg","NH4","0.05","SamsungS22","2025-08-27 15:10:49","train"
"NH4/SamsungS22/round1/ETj1v_ngochanpham274@gmail.com_2025-08-27 15_06_11_An_SamsungS22_0.02ppm_1_5_NH4+_10.8768643_106.6781931.jpg","NH4","0.02","SamsungS22","2025-08-27 15:06:11","train"
"NH4/SamsungS22/round1/eUtyq_ngochanpham274@gmail.com_2025-08-27 15_37_07_An_SamsungS22_0.5ppm_1_4_NH4+_10.8768664_106.6781865.jpg","NH4","0.5","SamsungS22","2025-08-27 15:37:07","train"
"NH4/SamsungS22/round1/F6sU3_ngochanpham274@gmail.com_2025-08-27 15_52_56_An_SamsungS22_4ppm_1_2_NH4+_10.8768664_106.6781865.jpg","NH4","4.0","SamsungS22","2025-08-27 15:52:56","train"
"NH4/SamsungS22/round1/GqbkY_ngochanpham274@gmail.com_2025-08-27 15_46_49_An_SamsungS22_1ppm_1_2_NH4+_10.8768664_106.6781865.jpg","NH4","1.0","SamsungS22","2025-08-27 15:46:49","train"
"NH4/SamsungS22/round1/hPJSQ_ngochanpham274@gmail.com_2025-08-27 15_08_56_An_SamsungS22_0.04ppm_1_5_NH4+_10.8768643_106.6781931.jpg","NH4","0.04","SamsungS22","2025-08-27 15:08:56","train"
"NH4/SamsungS22/round1/hYWQM_ngochanpham274@gmail.com_2025-08-27 15_47_41_An_SamsungS22_1ppm_1_4_NH4+_10.8768664_106.6781865.jpg","NH4","1.0","SamsungS22","2025-08-27 15:47:41","train"
"NH4/SamsungS22/round1/iu8Tn_ngochanpham274@gmail.com_2025-08-27 15_02_19_An_SamsungS22_0.01ppm_1_2_NH4+_10.8768643_106.6781931.jpg","NH4","0.01","SamsungS22","2025-08-27 15:02:19","train"
"NH4/SamsungS22/round1/j1IOf_ngochanpham274@gmail.com_2025-08-27 15_16_11_An_SamsungS22_0.06ppm_1_4_NH4+_10.8768643_106.6781931.jpg","NH4","0.06","SamsungS22","2025-08-27 15:16:11","train"
"NH4/SamsungS22/round1/j5k9I_ngochanpham274@gmail.com_2025-08-27 15_23_16_An_SamsungS22_0.1ppm_1_3_NH4+_10.8768643_106.6781931.jpg","NH4","0.1","SamsungS22","2025-08-27 15:23:16","train"
"NH4/SamsungS22/round1/JIqjw_ngochanpham274@gmail.com_2025-08-27 15_34_08_An_SamsungS22_0.2ppm_1_5_NH4+_10.8768664_106.6781865.jpg","NH4","0.2","SamsungS22","2025-08-27 15:34:08","train"
"NH4/SamsungS22/round1/JseJy_ngochanpham274@gmail.com_2025-08-27 15_50_58_An_SamsungS22_2ppm_1_4_NH4+_10.8768664_106.6781865.jpg","NH4","2.0","SamsungS22","2025-08-27 15:50:58","train"
"NH4/SamsungS22/round1/jsXPv_ngochanpham274@gmail.com_2025-08-27 15_15_22_An_SamsungS22_0.06ppm_1_2_NH4+_10.8768643_106.6781931.jpg","NH4","0.06","SamsungS22","2025-08-27 15:15:22","train"
"NH4/SamsungS22/round1/K9wMv_ngochanpham274@gmail.com_2025-08-27 15_02_39_An_SamsungS22_0.01ppm_1_3_NH4+_10.8768643_106.6781931.jpg","NH4","0.01","SamsungS22","2025-08-27 15:02:39","train"
"NH4/SamsungS22/round1/kI4H4_ngochanpham274@gmail.com_2025-08-27 15_19_55_An_SamsungS22_0.08ppm_1_2_NH4+_10.8768643_106.6781931.jpg","NH4","0.08","SamsungS22","2025-08-27 15:19:55","train"
"NH4/SamsungS22/round1/ko1zT_ngochanpham274@gmail.com_2025-08-27 15_40_12_An_SamsungS22_0.6ppm_1_3_NH4+_10.8768664_106.6781865.jpg","NH4","0.6","SamsungS22","2025-08-27 15:40:12","train"
"NH4/SamsungS22/round1/kSCda_ngochanpham274@gmail.com_2025-08-27 15_33_39_An_SamsungS22_0.2ppm_1_4_NH4+_10.8768664_106.6781865.jpg","NH4","0.2","SamsungS22","2025-08-27 15:33:39","train"
"NH4/SamsungS22/round1/LA8zf_ngochanpham274@gmail.com_2025-08-27 15_54_07_An_SamsungS22_4ppm_1_5_NH4+_10.8768664_106.6781865.jpg","NH4","4.0","SamsungS22","2025-08-27 15:54:07","train"
"NH4/SamsungS22/round1/Lr6qM_ngochanpham274@gmail.com_2025-08-27 15_11_36_An_SamsungS22_0.05ppm_1_5_NH4+_10.8768643_106.6781931.jpg","NH4","0.05","SamsungS22","2025-08-27 15:11:36","train"
"NH4/SamsungS22/round1/LSSN2_ngochanpham274@gmail.com_2025-08-27 15_19_34_An_SamsungS22_0.08ppm_1_1_NH4+_10.8768643_106.6781931.jpg","NH4","0.08","SamsungS22","2025-08-27 15:19:34","train"
"NH4/SamsungS22/round1/lXlql_ngochanpham274@gmail.com_2025-08-27 15_01_48_An_SamsungS22_0.01ppm_1_1_NH4+_10.8768643_106.6781931.jpg","NH4","0.01","SamsungS22","2025-08-27 15:01:48","train"
"NH4/SamsungS22/round1/MGzYe_ngochanpham274@gmail.com_2025-08-27 15_15_49_An_SamsungS22_0.06ppm_1_3_NH4+_10.8768643_106.6781931.jpg","NH4","0.06","SamsungS22","2025-08-27 15:15:49","train"
"NH4/SamsungS22/round1/mHetv_ngochanpham274@gmail.com_2025-08-27 15_39_29_An_SamsungS22_0.6ppm_1_2_NH4+_10.8768664_106.6781865.jpg","NH4","0.6","SamsungS22","2025-08-27 15:39:29","train"
"NH4/SamsungS22/round1/OgfLF_ngochanpham274@gmail.com_2025-08-27 15_45_23_An_SamsungS22_0.8ppm_1_5_NH4+_10.8768664_106.6781865.jpg","NH4","0.8","SamsungS22","2025-08-27 15:45:23","train"
"NH4/SamsungS22/round1/OkaXE_ngochanpham274@gmail.com_2025-08-27 15_09_55_An_SamsungS22_0.05ppm_1_1_NH4+_10.8768643_106.6781931.jpg","NH4","0.05","SamsungS22","2025-08-27 15:09:55","train"
"NH4/SamsungS22/round1/PE11g_ngochanpham274@gmail.com_2025-08-27 15_24_01_An_SamsungS22_0.1ppm_1_4_NH4+_10.8768643_106.6781931.jpg","NH4","0.1","SamsungS22","2025-08-27 15:24:01","train"
"NH4/SamsungS22/round1/Q8uHu_ngochanpham274@gmail.com_2025-08-27 15_46_28_An_SamsungS22_1ppm_1_1_NH4+_10.8768664_106.6781865.jpg","NH4","1.0","SamsungS22","2025-08-27 15:46:28","train"
"NH4/SamsungS22/round1/QBTgn_ngochanpham274@gmail.com_2025-08-27 15_20_15_An_SamsungS22_0.08ppm_1_3_NH4+_10.8768643_106.6781931.jpg","NH4","0.08","SamsungS22","2025-08-27 15:20:15","train"
"NH4/SamsungS22/round1/qlwqx_ngochanpham274@gmail.com_2025-08-27 15_51_21_An_SamsungS22_2ppm_1_5_NH4+_10.8768664_106.6781865.jpg","NH4","2.0","SamsungS22","2025-08-27 15:51:21","train"
"NH4/SamsungS22/round1/qocOX_ngochanpham274@gmail.com_2025-08-27 15_26_03_An_SamsungS22_0.2ppm_1_1_NH4+_10.8768643_106.6781931.jpg","NH4","0.2","SamsungS22","2025-08-27 15:26:03","train"
"NH4/SamsungS22/round1/QTu0b_ngochanpham274@gmail.com_2025-08-27 15_43_54_An_SamsungS22_0.8ppm_1_1_NH4+_10.8768664_106.6781865.jpg","NH4","0.8","SamsungS22","2025-08-27 15:43:54","train"
"NH4/SamsungS22/round1/R2mHe_ngochanpham274@gmail.com_2025-08-27 15_06_55_An_SamsungS22_0.04ppm_1_1_NH4+_10.8768643_106.6781931.jpg","NH4","0.04","SamsungS22","2025-08-27 15:06:55","train"
"NH4/SamsungS22/round1/rF1xq_ngochanpham274@gmail.com_2025-08-27 15_52_38_An_SamsungS22_4ppm_1_1_NH4+_10.8768664_106.6781865.jpg","NH4","4.0","SamsungS22","2025-08-27 15:52:38","train"
"NH4/SamsungS22/round1/rlPgF_ngochanpham274@gmail.com_2025-08-27 15_05_12_An_SamsungS22_0.02ppm_1_3_NH4+_10.8768643_106.6781931.jpg","NH4","0.02","SamsungS22","2025-08-27 15:05:12","train"
"NH4/SamsungS22/round1/s0uqf_ngochanpham274@gmail.com_2025-08-27 15_14_57_An_SamsungS22_0.06ppm_1_1_NH4+_10.8768643_106.6781931.jpg","NH4","0.06","SamsungS22","2025-08-27 15:14:57","train"
"NH4/SamsungS22/round1/s75vE_ngochanpham274@gmail.com_2025-08-27 15_44_14_An_SamsungS22_0.8ppm_1_2_NH4+_10.8768664_106.6781865.jpg","NH4","0.8","SamsungS22","2025-08-27 15:44:14","train"
"NH4/SamsungS22/round1/sRUgw_ngochanpham274@gmail.com_2025-08-27 15_44_34_An_SamsungS22_0.8ppm_1_3_NH4+_10.8768664_106.6781865.jpg","NH4","0.8","SamsungS22","2025-08-27 15:44:34","train"
"NH4/SamsungS22/round1/t0Vc2_ngochanpham274@gmail.com_2025-08-27 15_20_49_An_SamsungS22_0.08ppm_1_4_NH4+_10.8768643_106.6781931.jpg","NH4","0.08","SamsungS22","2025-08-27 15:20:49","train"
"NH4/SamsungS22/round1/T5555_ngochanpham274@gmail.com_2025-08-27 15_47_13_An_SamsungS22_1ppm_1_3_NH4+_10.8768664_106.6781865.jpg","NH4","1.0","SamsungS22","2025-08-27 15:47:13","train"
"NH4/SamsungS22/round1/u9Lwj_ngochanpham274@gmail.com_2025-08-27 15_08_17_An_SamsungS22_0.04ppm_1_4_NH4+_10.8768643_106.6781931.jpg","NH4","0.04","SamsungS22","2025-08-27 15:08:17","train"
"NH4/SamsungS22/round1/utiSv_ngochanpham274@gmail.com_2025-08-27 15_40_37_An_SamsungS22_0.6ppm_1_4_NH4+_10.8768664_106.6781865.jpg","NH4","0.6","SamsungS22","2025-08-27 15:40:37","train"
"NH4/SamsungS22/round1/uXVo2_ngochanpham274@gmail.com_2025-08-27 15_39_07_An_SamsungS22_0.6ppm_1_1_NH4+_10.8768664_106.6781865.jpg","NH4","0.6","SamsungS22","2025-08-27 15:39:07","train"
"NH4/SamsungS22/round1/vnhRn_ngochanpham274@gmail.com_2025-08-27 15_50_39_An_SamsungS22_2ppm_1_3_NH4+_10.8768664_106.6781865.jpg","NH4","2.0","SamsungS22","2025-08-27 15:50:39","train"
"NH4/SamsungS22/round1/vwzyj_ngochanpham274@gmail.com_2025-08-27 15_53_29_An_SamsungS22_4ppm_1_3_NH4+_10.8768664_106.6781865.jpg","NH4","4.0","SamsungS22","2025-08-27 15:53:29","train"
"NH4/SamsungS22/round1/VX6QW_ngochanpham274@gmail.com_2025-08-27 15_11_18_An_SamsungS22_0.05ppm_1_4_NH4+_10.8768643_106.6781931.jpg","NH4","0.05","SamsungS22","2025-08-27 15:11:18","train"
"NH4/SamsungS22/round1/WomS8_ngochanpham274@gmail.com_2025-08-27 15_10_24_An_SamsungS22_0.05ppm_1_2_NH4+_10.8768643_106.6781931.jpg","NH4","0.05","SamsungS22","2025-08-27 15:10:24","train"
"NH4/SamsungS22/round1/wy4xe_ngochanpham274@gmail.com_2025-08-27 15_30_21_An_SamsungS22_0.2ppm_1_2_NH4+_10.8768643_106.6781931.jpg","NH4","0.2","SamsungS22","2025-08-27 15:30:21","train"
"NH4/SamsungS22/round1/xGCfT_ngochanpham274@gmail.com_2025-08-27 15_49_50_An_SamsungS22_2ppm_1_1_NH4+_10.8768664_106.6781865.jpg","NH4","2.0","SamsungS22","2025-08-27 15:49:50","train"
"NH4/SamsungS22/round1/YLsGA_ngochanpham274@gmail.com_2025-08-27 15_03_07_An_SamsungS22_0.01ppm_1_4_NH4+_10.8768643_106.6781931.jpg","NH4","0.01","SamsungS22","2025-08-27 15:03:07","train"
"NH4/SamsungS22/round1/ymqta_ngochanpham274@gmail.com_2025-08-27 15_36_26_An_SamsungS22_0.5ppm_1_3_NH4+_10.8768664_106.6781865.jpg","NH4","0.5","SamsungS22","2025-08-27 15:36:26","train"
"NH4/SamsungS22/round1/ZZP3X_ngochanpham274@gmail.com_2025-08-27 15_21_17_An_SamsungS22_0.08ppm_1_5_NH4+_10.8768643_106.6781931.jpg","NH4","0.08","SamsungS22","2025-08-27 15:21:17","train"
"NH4/SamsungS22/round2/047ea_ngochanpham274@gmail.com_2025-08-28 13_31_07_An_SamsungS22_0.04ppm_3_4_NH4+_10.8768782_106.6781996.jpg","NH4","0.04","SamsungS22","2025-08-28 13:31:07","train"
"NH4/SamsungS22/round2/0apAs_ngochanpham274@gmail.com_2025-08-27 16_34_38_An_SamsungS22_0.8ppm_2_2_NH4+_10.8768713_106.6781946.jpg","NH4","0.8","SamsungS22","2025-08-27 16:34:38","train"
"NH4/SamsungS22/round2/0R1n0_ngochanpham274@gmail.com_2025-08-27 16_38_34_An_SamsungS22_1ppm_2_4_NH4+_10.8768713_106.6781946.jpg","NH4","1.0","SamsungS22","2025-08-27 16:38:34","train"
"NH4/SamsungS22/round2/1W5vP_ngochanpham274@gmail.com_2025-08-27 16_26_23_An_SamsungS22_0.4ppm_2_5_NH4+_10.8768719_106.6781968.jpg","NH4","0.4","SamsungS22","2025-08-27 16:26:23","train"
"NH4/SamsungS22/round2/2eHva_ngochanpham274@gmail.com_2025-08-28 13_23_08_An_SamsungS22_0.01ppm_3_1_NH4+_10.8768782_106.6781996.jpg","NH4","0.01","SamsungS22","2025-08-28 13:23:08","train"
"NH4/SamsungS22/round2/2eSEg_ngochanpham274@gmail.com_2025-08-27 16_20_26_An_SamsungS22_0.2ppm_2_2_NH4+_10.8768719_106.6781968.jpg","NH4","0.2","SamsungS22","2025-08-27 16:20:26","train"
"NH4/SamsungS22/round2/2rEYS_ngochanpham274@gmail.com_2025-08-27 16_11_38_An_SamsungS22_0.06ppm_2_1_NH4+_10.8768719_106.6781968.jpg","NH4","0.06","SamsungS22","2025-08-27 16:11:38","train"
"NH4/SamsungS22/round2/3E2fR_ngochanpham274@gmail.com_2025-08-27 16_25_35_An_SamsungS22_0.4ppm_2_3_NH4+_10.8768719_106.6781968.jpg","NH4","0.4","SamsungS22","2025-08-27 16:25:35","train"
"NH4/SamsungS22/round2/3JTdU_ngochanpham274@gmail.com_2025-08-27 16_41_15_An_SamsungS22_2ppm_2_5_NH4+_10.8768713_106.6781946.jpg","NH4","2.0","SamsungS22","2025-08-27 16:41:15","train"
"NH4/SamsungS22/round2/40mVM_ngochanpham274@gmail.com_2025-08-27 16_10_34_An_SamsungS22_0.05ppm_2_5_NH4+_10.8768719_106.6781968.jpg","NH4","0.05","SamsungS22","2025-08-27 16:10:34","train"
"NH4/SamsungS22/round2/4c9Aq_ngochanpham274@gmail.com_2025-08-27 16_32_17_An_SamsungS22_0.6ppm_2_3_NH4+_10.8768713_106.6781946.jpg","NH4","0.6","SamsungS22","2025-08-27 16:32:17","train"
"NH4/SamsungS22/round2/4TPzO_ngochanpham274@gmail.com_2025-08-27 16_24_49_An_SamsungS22_0.4ppm_2_1_NH4+_10.8768719_106.6781968.jpg","NH4","0.4","SamsungS22","2025-08-27 16:24:49","train"
"NH4/SamsungS22/round2/4XWrk_ngochanpham274@gmail.com_2025-08-27 16_09_31_An_SamsungS22_0.05ppm_2_2_NH4+_10.8768719_106.6781968.jpg","NH4","0.05","SamsungS22","2025-08-27 16:09:31","train"
"NH4/SamsungS22/round2/5qFiA_ngochanpham274@gmail.com_2025-08-27 16_37_58_An_SamsungS22_1ppm_2_3_NH4+_10.8768713_106.6781946.jpg","NH4","1.0","SamsungS22","2025-08-27 16:37:58","train"
"NH4/SamsungS22/round2/6SIhN_ngochanpham274@gmail.com_2025-08-28 13_35_28_An_SamsungS22_0.06ppm_3_1_NH4+_10.8768782_106.6781996.jpg","NH4","0.06","SamsungS22","2025-08-28 13:35:28","train"
"NH4/SamsungS22/round2/7S4I8_ngochanpham274@gmail.com_2025-08-28 13_36_38_An_SamsungS22_0.06ppm_3_3_NH4+_10.8768782_106.6781996.jpg","NH4","0.06","SamsungS22","2025-08-28 13:36:38","train"
"NH4/SamsungS22/round2/9DZkW_ngochanpham274@gmail.com_2025-08-27 16_03_54_An_SamsungS22_0.02ppm_2_3_NH4+_10.8768719_106.6781968.jpg","NH4","0.02","SamsungS22","2025-08-27 16:03:54","train"
"NH4/SamsungS22/round2/9JPn3_ngochanpham274@gmail.com_2025-08-27 15_55_23_An_SamsungS22_0.01ppm_2_1_NH4+_10.8768664_106.6781865.jpg","NH4","0.01","SamsungS22","2025-08-27 15:55:23","train"
"NH4/SamsungS22/round2/A8Iz4_ngochanpham274@gmail.com_2025-08-27 15_56_42_An_SamsungS22_0.01ppm_2_3_NH4+_10.8768664_106.6781865.jpg","NH4","0.01","SamsungS22","2025-08-27 15:56:42","train"
"NH4/SamsungS22/round2/ajbPj_ngochanpham274@gmail.com_2025-08-27 16_07_16_An_SamsungS22_0.04ppm_2_4_NH4+_10.8768719_106.6781968.jpg","NH4","0.04","SamsungS22","2025-08-27 16:07:16","train"
"NH4/SamsungS22/round2/AkXh0_ngochanpham274@gmail.com_2025-08-27 16_13_12_An_SamsungS22_0.06ppm_2_5_NH4+_10.8768719_106.6781968.jpg","NH4","0.06","SamsungS22","2025-08-27 16:13:12","train"
"NH4/SamsungS22/round2/AStwz_ngochanpham274@gmail.com_2025-08-28 13_39_52_An_SamsungS22_0.08ppm_3_4_NH4+_10.8768782_106.6781996.jpg","NH4","0.08","SamsungS22","2025-08-28 13:39:52","train"
"NH4/SamsungS22/round2/AXV6T_ngochanpham274@gmail.com_2025-08-27 16_06_25_An_SamsungS22_0.04ppm_2_2_NH4+_10.8768719_106.6781968.jpg","NH4","0.04","SamsungS22","2025-08-27 16:06:25","train"
"NH4/SamsungS22/round2/B21xH_ngochanpham274@gmail.com_2025-08-28 13_36_54_An_SamsungS22_0.06ppm_3_4_NH4+_10.8768782_106.6781996.jpg","NH4","0.06","SamsungS22","2025-08-28 13:36:54","train"
"NH4/SamsungS22/round2/bamxd_ngochanpham274@gmail.com_2025-08-27 16_42_41_An_SamsungS22_4ppm_2_2_NH4+_10.8768713_106.6781946.jpg","NH4","4.0","SamsungS22","2025-08-27 16:42:41","train"
"NH4/SamsungS22/round2/btxgk_ngochanpham274@gmail.com_2025-08-28 13_30_45_An_SamsungS22_0.04ppm_3_3_NH4+_10.8768782_106.6781996.jpg","NH4","0.04","SamsungS22","2025-08-28 13:30:45","train"
"NH4/SamsungS22/round2/D6D3R_ngochanpham274@gmail.com_2025-08-27 16_15_58_An_SamsungS22_0.08ppm_2_5_NH4+_10.8768719_106.6781968.jpg","NH4","0.08","SamsungS22","2025-08-27 16:15:58","train"
"NH4/SamsungS22/round2/dbUxj_ngochanpham274@gmail.com_2025-08-28 13_27_30_An_SamsungS22_0.02ppm_3_3_NH4+_10.8768782_106.6781996.jpg","NH4","0.02","SamsungS22","2025-08-28 13:27:30","train"
"NH4/SamsungS22/round2/DLhiq_ngochanpham274@gmail.com_2025-08-27 16_39_05_An_SamsungS22_1ppm_2_5_NH4+_10.8768713_106.6781946.jpg","NH4","1.0","SamsungS22","2025-08-27 16:39:05","train"
"NH4/SamsungS22/round2/E1nyk_ngochanpham274@gmail.com_2025-08-28 13_27_49_An_SamsungS22_0.02ppm_3_4_NH4+_10.8768782_106.6781996.jpg","NH4","0.02","SamsungS22","2025-08-28 13:27:49","train"
"NH4/SamsungS22/round2/F8mLs_ngochanpham274@gmail.com_2025-08-28 13_40_14_An_SamsungS22_0.08ppm_3_5_NH4+_10.8768782_106.6781996.jpg","NH4","0.08","SamsungS22","2025-08-28 13:40:14","train"
"NH4/SamsungS22/round2/fhtZV_ngochanpham274@gmail.com_2025-08-28 13_29_16_An_SamsungS22_0.04ppm_3_1_NH4+_10.8768782_106.6781996.jpg","NH4","0.04","SamsungS22","2025-08-28 13:29:16","train"
"NH4/SamsungS22/round2/g9emI_ngochanpham274@gmail.com_2025-08-27 16_25_09_An_SamsungS22_0.4ppm_2_2_NH4+_10.8768719_106.6781968.jpg","NH4","0.4","SamsungS22","2025-08-27 16:25:09","train"
"NH4/SamsungS22/round2/gEnJ6_ngochanpham274@gmail.com_2025-08-27 16_30_26_An_SamsungS22_0.5ppm_2_5_NH4+_10.8768713_106.6781946.jpg","NH4","0.5","SamsungS22","2025-08-27 16:30:26","train"
"NH4/SamsungS22/round2/gqTrC_ngochanpham274@gmail.com_2025-08-27 16_43_52_An_SamsungS22_4ppm_2_5_NH4+_10.8768713_106.6781946.jpg","NH4","4.0","SamsungS22","2025-08-27 16:43:52","train"
"NH4/SamsungS22/round2/grLoF_ngochanpham274@gmail.com_2025-08-27 16_21_37_An_SamsungS22_0.2ppm_2_3_NH4+_10.8768719_106.6781968.jpg","NH4","0.2","SamsungS22","2025-08-27 16:21:37","train"
"NH4/SamsungS22/round2/gWbDl_ngochanpham274@gmail.com_2025-08-27 15_55_44_An_SamsungS22_0.01ppm_2_2_NH4+_10.8768664_106.6781865.jpg","NH4","0.01","SamsungS22","2025-08-27 15:55:44","train"
"NH4/SamsungS22/round2/hIeXp_ngochanpham274@gmail.com_2025-08-27 16_34_14_An_SamsungS22_0.8ppm_2_1_NH4+_10.8768713_106.6781946.jpg","NH4","0.8","SamsungS22","2025-08-27 16:34:14","train"
"NH4/SamsungS22/round2/hxefe_ngochanpham274@gmail.com_2025-08-27 16_40_52_An_SamsungS22_2ppm_2_4_NH4+_10.8768713_106.6781946.jpg","NH4","2.0","SamsungS22","2025-08-27 16:40:52","train"
"NH4/SamsungS22/round2/I8lpo_ngochanpham274@gmail.com_2025-08-28 13_41_28_An_SamsungS22_0.1ppm_3_1_NH4+_10.8768782_106.6781996.jpg","NH4","0.1","SamsungS22","2025-08-28 13:41:28","train"
"NH4/SamsungS22/round2/iLdly_ngochanpham274@gmail.com_2025-08-28 13_38_18_An_SamsungS22_0.08ppm_3_1_NH4+_10.8768782_106.6781996.jpg","NH4","0.08","SamsungS22","2025-08-28 13:38:18","train"
"NH4/SamsungS22/round2/iWTVI_ngochanpham274@gmail.com_2025-08-27 16_06_45_An_SamsungS22_0.04ppm_2_3_NH4+_10.8768719_106.6781968.jpg","NH4","0.04","SamsungS22","2025-08-27 16:06:45","train"
"NH4/SamsungS22/round2/j4bu1_ngochanpham274@gmail.com_2025-08-27 16_18_14_An_SamsungS22_0.1ppm_2_4_NH4+_10.8768719_106.6781968.jpg","NH4","0.1","SamsungS22","2025-08-27 16:18:14","train"
"NH4/SamsungS22/round2/JBKJL_ngochanpham274@gmail.com_2025-08-28 13_26_33_An_SamsungS22_0.02ppm_3_2_NH4+_10.8768782_106.6781996.jpg","NH4","0.02","SamsungS22","2025-08-28 13:26:33","train"
"NH4/SamsungS22/round2/jcplA_ngochanpham274@gmail.com_2025-08-27 16_06_01_An_SamsungS22_0.04ppm_2_1_NH4+_10.8768719_106.6781968.jpg","NH4","0.04","SamsungS22","2025-08-27 16:06:01","train"
"NH4/SamsungS22/round2/JG0Mf_ngochanpham274@gmail.com_2025-08-27 16_23_25_An_SamsungS22_0.2ppm_2_4_NH4+_10.8768719_106.6781968.jpg","NH4","0.2","SamsungS22","2025-08-27 16:23:25","train"
"NH4/SamsungS22/round2/jkFpX_ngochanpham274@gmail.com_2025-08-27 16_35_35_An_SamsungS22_0.8ppm_2_5_NH4+_10.8768713_106.6781946.jpg","NH4","0.8","SamsungS22","2025-08-27 16:35:35","train"
"NH4/SamsungS22/round2/jV6eQ_ngochanpham274@gmail.com_2025-08-27 16_34_58_An_SamsungS22_0.8ppm_2_3_NH4+_10.8768713_106.6781946.jpg","NH4","0.8","SamsungS22","2025-08-27 16:34:58","train"
"NH4/SamsungS22/round2/kNvql_ngochanpham274@gmail.com_2025-08-27 16_12_04_An_SamsungS22_0.06ppm_2_2_NH4+_10.8768719_106.6781968.jpg","NH4","0.06","SamsungS22","2025-08-27 16:12:04","train"
"NH4/SamsungS22/round2/lg3q4_ngochanpham274@gmail.com_2025-08-27 16_35_16_An_SamsungS22_0.8ppm_2_4_NH4+_10.8768713_106.6781946.jpg","NH4","0.8","SamsungS22","2025-08-27 16:35:16","train"
"NH4/SamsungS22/round2/lI0sT_ngochanpham274@gmail.com_2025-08-28 13_34_09_An_SamsungS22_0.05ppm_3_4_NH4+_10.8768782_106.6781996.jpg","NH4","0.05","SamsungS22","2025-08-28 13:34:09","train"
"NH4/SamsungS22/round2/Lmjo2_ngochanpham274@gmail.com_2025-08-27 16_17_28_An_SamsungS22_0.1ppm_2_2_NH4+_10.8768719_106.6781968.jpg","NH4","0.1","SamsungS22","2025-08-27 16:17:28","train"
"NH4/SamsungS22/round2/lrQAy_ngochanpham274@gmail.com_2025-08-27 16_28_21_An_SamsungS22_0.5ppm_2_3_NH4+_10.8768719_106.6781968.jpg","NH4","0.5","SamsungS22","2025-08-27 16:28:21","train"
"NH4/SamsungS22/round2/M36sE_ngochanpham274@gmail.com_2025-08-27 16_33_05_An_SamsungS22_0.6ppm_2_5_NH4+_10.8768713_106.6781946.jpg","NH4","0.6","SamsungS22","2025-08-27 16:33:05","train"
"NH4/SamsungS22/round2/m64oj_ngochanpham274@gmail.com_2025-08-27 16_39_51_An_SamsungS22_2ppm_2_1_NH4+_10.8768713_106.6781946.jpg","NH4","2.0","SamsungS22","2025-08-27 16:39:51","train"
"NH4/SamsungS22/round2/mdjVP_ngochanpham274@gmail.com_2025-08-27 16_04_46_An_SamsungS22_0.02ppm_2_4_NH4+_10.8768719_106.6781968.jpg","NH4","0.02","SamsungS22","2025-08-27 16:04:46","train"
"NH4/SamsungS22/round2/MNmHT_ngochanpham274@gmail.com_2025-08-27 16_09_52_An_SamsungS22_0.05ppm_2_3_NH4+_10.8768719_106.6781968.jpg","NH4","0.05","SamsungS22","2025-08-27 16:09:52","train"
"NH4/SamsungS22/round2/msm0v_ngochanpham274@gmail.com_2025-08-28 13_37_23_An_SamsungS22_0.06ppm_3_5_NH4+_10.8768782_106.6781996.jpg","NH4","0.06","SamsungS22","2025-08-28 13:37:23","train"
"NH4/SamsungS22/round2/n9ecy_ngochanpham274@gmail.com_2025-08-27 16_43_05_An_SamsungS22_4ppm_2_3_NH4+_10.8768713_106.6781946.jpg","NH4","4.0","SamsungS22","2025-08-27 16:43:05","train"
"NH4/SamsungS22/round2/nFZxn_ngochanpham274@gmail.com_2025-08-27 16_07_41_An_SamsungS22_0.04ppm_2_5_NH4+_10.8768719_106.6781968.jpg","NH4","0.04","SamsungS22","2025-08-27 16:07:41","train"
"NH4/SamsungS22/round2/nNxey_ngochanpham274@gmail.com_2025-08-27 15_59_58_An_SamsungS22_0.01ppm_2_5_NH4+_10.8768664_106.6781865.jpg","NH4","0.01","SamsungS22","2025-08-27 15:59:58","train"
"NH4/SamsungS22/round2/Oi0tC_ngochanpham274@gmail.com_2025-08-27 16_15_32_An_SamsungS22_0.08ppm_2_4_NH4+_10.8768719_106.6781968.jpg","NH4","0.08","SamsungS22","2025-08-27 16:15:32","train"
"NH4/SamsungS22/round2/pBR6L_ngochanpham274@gmail.com_2025-08-28 13_39_33_An_SamsungS22_0.08ppm_3_3_NH4+_10.8768782_106.6781996.jpg","NH4","0.08","SamsungS22","2025-08-28 13:39:33","train"
"NH4/SamsungS22/round2/pKZYF_ngochanpham274@gmail.com_2025-08-27 16_31_17_An_SamsungS22_0.6ppm_2_1_NH4+_10.8768713_106.6781946.jpg","NH4","0.6","SamsungS22","2025-08-27 16:31:17","train"
"NH4/SamsungS22/round2/PSAyG_ngochanpham274@gmail.com_2025-08-27 16_17_08_An_SamsungS22_0.1ppm_2_1_NH4+_10.8768719_106.6781968.jpg","NH4","0.1","SamsungS22","2025-08-27 16:17:08","train"
"NH4/SamsungS22/round2/pwoSD_ngochanpham274@gmail.com_2025-08-27 15_57_36_An_SamsungS22_0.01ppm_2_4_NH4+_10.8768664_106.6781865.jpg","NH4","0.01","SamsungS22","2025-08-27 15:57:36","train"
"NH4/SamsungS22/round2/PZwuM_ngochanpham274@gmail.com_2025-08-28 13_26_16_An_SamsungS22_0.02ppm_3_1_NH4+_10.8768782_106.6781996.jpg","NH4","0.02","SamsungS22","2025-08-28 13:26:16","train"
"NH4/SamsungS22/round2/Q5yhz_ngochanpham274@gmail.com_2025-08-28 13_34_40_An_SamsungS22_0.05ppm_3_5_NH4+_10.8768782_106.6781996.jpg","NH4","0.05","SamsungS22","2025-08-28 13:34:40","train"
"NH4/SamsungS22/round2/qfRoJ_ngochanpham274@gmail.com_2025-08-27 16_23_47_An_SamsungS22_0.2ppm_2_5_NH4+_10.8768719_106.6781968.jpg","NH4","0.2","SamsungS22","2025-08-27 16:23:47","train"
"NH4/SamsungS22/round2/qlwfD_ngochanpham274@gmail.com_2025-08-27 16_01_41_An_SamsungS22_0.02ppm_2_2_NH4+_10.8768664_106.6781865.jpg","NH4","0.02","SamsungS22","2025-08-27 16:01:41","train"
"NH4/SamsungS22/round2/QmzzJ_ngochanpham274@gmail.com_2025-08-27 16_40_09_An_SamsungS22_2ppm_2_2_NH4+_10.8768713_106.6781946.jpg","NH4","2.0","SamsungS22","2025-08-27 16:40:09","train"
"NH4/SamsungS22/round2/Qr2ug_ngochanpham274@gmail.com_2025-08-27 16_43_33_An_SamsungS22_4ppm_2_4_NH4+_10.8768713_106.6781946.jpg","NH4","4.0","SamsungS22","2025-08-27 16:43:33","train"
"NH4/SamsungS22/round2/QyfgZ_ngochanpham274@gmail.com_2025-08-27 16_08_36_An_SamsungS22_0.05ppm_2_1_NH4+_10.8768719_106.6781968.jpg","NH4","0.05","SamsungS22","2025-08-27 16:08:36","train"
"NH4/SamsungS22/round2/r2Agy_ngochanpham274@gmail.com_2025-08-27 16_05_08_An_SamsungS22_0.02ppm_2_5_NH4+_10.8768719_106.6781968.jpg","NH4","0.02","SamsungS22","2025-08-27 16:05:08","train"
"NH4/SamsungS22/round2/r8Gb4_ngochanpham274@gmail.com_2025-08-27 16_12_30_An_SamsungS22_0.06ppm_2_3_NH4+_10.8768719_106.6781968.jpg","NH4","0.06","SamsungS22","2025-08-27 16:12:30","train"
"NH4/SamsungS22/round2/RiP1t_ngochanpham274@gmail.com_2025-08-27 16_32_40_An_SamsungS22_0.6ppm_2_4_NH4+_10.8768713_106.6781946.jpg","NH4","0.6","SamsungS22","2025-08-27 16:32:40","train"
"NH4/SamsungS22/round2/rNP5D_ngochanpham274@gmail.com_2025-08-28 13_23_43_An_SamsungS22_0.01ppm_3_1_NH4+_10.8768782_106.6781996.jpg","NH4","0.01","SamsungS22","2025-08-28 13:23:43","train"
"NH4/SamsungS22/round2/Ro7sA_ngochanpham274@gmail.com_2025-08-27 16_28_44_An_SamsungS22_0.5ppm_2_4_NH4+_10.8768719_106.6781968.jpg","NH4","0.5","SamsungS22","2025-08-27 16:28:44","train"
"NH4/SamsungS22/round2/RtkZb_ngochanpham274@gmail.com_2025-08-27 16_36_34_An_SamsungS22_1ppm_2_1_NH4+_10.8768713_106.6781946.jpg","NH4","1.0","SamsungS22","2025-08-27 16:36:34","train"
"NH4/SamsungS22/round2/RvJa7_ngochanpham274@gmail.com_2025-08-27 16_01_15_An_SamsungS22_0.02ppm_2_1_NH4+_10.8768664_106.6781865.jpg","NH4","0.02","SamsungS22","2025-08-27 16:01:15","train"
"NH4/SamsungS22/round2/RwY0x_ngochanpham274@gmail.com_2025-08-28 13_39_16_An_SamsungS22_0.08ppm_3_2_NH4+_10.8768782_106.6781996.jpg","NH4","0.08","SamsungS22","2025-08-28 13:39:16","train"
"NH4/SamsungS22/round2/rz3GI_ngochanpham274@gmail.com_2025-08-27 16_12_51_An_SamsungS22_0.06ppm_2_4_NH4+_10.8768719_106.6781968.jpg","NH4","0.06","SamsungS22","2025-08-27 16:12:51","train"
"NH4/SamsungS22/round2/SKh7B_ngochanpham274@gmail.com_2025-08-27 18_47_30_An_SamsungS22_0.04ppm_3_1_NH4+_10.8768719_106.6781927.jpg","NH4","0.04","SamsungS22","2025-08-27 18:47:30","train"
"NH4/SamsungS22/round2/SKqsV_ngochanpham274@gmail.com_2025-08-28 13_33_49_An_SamsungS22_0.05ppm_3_3_NH4+_10.8768782_106.6781996.jpg","NH4","0.05","SamsungS22","2025-08-28 13:33:49","train"
"NH4/SamsungS22/round2/SQWE6_ngochanpham274@gmail.com_2025-08-27 16_18_56_An_SamsungS22_0.1ppm_2_5_NH4+_10.8768719_106.6781968.jpg","NH4","0.1","SamsungS22","2025-08-27 16:18:56","train"
"NH4/SamsungS22/round2/tdSpx_ngochanpham274@gmail.com_2025-08-27 16_27_16_An_SamsungS22_0.5ppm_2_1_NH4+_10.8768719_106.6781968.jpg","NH4","0.5","SamsungS22","2025-08-27 16:27:16","train"
"NH4/SamsungS22/round2/ukxtw_ngochanpham274@gmail.com_2025-08-28 13_24_24_An_SamsungS22_0.01ppm_3_2_NH4+_10.8768782_106.6781996.jpg","NH4","0.01","SamsungS22","2025-08-28 13:24:24","train"
"NH4/SamsungS22/round2/uNtB1_ngochanpham274@gmail.com_2025-08-28 13_25_30_An_SamsungS22_0.01ppm_3_5_NH4+_10.8768782_106.6781996.jpg","NH4","0.01","SamsungS22","2025-08-28 13:25:30","train"
"NH4/SamsungS22/round2/utbtv_ngochanpham274@gmail.com_2025-08-27 16_15_12_An_SamsungS22_0.08ppm_2_3_NH4+_10.8768719_106.6781968.jpg","NH4","0.08","SamsungS22","2025-08-27 16:15:12","train"
"NH4/SamsungS22/round2/uwiGa_ngochanpham274@gmail.com_2025-08-27 16_26_00_An_SamsungS22_0.4ppm_2_4_NH4+_10.8768719_106.6781968.jpg","NH4","0.4","SamsungS22","2025-08-27 16:26:00","train"
"NH4/SamsungS22/round2/UYS0g_ngochanpham274@gmail.com_2025-08-28 13_32_34_An_SamsungS22_0.05ppm_3_1_NH4+_10.8768782_106.6781996.jpg","NH4","0.05","SamsungS22","2025-08-28 13:32:34","train"
"NH4/SamsungS22/round2/VctaU_ngochanpham274@gmail.com_2025-08-27 16_17_54_An_SamsungS22_0.1ppm_2_3_NH4+_10.8768719_106.6781968.jpg","NH4","0.1","SamsungS22","2025-08-27 16:17:54","train"
"NH4/SamsungS22/round2/vef6h_ngochanpham274@gmail.com_2025-08-27 16_29_54_An_SamsungS22_0.5ppm_2_5_NH4+_10.8768713_106.6781946.jpg","NH4","0.5","SamsungS22","2025-08-27 16:29:54","train"
"NH4/SamsungS22/round2/VJbgx_ngochanpham274@gmail.com_2025-08-27 16_40_31_An_SamsungS22_2ppm_2_3_NH4+_10.8768713_106.6781946.jpg","NH4","2.0","SamsungS22","2025-08-27 16:40:31","train"
"NH4/SamsungS22/round2/VTSjx_ngochanpham274@gmail.com_2025-08-27 16_37_00_An_SamsungS22_1ppm_2_2_NH4+_10.8768713_106.6781946.jpg","NH4","1.0","SamsungS22","2025-08-27 16:37:00","train"
"NH4/SamsungS22/round2/VTxyH_ngochanpham274@gmail.com_2025-08-27 16_14_18_An_SamsungS22_0.08ppm_2_2_NH4+_10.8768719_106.6781968.jpg","NH4","0.08","SamsungS22","2025-08-27 16:14:18","train"
"NH4/SamsungS22/round2/Vvga7_ngochanpham274@gmail.com_2025-08-28 13_25_07_An_SamsungS22_0.01ppm_3_4_NH4+_10.8768782_106.6781996.jpg","NH4","0.01","SamsungS22","2025-08-28 13:25:07","train"
"NH4/SamsungS22/round2/vypEO_ngochanpham274@gmail.com_2025-08-28 13_31_31_An_SamsungS22_0.04ppm_3_5_NH4+_10.8768782_106.6781996.jpg","NH4","0.04","SamsungS22","2025-08-28 13:31:31","train"
"NH4/SamsungS22/round2/Wg8I8_ngochanpham274@gmail.com_2025-08-27 16_13_59_An_SamsungS22_0.08ppm_2_1_NH4+_10.8768719_106.6781968.jpg","NH4","0.08","SamsungS22","2025-08-27 16:13:59","train"
"NH4/SamsungS22/round2/wGLcw_ngochanpham274@gmail.com_2025-08-28 13_32_52_An_SamsungS22_0.05ppm_3_2_NH4+_10.8768782_106.6781996.jpg","NH4","0.05","SamsungS22","2025-08-28 13:32:52","train"
"NH4/SamsungS22/round2/WvhtA_ngochanpham274@gmail.com_2025-08-27 16_31_44_An_SamsungS22_0.6ppm_2_2_NH4+_10.8768713_106.6781946.jpg","NH4","0.6","SamsungS22","2025-08-27 16:31:44","train"
"NH4/SamsungS22/round2/XcP1H_ngochanpham274@gmail.com_2025-08-28 13_28_17_An_SamsungS22_0.02ppm_3_5_NH4+_10.8768782_106.6781996.jpg","NH4","0.02","SamsungS22","2025-08-28 13:28:17","train"
"NH4/SamsungS22/round2/Y15Th_ngochanpham274@gmail.com_2025-08-27 16_10_12_An_SamsungS22_0.05ppm_2_4_NH4+_10.8768719_106.6781968.jpg","NH4","0.05","SamsungS22","2025-08-27 16:10:12","train"
"NH4/SamsungS22/round2/Y3quT_ngochanpham274@gmail.com_2025-08-27 16_27_53_An_SamsungS22_0.5ppm_2_2_NH4+_10.8768719_106.6781968.jpg","NH4","0.5","SamsungS22","2025-08-27 16:27:53","train"
"NH4/SamsungS22/round2/YDuFL_ngochanpham274@gmail.com_2025-08-27 16_04_16_An_SamsungS22_0.02ppm_2_3_NH4+_10.8768719_106.6781968.jpg","NH4","0.02","SamsungS22","2025-08-27 16:04:16","train"
"NH4/SamsungS22/round2/YGXew_ngochanpham274@gmail.com_2025-08-28 13_29_45_An_SamsungS22_0.04ppm_3_2_NH4+_10.8768782_106.6781996.jpg","NH4","0.04","SamsungS22","2025-08-28 13:29:45","train"
"NH4/SamsungS22/round2/yxtuW_ngochanpham274@gmail.com_2025-08-28 13_24_43_An_SamsungS22_0.01ppm_3_3_NH4+_10.8768782_106.6781996.jpg","NH4","0.01","SamsungS22","2025-08-28 13:24:43","train"
"NH4/SamsungS22/round2/z7iGN_ngochanpham274@gmail.com_2025-08-27 16_20_02_An_SamsungS22_0.2ppm_2_1_NH4+_10.8768719_106.6781968.jpg","NH4","0.2","SamsungS22","2025-08-27 16:20:02","train"
"NH4/SamsungS22/round2/Z8qFC_ngochanpham274@gmail.com_2025-08-28 13_36_17_An_SamsungS22_0.06ppm_3_2_NH4+_10.8768782_106.6781996.jpg","NH4","0.06","SamsungS22","2025-08-28 13:36:17","train"
"NH4/SamsungS22/round2/zSW2D_ngochanpham274@gmail.com_2025-08-27 16_42_15_An_SamsungS22_4ppm_2_1_NH4+_10.8768713_106.6781946.jpg","NH4","4.0","SamsungS22","2025-08-27 16:42:15","train"
"NH4/Xiaomi8lite/round1/1HJ4D_ngochanpham274@gmail.com_2025-08-25 12_46_38_An_Xiaomi8lite_0.4ppm_1_3_NH4+_10.8768218_106.6782242.jpg","NH4","0.4","Xiaomi8lite","2025-08-25 12:46:38","train"
"NH4/Xiaomi8lite/round1/1LVMx_ngochanpham274@gmail.com_2025-08-25 12_32_47_An_Xiaomi8lite_0.06ppm_1_2_NH4+_10.8768218_106.6782242.jpg","NH4","0.06","Xiaomi8lite","2025-08-25 12:32:47","train"
"NH4/Xiaomi8lite/round1/1z92g_ngochanpham274@gmail.com_2025-08-25 12_40_41_An_Xiaomi8lite_0.1ppm_1_3_NH4+_10.8768218_106.6782242.jpg","NH4","0.1","Xiaomi8lite","2025-08-25 12:40:41","train"
"NH4/Xiaomi8lite/round1/1ZFMw_ngochanpham274@gmail.com_2025-08-25 12_38_35_An_Xiaomi8lite_0.08ppm_1_4_NH4+_10.8768218_106.6782242.jpg","NH4","0.08","Xiaomi8lite","2025-08-25 12:38:35","train"
"NH4/Xiaomi8lite/round1/412VT_ngochanpham274@gmail.com_2025-08-25 12_38_18_An_Xiaomi8lite_0.08ppm_1_3_NH4+_10.8768218_106.6782242.jpg","NH4","0.08","Xiaomi8lite","2025-08-25 12:38:18","train"
"NH4/Xiaomi8lite/round1/4FC31_ngochanpham274@gmail.com_2025-08-25 12_36_54_An_Xiaomi8lite_0.08ppm_1_2_NH4+_10.8768218_106.6782242.jpg","NH4","0.08","Xiaomi8lite","2025-08-25 12:36:54","train"
"NH4/Xiaomi8lite/round1/4hWwH_ngochanpham274@gmail.com_2025-08-25 12_46_18_An_Xiaomi8lite_0.4ppm_1_2_NH4+_10.8768218_106.6782242.jpg","NH4","0.4","Xiaomi8lite","2025-08-25 12:46:18","train"
"NH4/Xiaomi8lite/round1/7A3uo_ngochanpham274@gmail.com_2025-08-25 12_51_57_An_Xiaomi8lite_0.6ppm_1_1_NH4+_10.8768218_106.6782242.jpg","NH4","0.6","Xiaomi8lite","2025-08-25 12:51:57","train"
"NH4/Xiaomi8lite/round1/7Fvdq_ngochanpham274@gmail.com_2025-08-25 13_08_30_An_Xiaomi8lite_5ppm_1_2_NH4+_10.8768671_106.6782392.jpg","NH4","5.0","Xiaomi8lite","2025-08-25 13:08:30","train"
"NH4/Xiaomi8lite/round1/8hXhs_ngochanpham274@gmail.com_2025-08-25 12_47_34_An_Xiaomi8lite_0.4ppm_1_5_NH4+_10.8768218_106.6782242.jpg","NH4","0.4","Xiaomi8lite","2025-08-25 12:47:34","train"
"NH4/Xiaomi8lite/round1/9mUOs_ngochanpham274@gmail.com_2025-08-25 12_38_53_An_Xiaomi8lite_0.08ppm_1_5_NH4+_10.8768218_106.6782242.jpg","NH4","0.08","Xiaomi8lite","2025-08-25 12:38:53","train"
"NH4/Xiaomi8lite/round1/9rZaj_ngochanpham274@gmail.com_2025-08-25 12_57_58_An_Xiaomi8lite_1ppm_1_4_NH4+_10.8768218_106.6782242.jpg","NH4","1.0","Xiaomi8lite","2025-08-25 12:57:58","train"
"NH4/Xiaomi8lite/round1/Ah4ym_ngochanpham274@gmail.com_2025-08-25 12_26_42_An_Xiaomi8lite_0.04ppm_1_5_NH4+_10.8768218_106.6782242.jpg","NH4","0.04","Xiaomi8lite","2025-08-25 12:26:42","train"
"NH4/Xiaomi8lite/round1/ahg1O_ngochanpham274@gmail.com_2025-08-25 12_55_57_An_Xiaomi8lite_0.8ppm_1_5_NH4+_10.8768218_106.6782242.jpg","NH4","0.8","Xiaomi8lite","2025-08-25 12:55:57","train"
"NH4/Xiaomi8lite/round1/AquS1_ngochanpham274@gmail.com_2025-08-25 12_58_18_An_Xiaomi8lite_1ppm_1_5_NH4+_10.8768218_106.6782242.jpg","NH4","1.0","Xiaomi8lite","2025-08-25 12:58:18","train"
"NH4/Xiaomi8lite/round1/avmGg_ngochanpham274@gmail.com_2025-08-25 12_55_32_An_Xiaomi8lite_0.8ppm_1_4_NH4+_10.8768218_106.6782242.jpg","NH4","0.8","Xiaomi8lite","2025-08-25 12:55:32","train"
"NH4/Xiaomi8lite/round1/bMUXT_ngochanpham274@gmail.com_2025-08-25 12_42_33_An_Xiaomi8lite_0.2ppm_1_1_NH4+_10.8768218_106.6782242.jpg","NH4","0.2","Xiaomi8lite","2025-08-25 12:42:33","train"
"NH4/Xiaomi8lite/round1/C8Dfe_ngochanpham274@gmail.com_2025-08-25 12_25_00_An_Xiaomi8lite_0.04ppm_1_1_NH4+_10.8768218_106.6782242.jpg","NH4","0.04","Xiaomi8lite","2025-08-25 12:25:00","train"
"NH4/Xiaomi8lite/round1/chGrV_ngochanpham274@gmail.com_2025-08-25 12_53_36_An_Xiaomi8lite_0.6ppm_1_5_NH4+_10.8768218_106.6782242.jpg","NH4","0.6","Xiaomi8lite","2025-08-25 12:53:36","train"
"NH4/Xiaomi8lite/round1/D0E97_ngochanpham274@gmail.com_2025-08-25 12_18_04_An_Xiaomi8lite_0.01ppm_1_2_NH4+_10.8768218_106.6782242.jpg","NH4","0.01","Xiaomi8lite","2025-08-25 12:18:04","train"
"NH4/Xiaomi8lite/round1/D2kum_ngochanpham274@gmail.com_2025-08-25 12_59_15_An_Xiaomi8lite_2ppm_1_1_NH4+_10.8768218_106.6782242.jpg","NH4","2.0","Xiaomi8lite","2025-08-25 12:59:15","train"
"NH4/Xiaomi8lite/round1/dD6hk_ngochanpham274@gmail.com_2025-08-25 13_04_34_An_Xiaomi8lite_4ppm_1_5_NH4+_10.8768671_106.6782392.jpg","NH4","4.0","Xiaomi8lite","2025-08-25 13:04:34","train"
"NH4/Xiaomi8lite/round1/djeTb_ngochanpham274@gmail.com_2025-08-25 12_46_00_An_Xiaomi8lite_0.4ppm_1_1_NH4+_10.8768218_106.6782242.jpg","NH4","0.4","Xiaomi8lite","2025-08-25 12:46:00","train"
"NH4/Xiaomi8lite/round1/djpiF_ngochanpham274@gmail.com_2025-08-25 12_41_06_An_Xiaomi8lite_0.1ppm_1_4_NH4+_10.8768218_106.6782242.jpg","NH4","0.1","Xiaomi8lite","2025-08-25 12:41:06","train"
"NH4/Xiaomi8lite/round1/EUmQC_ngochanpham274@gmail.com_2025-08-25 13_08_58_An_Xiaomi8lite_5ppm_1_3_NH4+_10.8768671_106.6782392.jpg","NH4","5.0","Xiaomi8lite","2025-08-25 13:08:58","train"
"NH4/Xiaomi8lite/round1/EyQim_ngochanpham274@gmail.com_2025-08-25 12_19_47_An_Xiaomi8lite_0.01ppm_1_3_NH4+_10.8768218_106.6782242.jpg","NH4","0.01","Xiaomi8lite","2025-08-25 12:19:47","train"
"NH4/Xiaomi8lite/round1/FAW01_ngochanpham274@gmail.com_2025-08-25 12_23_07_An_Xiaomi8lite_0.02ppm_1_3_NH4+_10.8768218_106.6782242.jpg","NH4","0.02","Xiaomi8lite","2025-08-25 12:23:07","train"
"NH4/Xiaomi8lite/round1/FMVbT_ngochanpham274@gmail.com_2025-08-25 12_52_15_An_Xiaomi8lite_0.6ppm_1_2_NH4+_10.8768218_106.6782242.jpg","NH4","0.6","Xiaomi8lite","2025-08-25 12:52:15","train"
"NH4/Xiaomi8lite/round1/fnzEx_ngochanpham274@gmail.com_2025-08-25 13_03_39_An_Xiaomi8lite_4ppm_1_4_NH4+_10.8768671_106.6782392.jpg","NH4","4.0","Xiaomi8lite","2025-08-25 13:03:39","train"
"NH4/Xiaomi8lite/round1/gmof4_ngochanpham274@gmail.com_2025-08-25 12_26_18_An_Xiaomi8lite_0.04ppm_1_4_NH4+_10.8768218_106.6782242.jpg","NH4","0.04","Xiaomi8lite","2025-08-25 12:26:18","train"
"NH4/Xiaomi8lite/round1/h9r4t_ngochanpham274@gmail.com_2025-08-25 12_28_30_An_Xiaomi8lite_0.05ppm_1_2_NH4+_10.8768218_106.6782242.jpg","NH4","0.05","Xiaomi8lite","2025-08-25 12:28:30","train"
"NH4/Xiaomi8lite/round1/hEzVs_ngochanpham274@gmail.com_2025-08-25 12_49_17_An_Xiaomi8lite_0.5ppm_1_1_NH4+_10.8768218_106.6782242.jpg","NH4","0.5","Xiaomi8lite","2025-08-25 12:49:17","train"
"NH4/Xiaomi8lite/round1/hJytQ_ngochanpham274@gmail.com_2025-08-25 12_43_37_An_Xiaomi8lite_0.2ppm_1_3_NH4+_10.8768218_106.6782242.jpg","NH4","0.2","Xiaomi8lite","2025-08-25 12:43:37","train"
"NH4/Xiaomi8lite/round1/HksM0_ngochanpham274@gmail.com_2025-08-25 13_02_44_An_Xiaomi8lite_4ppm_1_2_NH4+_10.8768671_106.6782392.jpg","NH4","4.0","Xiaomi8lite","2025-08-25 13:02:44","train"
"NH4/Xiaomi8lite/round1/IDuxK_ngochanpham274@gmail.com_2025-08-25 12_20_44_An_Xiaomi8lite_0.01ppm_1_5_NH4+_10.8768218_106.6782242.jpg","NH4","0.01","Xiaomi8lite","2025-08-25 12:20:44","train"
"NH4/Xiaomi8lite/round1/j24LO_ngochanpham274@gmail.com_2025-08-25 12_43_58_An_Xiaomi8lite_0.2ppm_1_4_NH4+_10.8768218_106.6782242.jpg","NH4","0.2","Xiaomi8lite","2025-08-25 12:43:58","train"
"NH4/Xiaomi8lite/round1/JnK9r_ngochanpham274@gmail.com_2025-08-25 12_47_08_An_Xiaomi8lite_0.4ppm_1_4_NH4+_10.8768218_106.6782242.jpg","NH4","0.4","Xiaomi8lite","2025-08-25 12:47:08","train"
"NH4/Xiaomi8lite/round1/jzugG_ngochanpham274@gmail.com_2025-08-25 12_19_25_An_Xiaomi8lite_0.01ppm_1_1_NH4+_10.8768218_106.6782242.jpg","NH4","0.01","Xiaomi8lite","2025-08-25 12:19:25","train"
"NH4/Xiaomi8lite/round1/k4QyA_ngochanpham274@gmail.com_2025-08-25 12_41_28_An_Xiaomi8lite_0.1ppm_1_5_NH4+_10.8768218_106.6782242.jpg","NH4","0.1","Xiaomi8lite","2025-08-25 12:41:28","train"
"NH4/Xiaomi8lite/round1/kb0Xv_ngochanpham274@gmail.com_2025-08-25 12_44_49_An_Xiaomi8lite_0.2ppm_1_5_NH4+_10.8768218_106.6782242.jpg","NH4","0.2","Xiaomi8lite","2025-08-25 12:44:49","train"
"NH4/Xiaomi8lite/round1/L9jc9_ngochanpham274@gmail.com_2025-08-25 12_50_48_An_Xiaomi8lite_0.5ppm_1_5_NH4+_10.8768218_106.6782242.jpg","NH4","0.5","Xiaomi8lite","2025-08-25 12:50:48","train"
"NH4/Xiaomi8lite/round1/LSQzU_ngochanpham274@gmail.com_2025-08-25 12_43_20_An_Xiaomi8lite_0.2ppm_1_2_NH4+_10.8768218_106.6782242.jpg","NH4","0.2","Xiaomi8lite","2025-08-25 12:43:20","train"
"NH4/Xiaomi8lite/round1/LWOXf_ngochanpham274@gmail.com_2025-08-25 12_53_03_An_Xiaomi8lite_0.6ppm_1_4_NH4+_10.8768218_106.6782242.jpg","NH4","0.6","Xiaomi8lite","2025-08-25 12:53:03","train"
"NH4/Xiaomi8lite/round1/LZyhD_ngochanpham274@gmail.com_2025-08-25 12_22_11_An_Xiaomi8lite_0.02ppm_1_1_NH4+_10.8768218_106.6782242.jpg","NH4","0.02","Xiaomi8lite","2025-08-25 12:22:11","train"
"NH4/Xiaomi8lite/round1/m0SLj_ngochanpham274@gmail.com_2025-08-25 13_00_48_An_Xiaomi8lite_2ppm_1_3_NH4+_10.8768671_106.6782392.jpg","NH4","2.0","Xiaomi8lite","2025-08-25 13:00:48","train"
"NH4/Xiaomi8lite/round1/M37bt_ngochanpham274@gmail.com_2025-08-25 13_02_29_An_Xiaomi8lite_4ppm_1_1_NH4+_10.8768671_106.6782392.jpg","NH4","4.0","Xiaomi8lite","2025-08-25 13:02:29","train"
"NH4/Xiaomi8lite/round1/m6FLD_ngochanpham274@gmail.com_2025-08-25 13_09_20_An_Xiaomi8lite_5ppm_1_4_NH4+_10.8768671_106.6782392.jpg","NH4","5.0","Xiaomi8lite","2025-08-25 13:09:20","train"
"NH4/Xiaomi8lite/round1/m9wwJ_ngochanpham274@gmail.com_2025-08-25 12_29_16_An_Xiaomi8lite_0.05ppm_1_4_NH4+_10.8768218_106.6782242.jpg","NH4","0.05","Xiaomi8lite","2025-08-25 12:29:16","train"
"NH4/Xiaomi8lite/round1/maBOu_ngochanpham274@gmail.com_2025-08-25 12_49_42_An_Xiaomi8lite_0.5ppm_1_2_NH4+_10.8768218_106.6782242.jpg","NH4","0.5","Xiaomi8lite","2025-08-25 12:49:42","train"
"NH4/Xiaomi8lite/round1/myNBN_ngochanpham274@gmail.com_2025-08-25 12_28_08_An_Xiaomi8lite_0.05ppm_1_1_NH4+_10.8768218_106.6782242.jpg","NH4","0.05","Xiaomi8lite","2025-08-25 12:28:08","train"
"NH4/Xiaomi8lite/round1/NM0aG_ngochanpham274@gmail.com_2025-08-25 12_57_02_An_Xiaomi8lite_1ppm_1_1_NH4+_10.8768218_106.6782242.jpg","NH4","1.0","Xiaomi8lite","2025-08-25 12:57:02","train"
"NH4/Xiaomi8lite/round1/Nvacs_ngochanpham274@gmail.com_2025-08-25 12_29_51_An_Xiaomi8lite_0.05ppm_1_5_NH4+_10.8768218_106.6782242.jpg","NH4","0.05","Xiaomi8lite","2025-08-25 12:29:51","train"
"NH4/Xiaomi8lite/round1/NwvEh_ngochanpham274@gmail.com_2025-08-25 12_40_00_An_Xiaomi8lite_0.1ppm_1_1_NH4+_10.8768218_106.6782242.jpg","NH4","0.1","Xiaomi8lite","2025-08-25 12:40:00","train"
"NH4/Xiaomi8lite/round1/oeYRW_ngochanpham274@gmail.com_2025-08-25 12_33_40_An_Xiaomi8lite_0.06ppm_1_4_NH4+_10.8768218_106.6782242.jpg","NH4","0.06","Xiaomi8lite","2025-08-25 12:33:40","train"
"NH4/Xiaomi8lite/round1/p93NN_ngochanpham274@gmail.com_2025-08-25 12_20_11_An_Xiaomi8lite_0.01ppm_1_4_NH4+_10.8768218_106.6782242.jpg","NH4","0.01","Xiaomi8lite","2025-08-25 12:20:11","train"
"NH4/Xiaomi8lite/round1/PRHV6_ngochanpham274@gmail.com_2025-08-25 12_33_11_An_Xiaomi8lite_0.06ppm_1_3_NH4+_10.8768218_106.6782242.jpg","NH4","0.06","Xiaomi8lite","2025-08-25 12:33:11","train"
"NH4/Xiaomi8lite/round1/pxCDZ_ngochanpham274@gmail.com_2025-08-25 12_31_07_An_Xiaomi8lite_0.06ppm_1_1_NH4+_10.8768218_106.6782242.jpg","NH4","0.06","Xiaomi8lite","2025-08-25 12:31:07","train"
"NH4/Xiaomi8lite/round1/qydhx_ngochanpham274@gmail.com_2025-08-25 12_40_20_An_Xiaomi8lite_0.1ppm_1_2_NH4+_10.8768218_106.6782242.jpg","NH4","0.1","Xiaomi8lite","2025-08-25 12:40:20","train"
"NH4/Xiaomi8lite/round1/rBXbI_ngochanpham274@gmail.com_2025-08-25 12_55_09_An_Xiaomi8lite_0.8ppm_1_3_NH4+_10.8768218_106.6782242.jpg","NH4","0.8","Xiaomi8lite","2025-08-25 12:55:09","train"
"NH4/Xiaomi8lite/round1/Rq03S_ngochanpham274@gmail.com_2025-08-25 12_24_03_An_Xiaomi8lite_0.02ppm_1_5_NH4+_10.8768218_106.6782242.jpg","NH4","0.02","Xiaomi8lite","2025-08-25 12:24:03","train"
"NH4/Xiaomi8lite/round1/RSC7j_ngochanpham274@gmail.com_2025-08-25 12_57_19_An_Xiaomi8lite_1ppm_1_2_NH4+_10.8768218_106.6782242.jpg","NH4","1.0","Xiaomi8lite","2025-08-25 12:57:19","train"
"NH4/Xiaomi8lite/round1/Rt3FS_ngochanpham274@gmail.com_2025-08-25 12_50_06_An_Xiaomi8lite_0.5ppm_1_3_NH4+_10.8768218_106.6782242.jpg","NH4","0.5","Xiaomi8lite","2025-08-25 12:50:06","train"
"NH4/Xiaomi8lite/round1/sK8Uo_ngochanpham274@gmail.com_2025-08-25 12_50_28_An_Xiaomi8lite_0.5ppm_1_4_NH4+_10.8768218_106.6782242.jpg","NH4","0.5","Xiaomi8lite","2025-08-25 12:50:28","train"
"NH4/Xiaomi8lite/round1/soKtR_ngochanpham274@gmail.com_2025-08-25 12_54_34_An_Xiaomi8lite_0.8ppm_1_1_NH4+_10.8768218_106.6782242.jpg","NH4","0.8","Xiaomi8lite","2025-08-25 12:54:34","train"
"NH4/Xiaomi8lite/round1/ttUOg_ngochanpham274@gmail.com_2025-08-25 13_03_05_An_Xiaomi8lite_4ppm_1_3_NH4+_10.8768671_106.6782392.jpg","NH4","4.0","Xiaomi8lite","2025-08-25 13:03:05","train"
"NH4/Xiaomi8lite/round1/uk3dF_ngochanpham274@gmail.com_2025-08-25 12_22_48_An_Xiaomi8lite_0.02ppm_1_2_NH4+_10.8768218_106.6782242.jpg","NH4","0.02","Xiaomi8lite","2025-08-25 12:22:48","train"
"NH4/Xiaomi8lite/round1/uLLCF_ngochanpham274@gmail.com_2025-08-25 13_09_54_An_Xiaomi8lite_5ppm_1_5_NH4+_10.8768671_106.6782392.jpg","NH4","5.0","Xiaomi8lite","2025-08-25 13:09:54","train"
"NH4/Xiaomi8lite/round1/vFs0L_ngochanpham274@gmail.com_2025-08-25 12_52_40_An_Xiaomi8lite_0.6ppm_1_3_NH4+_10.8768218_106.6782242.jpg","NH4","0.6","Xiaomi8lite","2025-08-25 12:52:40","train"
"NH4/Xiaomi8lite/round1/VMvuc_ngochanpham274@gmail.com_2025-08-25 12_57_36_An_Xiaomi8lite_1ppm_1_3_NH4+_10.8768218_106.6782242.jpg","NH4","1.0","Xiaomi8lite","2025-08-25 12:57:36","train"
"NH4/Xiaomi8lite/round1/W6NEb_ngochanpham274@gmail.com_2025-08-25 12_35_48_An_Xiaomi8lite_0.08ppm_1_1_NH4+_10.8768218_106.6782242.jpg","NH4","0.08","Xiaomi8lite","2025-08-25 12:35:48","train"
"NH4/Xiaomi8lite/round1/wFeKf_ngochanpham274@gmail.com_2025-08-25 12_28_51_An_Xiaomi8lite_0.05ppm_1_3_NH4+_10.8768218_106.6782242.jpg","NH4","0.05","Xiaomi8lite","2025-08-25 12:28:51","train"
"NH4/Xiaomi8lite/round1/WJShH_ngochanpham274@gmail.com_2025-08-25 13_00_32_An_Xiaomi8lite_2ppm_1_2_NH4+_10.8768671_106.6782392.jpg","NH4","2.0","Xiaomi8lite","2025-08-25 13:00:32","train"
"NH4/Xiaomi8lite/round1/WSriN_ngochanpham274@gmail.com_2025-08-25 12_34_12_An_Xiaomi8lite_0.06ppm_1_5_NH4+_10.8768218_106.6782242.jpg","NH4","0.06","Xiaomi8lite","2025-08-25 12:34:12","train"
"NH4/Xiaomi8lite/round1/X7V9J_ngochanpham274@gmail.com_2025-08-25 12_54_51_An_Xiaomi8lite_0.8ppm_1_2_NH4+_10.8768218_106.6782242.jpg","NH4","0.8","Xiaomi8lite","2025-08-25 12:54:51","train"
"NH4/Xiaomi8lite/round1/xQpwi_ngochanpham274@gmail.com_2025-08-25 12_23_38_An_Xiaomi8lite_0.02ppm_1_4_NH4+_10.8768218_106.6782242.jpg","NH4","0.02","Xiaomi8lite","2025-08-25 12:23:38","train"
"NH4/Xiaomi8lite/round1/xUimX_ngochanpham274@gmail.com_2025-08-25 12_25_18_An_Xiaomi8lite_0.04ppm_1_2 _NH4+_10.8768218_106.6782242.jpg","NH4","0.04","Xiaomi8lite","2025-08-25 12:25:18","train"
"NH4/Xiaomi8lite/round1/Xvsce_ngochanpham274@gmail.com_2025-08-25 13_07_21_An_Xiaomi8lite_5ppm_1_1_NH4+_10.8768671_106.6782392.jpg","NH4","5.0","Xiaomi8lite","2025-08-25 13:07:21","train"
"NH4/Xiaomi8lite/round1/Y91dQ_ngochanpham274@gmail.com_2025-08-25 13_01_09_An_Xiaomi8lite_2ppm_1_4_NH4+_10.8768671_106.6782392.jpg","NH4","2.0","Xiaomi8lite","2025-08-25 13:01:09","train"
"NH4/Xiaomi8lite/round1/ylrLX_ngochanpham274@gmail.com_2025-08-25 12_25_52_An_Xiaomi8lite_0.04ppm_1_3_NH4+_10.8768218_106.6782242.jpg","NH4","0.04","Xiaomi8lite","2025-08-25 12:25:52","train"
"NH4/Xiaomi8lite/round1/zML9c_ngochanpham274@gmail.com_2025-08-25 13_01_26_An_Xiaomi8lite_2ppm_1_5_NH4+_10.8768671_106.6782392.jpg","NH4","2.0","Xiaomi8lite","2025-08-25 13:01:26","train"
"NH4/Xiaomi8lite/round2/1PPLX_ngochanpham274@gmail.com_2025-08-25 17_18_37_An_Xiaomi8lite_0.02ppm_2_4_NH4+_10.8768611_106.6782367.jpg","NH4","0.02","Xiaomi8lite","2025-08-25 17:18:37","train"
"NH4/Xiaomi8lite/round2/1ZkVY_ngochanpham274@gmail.com_2025-08-25 17_42_22_An_Xiaomi8lite_0.5ppm_2_3_NH4+_10.8768549_106.6782493.jpg","NH4","0.5","Xiaomi8lite","2025-08-25 17:42:22","train"
"NH4/Xiaomi8lite/round2/2IZWC_ngochanpham274@gmail.com_2025-08-25 17_33_19_An_Xiaomi8lite_0.1ppm_2_1_NH4+_10.8768549_106.6782493.jpg","NH4","0.1","Xiaomi8lite","2025-08-25 17:33:19","train"
"NH4/Xiaomi8lite/round2/3ACs7_ngochanpham274@gmail.com_2025-08-25 17_33_48_An_Xiaomi8lite_0.1ppm_2_2_NH4+_10.8768549_106.6782493.jpg","NH4","0.1","Xiaomi8lite","2025-08-25 17:33:48","train"
"NH4/Xiaomi8lite/round2/3dEeu_ngochanpham274@gmail.com_2025-08-25 17_43_56_An_Xiaomi8lite_0.6ppm_2_1_NH4+_10.8768549_106.6782493.jpg","NH4","0.6","Xiaomi8lite","2025-08-25 17:43:56","train"
"NH4/Xiaomi8lite/round2/3fGmI_ngochanpham274@gmail.com_2025-08-25 17_54_19_An_Xiaomi8lite_2ppm_2_5_NH4+_10.8768549_106.6782493.jpg","NH4","2.0","Xiaomi8lite","2025-08-25 17:54:19","train"
"NH4/Xiaomi8lite/round2/3FqbO_ngochanpham274@gmail.com_2025-08-25 17_29_33_An_Xiaomi8lite_0.06ppm_2_3_NH4+_10.8768549_106.6782493.jpg","NH4","0.06","Xiaomi8lite","2025-08-25 17:29:33","train"
"NH4/Xiaomi8lite/round2/3LsM4_ngochanpham274@gmail.com_2025-08-25 17_29_14_An_Xiaomi8lite_0.06ppm_2_2_NH4+_10.8768549_106.6782493.jpg","NH4","0.06","Xiaomi8lite","2025-08-25 17:29:14","train"
"NH4/Xiaomi8lite/round2/5uEUs_ngochanpham274@gmail.com_2025-08-25 17_36_16_An_Xiaomi8lite_0.2pm_2_2_NH4+_10.8768549_106.6782493.jpg","NH4","0.2","Xiaomi8lite","2025-08-25 17:36:16","train"
"NH4/Xiaomi8lite/round2/6ZQ2y_ngochanpham274@gmail.com_2025-08-25 17_53_25_An_Xiaomi8lite_2ppm_2_3_NH4+_10.8768549_106.6782493.jpg","NH4","2.0","Xiaomi8lite","2025-08-25 17:53:25","train"
"NH4/Xiaomi8lite/round2/7LIDT_ngochanpham274@gmail.com_2025-08-25 17_50_07_An_Xiaomi8lite_1ppm_2_2_NH4+_10.8768549_106.6782493.jpg","NH4","1.0","Xiaomi8lite","2025-08-25 17:50:07","train"
"NH4/Xiaomi8lite/round2/7onUn_ngochanpham274@gmail.com_2025-08-25 17_28_54_An_Xiaomi8lite_0.06ppm_2_1_NH4+_10.8768549_106.6782493.jpg","NH4","0.06","Xiaomi8lite","2025-08-25 17:28:54","train"
"NH4/Xiaomi8lite/round2/7scdp_ngochanpham274@gmail.com_2025-08-25 17_17_38_An_Xiaomi8lite_0.02ppm_2_2_NH4+_10.8768611_106.6782367.jpg","NH4","0.02","Xiaomi8lite","2025-08-25 17:17:38","train"
"NH4/Xiaomi8lite/round2/8b3HL_ngochanpham274@gmail.com_2025-08-25 17_24_51_An_Xiaomi8lite_0.04ppm_2_4_NH4+_10.8768549_106.6782493.jpg","NH4","0.04","Xiaomi8lite","2025-08-25 17:24:51","train"
"NH4/Xiaomi8lite/round2/8hbbN_ngochanpham274@gmail.com_2025-08-25 17_42_59_An_Xiaomi8lite_0.5ppm_2_5_NH4+_10.8768549_106.6782493.jpg","NH4","0.5","Xiaomi8lite","2025-08-25 17:42:59","train"
"NH4/Xiaomi8lite/round2/8UsFc_ngochanpham274@gmail.com_2025-08-25 17_29_53_An_Xiaomi8lite_0.06ppm_2_4_NH4+_10.8768549_106.6782493.jpg","NH4","0.06","Xiaomi8lite","2025-08-25 17:29:53","train"
"NH4/Xiaomi8lite/round2/90nu1_ngochanpham274@gmail.com_2025-08-25 17_46_45_An_Xiaomi8lite_0.8ppm_2_1_NH4+_10.8768549_106.6782493.jpg","NH4","0.8","Xiaomi8lite","2025-08-25 17:46:45","train"
"NH4/Xiaomi8lite/round2/9aK58_ngochanpham274@gmail.com_2025-08-25 17_31_09_An_Xiaomi8lite_0.08ppm_2_1_NH4+_10.8768549_106.6782493.jpg","NH4","0.08","Xiaomi8lite","2025-08-25 17:31:09","train"
"NH4/Xiaomi8lite/round2/AFwhB_ngochanpham274@gmail.com_2025-08-25 17_23_42_An_Xiaomi8lite_0.04ppm_2_2_NH4+_10.8768549_106.6782493.jpg","NH4","0.04","Xiaomi8lite","2025-08-25 17:23:42","train"
"NH4/Xiaomi8lite/round2/bFq7h_ngochanpham274@gmail.com_2025-08-25 17_51_04_An_Xiaomi8lite_1ppm_2_4_NH4+_10.8768549_106.6782493.jpg","NH4","1.0","Xiaomi8lite","2025-08-25 17:51:04","train"
"NH4/Xiaomi8lite/round2/buAF3_ngochanpham274@gmail.com_2025-08-25 17_24_11_An_Xiaomi8lite_0.04ppm_2_1_NH4+_10.8768549_106.6782493.jpg","NH4","0.04","Xiaomi8lite","2025-08-25 17:24:11","train"
"NH4/Xiaomi8lite/round2/ByHYt_ngochanpham274@gmail.com_2025-08-25 17_48_46_An_Xiaomi8lite_0.8ppm_2_5_NH4+_10.8768549_106.6782493.jpg","NH4","0.8","Xiaomi8lite","2025-08-25 17:48:46","train"
"NH4/Xiaomi8lite/round2/CjpEj_ngochanpham274@gmail.com_2025-08-25 17_51_49_An_Xiaomi8lite_1ppm_2_5_NH4+_10.8768549_106.6782493.jpg","NH4","1.0","Xiaomi8lite","2025-08-25 17:51:49","train"
"NH4/Xiaomi8lite/round2/CLdKc_ngochanpham274@gmail.com_2025-08-25 17_14_07_An_Xiaomi8lite_0.01ppm_2_1_NH4+_10.8768611_106.6782367.jpg","NH4","0.01","Xiaomi8lite","2025-08-25 17:14:07","train"
"NH4/Xiaomi8lite/round2/cRrFV_ngochanpham274@gmail.com_2025-08-25 18_04_18_An_Xiaomi8lite_4ppm_2_5_NH4+_10.8768493_106.6782267.jpg","NH4","4.0","Xiaomi8lite","2025-08-25 18:04:18","train"
"NH4/Xiaomi8lite/round2/CWpOT_ngochanpham274@gmail.com_2025-08-25 17_26_51_An_Xiaomi8lite_0.05ppm_2_3_NH4+_10.8768549_106.6782493.jpg","NH4","0.05","Xiaomi8lite","2025-08-25 17:26:51","train"
"NH4/Xiaomi8lite/round2/CWqqj_ngochanpham274@gmail.com_2025-08-25 17_49_26_An_Xiaomi8lite_1ppm_2_1_NH4+_10.8768549_106.6782493.jpg","NH4","1.0","Xiaomi8lite","2025-08-25 17:49:26","train"
"NH4/Xiaomi8lite/round2/DHWbj_ngochanpham274@gmail.com_2025-08-25 17_47_48_An_Xiaomi8lite_0.8ppm_2_3_NH4+_10.8768549_106.6782493.jpg","NH4","0.8","Xiaomi8lite","2025-08-25 17:47:48","train"
"NH4/Xiaomi8lite/round2/dUbRC_ngochanpham274@gmail.com_2025-08-25 17_17_20_An_Xiaomi8lite_0.02ppm_2_1_NH4+_10.8768611_106.6782367.jpg","NH4","0.02","Xiaomi8lite","2025-08-25 17:17:20","train"
"NH4/Xiaomi8lite/round2/EL2fC_ngochanpham274@gmail.com_2025-08-25 17_45_39_An_Xiaomi8lite_0.6ppm_2_5_NH4+_10.8768549_106.6782493.jpg","NH4","0.6","Xiaomi8lite","2025-08-25 17:45:39","train"
"NH4/Xiaomi8lite/round2/F9uhN_ngochanpham274@gmail.com_2025-08-25 17_37_22_An_Xiaomi8lite_0.2pm_2_5_NH4+_10.8768549_106.6782493.jpg","NH4","0.2","Xiaomi8lite","2025-08-25 17:37:22","train"
"NH4/Xiaomi8lite/round2/ffuBH_ngochanpham274@gmail.com_2025-08-25 17_13_28_An_Xiaomi8lite_0.01ppm_2_1_NH4+_10.8768611_106.6782367.jpg","NH4","0.01","Xiaomi8lite","2025-08-25 17:13:28","train"
"NH4/Xiaomi8lite/round2/FmJDR_ngochanpham274@gmail.com_2025-08-25 17_37_02_An_Xiaomi8lite_0.2pm_2_4_NH4+_10.8768549_106.6782493.jpg","NH4","0.2","Xiaomi8lite","2025-08-25 17:37:02","train"
"NH4/Xiaomi8lite/round2/Ft4CU_ngochanpham274@gmail.com_2025-08-25 18_03_13_An_Xiaomi8lite_4ppm_2_3_NH4+_10.8768493_106.6782267.jpg","NH4","4.0","Xiaomi8lite","2025-08-25 18:03:13","train"
"NH4/Xiaomi8lite/round2/hOZ8Y_ngochanpham274@gmail.com_2025-08-25 17_50_38_An_Xiaomi8lite_1ppm_2_3_NH4+_10.8768549_106.6782493.jpg","NH4","1.0","Xiaomi8lite","2025-08-25 17:50:38","train"
"NH4/Xiaomi8lite/round2/HRJh3_ngochanpham274@gmail.com_2025-08-25 17_24_31_An_Xiaomi8lite_0.04ppm_2_3_NH4+_10.8768549_106.6782493.jpg","NH4","0.04","Xiaomi8lite","2025-08-25 17:24:31","train"
"NH4/Xiaomi8lite/round2/HwVPB_ngochanpham274@gmail.com_2025-08-25 17_30_19_An_Xiaomi8lite_0.06ppm_2_5_NH4+_10.8768549_106.6782493.jpg","NH4","0.06","Xiaomi8lite","2025-08-25 17:30:19","train"
"NH4/Xiaomi8lite/round2/ICS8L_ngochanpham274@gmail.com_2025-08-25 17_34_09_An_Xiaomi8lite_0.1ppm_2_3_NH4+_10.8768549_106.6782493.jpg","NH4","0.1","Xiaomi8lite","2025-08-25 17:34:09","train"
"NH4/Xiaomi8lite/round2/iWLFy_ngochanpham274@gmail.com_2025-08-25 17_44_18_An_Xiaomi8lite_0.6ppm_2_2_NH4+_10.8768549_106.6782493.jpg","NH4","0.6","Xiaomi8lite","2025-08-25 17:44:18","train"
"NH4/Xiaomi8lite/round2/JToFM_ngochanpham274@gmail.com_2025-08-25 18_02_33_An_Xiaomi8lite_4ppm_2_1_NH4+_10.8768493_106.6782267.jpg","NH4","4.0","Xiaomi8lite","2025-08-25 18:02:33","train"
"NH4/Xiaomi8lite/round2/KjUUO_ngochanpham274@gmail.com_2025-08-25 17_17_59_An_Xiaomi8lite_0.02ppm_2_3_NH4+_10.8768611_106.6782367.jpg","NH4","0.02","Xiaomi8lite","2025-08-25 17:17:59","train"
"NH4/Xiaomi8lite/round2/KPzAj_ngochanpham274@gmail.com_2025-08-25 17_23_22_An_Xiaomi8lite_0.04ppm_2_1_NH4+_10.8768549_106.6782493.jpg","NH4","0.04","Xiaomi8lite","2025-08-25 17:23:22","train"
"NH4/Xiaomi8lite/round2/lfV1k_ngochanpham274@gmail.com_2025-08-25 17_26_29_An_Xiaomi8lite_0.05ppm_2_2_NH4+_10.8768549_106.6782493.jpg","NH4","0.05","Xiaomi8lite","2025-08-25 17:26:29","train"
"NH4/Xiaomi8lite/round2/LOQSD_ngochanpham274@gmail.com_2025-08-25 17_45_05_An_Xiaomi8lite_0.6ppm_2_4_NH4+_10.8768549_106.6782493.jpg","NH4","0.6","Xiaomi8lite","2025-08-25 17:45:05","train"
"NH4/Xiaomi8lite/round2/M5uHf_ngochanpham274@gmail.com_2025-08-25 17_15_40_An_Xiaomi8lite_0.01ppm_2_4_NH4+_10.8768611_106.6782367.jpg","NH4","0.01","Xiaomi8lite","2025-08-25 17:15:40","train"
"NH4/Xiaomi8lite/round2/M8hvg_ngochanpham274@gmail.com_2025-08-25 17_31_28_An_Xiaomi8lite_0.08ppm_2_2_NH4+_10.8768549_106.6782493.jpg","NH4","0.08","Xiaomi8lite","2025-08-25 17:31:28","train"
"NH4/Xiaomi8lite/round2/mkdOa_ngochanpham274@gmail.com_2025-08-25 17_42_02_An_Xiaomi8lite_0.5ppm_2_2_NH4+_10.8768549_106.6782493.jpg","NH4","0.5","Xiaomi8lite","2025-08-25 17:42:02","train"
"NH4/Xiaomi8lite/round2/mucka_ngochanpham274@gmail.com_2025-08-25 17_35_54_An_Xiaomi8lite_0.2pm_2_1_NH4+_10.8768549_106.6782493.jpg","NH4","0.2","Xiaomi8lite","2025-08-25 17:35:54","train"
"NH4/Xiaomi8lite/round2/MXZ9u_ngochanpham274@gmail.com_2025-08-25 17_34_49_An_Xiaomi8lite_0.1ppm_2_5_NH4+_10.8768549_106.6782493.jpg","NH4","0.1","Xiaomi8lite","2025-08-25 17:34:49","train"
"NH4/Xiaomi8lite/round2/N71H8_ngochanpham274@gmail.com_2025-08-25 18_03_32_An_Xiaomi8lite_4ppm_2_4_NH4+_10.8768493_106.6782267.jpg","NH4","4.0","Xiaomi8lite","2025-08-25 18:03:32","train"
"NH4/Xiaomi8lite/round2/nW8qe_ngochanpham274@gmail.com_2025-08-25 17_32_07_An_Xiaomi8lite_0.08ppm_2_4_NH4+_10.8768549_106.6782493.jpg","NH4","0.08","Xiaomi8lite","2025-08-25 17:32:07","train"
"NH4/Xiaomi8lite/round2/o4t5c_ngochanpham274@gmail.com_2025-08-25 17_16_12_An_Xiaomi8lite_0.01ppm_2_5_NH4+_10.8768611_106.6782367.jpg","NH4","0.01","Xiaomi8lite","2025-08-25 17:16:12","train"
"NH4/Xiaomi8lite/round2/onE18_ngochanpham274@gmail.com_2025-08-25 17_38_54_An_Xiaomi8lite_0.4pm_2_2_NH4+_10.8768549_106.6782493.jpg","NH4","0.4","Xiaomi8lite","2025-08-25 17:38:54","train"
"NH4/Xiaomi8lite/round2/PFv5E_ngochanpham274@gmail.com_2025-08-25 17_41_43_An_Xiaomi8lite_0.5ppm_2_1_NH4+_10.8768549_106.6782493.jpg","NH4","0.5","Xiaomi8lite","2025-08-25 17:41:43","train"
"NH4/Xiaomi8lite/round2/Pyid8_ngochanpham274@gmail.com_2025-08-25 18_02_55_An_Xiaomi8lite_4ppm_2_2_NH4+_10.8768493_106.6782267.jpg","NH4","4.0","Xiaomi8lite","2025-08-25 18:02:55","train"
"NH4/Xiaomi8lite/round2/PzDno_ngochanpham274@gmail.com_2025-08-25 17_47_23_An_Xiaomi8lite_0.8ppm_2_2_NH4+_10.8768549_106.6782493.jpg","NH4","0.8","Xiaomi8lite","2025-08-25 17:47:23","train"
"NH4/Xiaomi8lite/round2/q2M1J_ngochanpham274@gmail.com_2025-08-25 17_52_36_An_Xiaomi8lite_2ppm_2_1_NH4+_10.8768549_106.6782493.jpg","NH4","2.0","Xiaomi8lite","2025-08-25 17:52:36","train"
"NH4/Xiaomi8lite/round2/qbRen_ngochanpham274@gmail.com_2025-08-25 17_18_54_An_Xiaomi8lite_0.02ppm_2_5_NH4+_10.8768611_106.6782367.jpg","NH4","0.02","Xiaomi8lite","2025-08-25 17:18:54","train"
"NH4/Xiaomi8lite/round2/R1zre_ngochanpham274@gmail.com_2025-08-25 17_53_54_An_Xiaomi8lite_2ppm_2_4_NH4+_10.8768549_106.6782493.jpg","NH4","2.0","Xiaomi8lite","2025-08-25 17:53:54","train"
"NH4/Xiaomi8lite/round2/R7w50_ngochanpham274@gmail.com_2025-08-25 17_27_09_An_Xiaomi8lite_0.05ppm_2_4_NH4+_10.8768549_106.6782493.jpg","NH4","0.05","Xiaomi8lite","2025-08-25 17:27:09","train"
"NH4/Xiaomi8lite/round2/rKgUs_ngochanpham274@gmail.com_2025-08-25 17_32_27_An_Xiaomi8lite_0.08ppm_2_5_NH4+_10.8768549_106.6782493.jpg","NH4","0.08","Xiaomi8lite","2025-08-25 17:32:27","train"
"NH4/Xiaomi8lite/round2/slGWV_ngochanpham274@gmail.com_2025-08-25 17_26_10_An_Xiaomi8lite_0.05ppm_2_1_NH4+_10.8768549_106.6782493.jpg","NH4","0.05","Xiaomi8lite","2025-08-25 17:26:10","train"
"NH4/Xiaomi8lite/round2/SzLdk_ngochanpham274@gmail.com_2025-08-25 17_40_29_An_Xiaomi8lite_0.4pm_2_5_NH4+_10.8768549_106.6782493.jpg","NH4","0.4","Xiaomi8lite","2025-08-25 17:40:29","train"
"NH4/Xiaomi8lite/round2/t9jAV_ngochanpham274@gmail.com_2025-08-25 17_15_15_An_Xiaomi8lite_0.01ppm_2_3_NH4+_10.8768611_106.6782367.jpg","NH4","0.01","Xiaomi8lite","2025-08-25 17:15:15","train"
"NH4/Xiaomi8lite/round2/tNeuf_ngochanpham274@gmail.com_2025-08-25 17_44_42_An_Xiaomi8lite_0.6ppm_2_3_NH4+_10.8768549_106.6782493.jpg","NH4","0.6","Xiaomi8lite","2025-08-25 17:44:42","train"
"NH4/Xiaomi8lite/round2/ucj1K_ngochanpham274@gmail.com_2025-08-25 17_42_39_An_Xiaomi8lite_0.5ppm_2_4_NH4+_10.8768549_106.6782493.jpg","NH4","0.5","Xiaomi8lite","2025-08-25 17:42:39","train"
"NH4/Xiaomi8lite/round2/UNy1w_ngochanpham274@gmail.com_2025-08-25 17_25_10_An_Xiaomi8lite_0.04ppm_2_5_NH4+_10.8768549_106.6782493.jpg","NH4","0.04","Xiaomi8lite","2025-08-25 17:25:10","train"
"NH4/Xiaomi8lite/round2/V50jy_ngochanpham274@gmail.com_2025-08-25 17_34_32_An_Xiaomi8lite_0.1ppm_2_4_NH4+_10.8768549_106.6782493.jpg","NH4","0.1","Xiaomi8lite","2025-08-25 17:34:32","train"
"NH4/Xiaomi8lite/round2/WJ3md_ngochanpham274@gmail.com_2025-08-25 17_39_43_An_Xiaomi8lite_0.4pm_2_3_NH4+_10.8768549_106.6782493.jpg","NH4","0.4","Xiaomi8lite","2025-08-25 17:39:43","train"
"NH4/Xiaomi8lite/round2/WMw27_ngochanpham274@gmail.com_2025-08-25 17_31_48_An_Xiaomi8lite_0.08ppm_2_3_NH4+_10.8768549_106.6782493.jpg","NH4","0.08","Xiaomi8lite","2025-08-25 17:31:48","train"
"NH4/Xiaomi8lite/round2/WsRM5_ngochanpham274@gmail.com_2025-08-25 17_48_15_An_Xiaomi8lite_0.8ppm_2_4_NH4+_10.8768549_106.6782493.jpg","NH4","0.8","Xiaomi8lite","2025-08-25 17:48:15","train"
"NH4/Xiaomi8lite/round2/xwPXu_ngochanpham274@gmail.com_2025-08-25 17_53_04_An_Xiaomi8lite_2ppm_2_2_NH4+_10.8768549_106.6782493.jpg","NH4","2.0","Xiaomi8lite","2025-08-25 17:53:04","train"
"NH4/Xiaomi8lite/round2/y4j7Y_ngochanpham274@gmail.com_2025-08-25 17_40_03_An_Xiaomi8lite_0.4pm_2_4_NH4+_10.8768549_106.6782493.jpg","NH4","0.4","Xiaomi8lite","2025-08-25 17:40:03","train"
"NH4/Xiaomi8lite/round2/yK5m1_ngochanpham274@gmail.com_2025-08-25 17_14_24_An_Xiaomi8lite_0.01ppm_2_2_NH4+_10.8768611_106.6782367.jpg","NH4","0.01","Xiaomi8lite","2025-08-25 17:14:24","train"
"NH4/Xiaomi8lite/round2/ZAuwg_ngochanpham274@gmail.com_2025-08-25 17_38_28_An_Xiaomi8lite_0.4pm_2_1_NH4+_10.8768549_106.6782493.jpg","NH4","0.4","Xiaomi8lite","2025-08-25 17:38:28","train"
"NH4/Xiaomi8lite/round2/ZWBrM_ngochanpham274@gmail.com_2025-08-25 17_27_47_An_Xiaomi8lite_0.05ppm_2_5_NH4+_10.8768549_106.6782493.jpg","NH4","0.05","Xiaomi8lite","2025-08-25 17:27:47","train"
"NH4/Xiaomi8lite/round2/ZxDbw_ngochanpham274@gmail.com_2025-08-25 17_36_40_An_Xiaomi8lite_0.2pm_2_3_NH4+_10.8768549_106.6782493.jpg","NH4","0.2","Xiaomi8lite","2025-08-25 17:36:40","train"
"NO2/OppoA83/round1/12hrE_ngochanpham274@gmail.com_2025-08-06 15_10_31_An_OppoA83_0.1ppm_1_5_NO2-_10.8768598_106.6782015.jpg","NO2","0.1","OppoA83","2025-08-06 15:10:31","train"
"NO2/OppoA83/round1/1GGde_ngochanpham274@gmail.com_2025-08-06 15_43_48_An_OppoA83_1ppm_1_3_NO2-_10.8768692_106.6782104.jpg","NO2","1.0","OppoA83","2025-08-06 15:43:48","train"
"NO2/OppoA83/round1/3EIUp_ngochanpham274@gmail.com_2025-08-06 14_46_49_An_OppoA83_0.05ppm_1_1_NO2-_10.8768673_106.6782044.jpg","NO2","0.05","OppoA83","2025-08-06 14:46:49","train"
"NO2/OppoA83/round1/3SE3i_ngochanpham274@gmail.com_2025-08-06 15_20_13_An_OppoA83_0.4ppm_1_4_NO2-_10.8768598_106.6782015.jpg","NO2","0.4","OppoA83","2025-08-06 15:20:13","train"
"NO2/OppoA83/round1/4AAsG_ngochanpham274@gmail.com_2025-08-06 15_04_00_An_OppoA83_0.08ppm_1_2_NO2-_10.8768598_106.6782015.jpg","NO2","0.08","OppoA83","2025-08-06 15:04:00","train"
"NO2/OppoA83/round1/5xay9_ngochanpham274@gmail.com_2025-08-06 15_59_29_An_OppoA83_4ppm_1_2_NO2_10.8768529_106.6782055.jpg","NO2","4.0","OppoA83","2025-08-06 15:59:29","train"
"NO2/OppoA83/round1/7irmQ_ngochanpham274@gmail.com_2025-08-06 15_33_37_An_OppoA83_0.6ppm_1_2_NO2-_10.8768692_106.6782104.jpg","NO2","0.6","OppoA83","2025-08-06 15:33:37","train"
"NO2/OppoA83/round1/7Tu54_ngochanpham274@gmail.com_2025-08-06 14_39_23_An_OppoA83_0.02ppm_1_4_NO2-_10.8768673_106.6782044.jpg","NO2","0.02","OppoA83","2025-08-06 14:39:23","train"
"NO2/OppoA83/round1/7zDL0_ngochanpham274@gmail.com_2025-08-06 14_42_47_An_OppoA83_0.04ppm_1_2_NO2-_10.8768673_106.6782044.jpg","NO2","0.04","OppoA83","2025-08-06 14:42:47","train"
"NO2/OppoA83/round1/86D0W_ngochanpham274@gmail.com_2025-08-06 14_54_40_An_OppoA83_0.06ppm_1_3_NO2-_10.8768609_106.6781991.jpg","NO2","0.06","OppoA83","2025-08-06 14:54:40","train"
"NO2/OppoA83/round1/8doWQ_ngochanpham274@gmail.com_2025-08-06 15_56_04_An_OppoA83_2ppm_1_4_NO2_10.8768529_106.6782055.jpg","NO2","2.0","OppoA83","2025-08-06 15:56:04","train"
"NO2/OppoA83/round1/8zADM_ngochanpham274@gmail.com_2025-08-06 15_52_30_An_OppoA83_2ppm_1_1_NO2_10.8768529_106.6782055.jpg","NO2","2.0","OppoA83","2025-08-06 15:52:30","train"
"NO2/OppoA83/round1/9l6sr_ngochanpham274@gmail.com_2025-08-06 15_08_25_An_OppoA83_0.1ppm_1_2_NO2-_10.8768598_106.6782015.jpg","NO2","0.1","OppoA83","2025-08-06 15:08:25","train"
"NO2/OppoA83/round1/a2Sz6_ngochanpham274@gmail.com_2025-08-06 15_05_25_An_OppoA83_0.08ppm_1_4_NO2-_10.8768598_106.6782015.jpg","NO2","0.08","OppoA83","2025-08-06 15:05:25","train"
"NO2/OppoA83/round1/aKHoF_ngochanpham274@gmail.com_2025-08-06 14_55_51_An_OppoA83_0.06ppm_1_4_NO2-_10.8768609_106.6781991.jpg","NO2","0.06","OppoA83","2025-08-06 14:55:51","train"
"NO2/OppoA83/round1/BaYAZ_ngochanpham274@gmail.com_2025-08-06 15_35_37_An_OppoA83_0.6ppm_1_5_NO2-_10.8768692_106.6782104.jpg","NO2","0.6","OppoA83","2025-08-06 15:35:37","train"
"NO2/OppoA83/round1/cCqOf_ngochanpham274@gmail.com_2025-08-06 15_34_58_An_OppoA83_0.6ppm_1_4_NO2-_10.8768692_106.6782104.jpg","NO2","0.6","OppoA83","2025-08-06 15:34:58","train"
"NO2/OppoA83/round1/cDCO7_ngochanpham274@gmail.com_2025-08-06 15_57_06_An_OppoA83_2ppm_1_5_NO2_10.8768529_106.6782055.jpg","NO2","2.0","OppoA83","2025-08-06 15:57:06","train"
"NO2/OppoA83/round1/cvE0x_ngochanpham274@gmail.com_2025-08-06 16_00_26_An_OppoA83_4ppm_1_3_NO2-_10.8768529_106.6782055.jpg","NO2","4.0","OppoA83","2025-08-06 16:00:26","train"
"NO2/OppoA83/round1/DDrgi_ngochanpham274@gmail.com_2025-08-06 15_09_53_An_OppoA83_0.1ppm_1_4_NO2-_10.8768598_106.6782015.jpg","NO2","0.1","OppoA83","2025-08-06 15:09:53","train"
"NO2/OppoA83/round1/DLZkO_ngochanpham274@gmail.com_2025-08-06 15_17_14_An_OppoA83_0.4ppm_1_1_NO2-_10.8768598_106.6782015.jpg","NO2","0.4","OppoA83","2025-08-06 15:17:14","train"
"NO2/OppoA83/round1/dQIUn_ngochanpham274@gmail.com_2025-08-06 15_53_46_An_OppoA83_2ppm_1_2_NO2_10.8768529_106.6782055.jpg","NO2","2.0","OppoA83","2025-08-06 15:53:46","train"
"NO2/OppoA83/round1/E6E8W_ngochanpham274@gmail.com_2025-08-06 14_40_35_An_OppoA83_0.02ppm_1_5_NO2-_10.8768673_106.6782044.jpg","NO2","0.02","OppoA83","2025-08-06 14:40:35","train"
"NO2/OppoA83/round1/EgtF5_ngochanpham274@gmail.com_2025-08-06 15_44_18_An_OppoA83_1ppm_1_4_NO2-_10.8768692_106.6782104.jpg","NO2","1.0","OppoA83","2025-08-06 15:44:18","train"
"NO2/OppoA83/round1/EqHRL_ngochanpham274@gmail.com_2025-08-06 14_34_48_An_OppoA83_0.01ppm_1_4_NO2-_10.8768673_106.6782044.jpg","NO2","0.01","OppoA83","2025-08-06 14:34:48","train"
"NO2/OppoA83/round1/eQz9G_ngochanpham274@gmail.com_2025-08-06 14_47_57_An_OppoA83_0.05ppm_1_3_NO2-_10.8768673_106.6782044.jpg","NO2","0.05","OppoA83","2025-08-06 14:47:57","train"
"NO2/OppoA83/round1/ETtHh_ngochanpham274@gmail.com_2025-08-06 15_12_48_An_OppoA83_0.2ppm_1_2_NO2-_10.8768598_106.6782015.jpg","NO2","0.2","OppoA83","2025-08-06 15:12:48","train"
"NO2/OppoA83/round1/EwEkF_ngochanpham274@gmail.com_2025-08-06 15_37_12_An_OppoA83_0.8ppm_1_1_NO2-_10.8768692_106.6782104.jpg","NO2","0.8","OppoA83","2025-08-06 15:37:12","train"
"NO2/OppoA83/round1/F6GMh_ngochanpham274@gmail.com_2025-08-06 15_09_16_An_OppoA83_0.1ppm_1_3_NO2-_10.8768598_106.6782015.jpg","NO2","0.1","OppoA83","2025-08-06 15:09:16","train"
"NO2/OppoA83/round1/FbsoE_ngochanpham274@gmail.com_2025-08-06 14_42_10_An_OppoA83_0.04ppm_1_1_NO2-_10.8768673_106.6782044.jpg","NO2","0.04","OppoA83","2025-08-06 14:42:10","train"
"NO2/OppoA83/round1/FHaWL_ngochanpham274@gmail.com_2025-08-06 16_01_00_An_OppoA83_4ppm_1_4_NO2-_10.8768529_106.6782055.jpg","NO2","4.0","OppoA83","2025-08-06 16:01:00","train"
"NO2/OppoA83/round1/FLSSl_ngochanpham274@gmail.com_2025-08-06 14_47_20_An_OppoA83_0.05ppm_1_2_NO2-_10.8768673_106.6782044.jpg","NO2","0.05","OppoA83","2025-08-06 14:47:20","train"
"NO2/OppoA83/round1/gkDYy_ngochanpham274@gmail.com_2025-08-06 14_32_39_An_OppoA83_0.01ppm_1_1_NO2-_10.8768673_106.6782044.jpg","NO2","0.01","OppoA83","2025-08-06 14:32:39","train"
"NO2/OppoA83/round1/hfixd_ngochanpham274@gmail.com_2025-08-06 14_53_58_An_OppoA83_0.06ppm_1_2_NO2-_10.8768609_106.6781991.jpg","NO2","0.06","OppoA83","2025-08-06 14:53:58","train"
"NO2/OppoA83/round1/IKdw5_ngochanpham274@gmail.com_2025-08-06 15_12_13_An_OppoA83_0.2ppm_1_1_NO2-_10.8768598_106.6782015.jpg","NO2","0.2","OppoA83","2025-08-06 15:12:13","train"
"NO2/OppoA83/round1/ISrMn_ngochanpham274@gmail.com_2025-08-06 15_07_41_An_OppoA83_0.1ppm_1_1_NO2-_10.8768598_106.6782015.jpg","NO2","0.1","OppoA83","2025-08-06 15:07:41","train"
"NO2/OppoA83/round1/IVDYt_ngochanpham274@gmail.com_2025-08-06 16_02_57_An_OppoA83_4ppm_1_5_NO2-_10.8768529_106.6782055.jpg","NO2","4.0","OppoA83","2025-08-06 16:02:57","train"
"NO2/OppoA83/round1/Iz364_ngochanpham274@gmail.com_2025-08-06 14_48_43_An_OppoA83_0.05ppm_1_4_NO2-_10.8768673_106.6782044.jpg","NO2","0.05","OppoA83","2025-08-06 14:48:43","train"
"NO2/OppoA83/round1/JjrKr_ngochanpham274@gmail.com_2025-08-06 15_29_43_An_OppoA83_0.5ppm_1_3_NO2-_10.8768692_106.6782104.jpg","NO2","0.5","OppoA83","2025-08-06 15:29:43","train"
"NO2/OppoA83/round1/jsWyr_ngochanpham274@gmail.com_2025-08-06 15_45_59_An_OppoA83_1ppm_1_5_NO2-_10.8768692_106.6782104.jpg","NO2","1.0","OppoA83","2025-08-06 15:45:59","train"
"NO2/OppoA83/round1/kyHd9_ngochanpham274@gmail.com_2025-08-06 14_34_14_An_OppoA83_0.01ppm_1_2_NO2-_10.8768673_106.6782044.jpg","NO2","0.01","OppoA83","2025-08-06 14:34:14","train"
"NO2/OppoA83/round1/M7Aog_ngochanpham274@gmail.com_2025-08-06 15_58_38_An_OppoA83_4ppm_1_1_NO2_10.8768529_106.6782055.jpg","NO2","4.0","OppoA83","2025-08-06 15:58:38","train"
"NO2/OppoA83/round1/mDds7_ngochanpham274@gmail.com_2025-08-06 14_38_00_An_OppoA83_0.02ppm_1_2_NO2-_10.8768673_106.6782044.jpg","NO2","0.02","OppoA83","2025-08-06 14:38:00","train"
"NO2/OppoA83/round1/mHYrQ_ngochanpham274@gmail.com_2025-08-06 15_31_01_An_OppoA83_0.5ppm_1_5_NO2-_10.8768692_106.6782104.jpg","NO2","0.5","OppoA83","2025-08-06 15:31:01","train"
"NO2/OppoA83/round1/Ms2Rw_ngochanpham274@gmail.com_2025-08-06 15_54_58_An_OppoA83_2ppm_1_3_NO2_10.8768529_106.6782055.jpg","NO2","2.0","OppoA83","2025-08-06 15:54:58","train"
"NO2/OppoA83/round1/OKSTV_ngochanpham274@gmail.com_2025-08-06 14_58_17_An_OppoA83_0.06ppm_1_5_NO2-_10.8768598_106.6782015.jpg","NO2","0.06","OppoA83","2025-08-06 14:58:17","train"
"NO2/OppoA83/round1/oSuDe_ngochanpham274@gmail.com_2025-08-06 15_15_32_An_OppoA83_0.2ppm_1_5_NO2-_10.8768598_106.6782015.jpg","NO2","0.2","OppoA83","2025-08-06 15:15:32","train"
"NO2/OppoA83/round1/OyDPQ_ngochanpham274@gmail.com_2025-08-06 15_42_11_An_OppoA83_1ppm_1_1_NO2-_10.8768692_106.6782104.jpg","NO2","1.0","OppoA83","2025-08-06 15:42:11","train"
"NO2/OppoA83/round1/pPtCq_ngochanpham274@gmail.com_2025-08-06 15_27_20_An_OppoA83_0.5ppm_1_2_NO2-_10.8768692_106.6782104.jpg","NO2","0.5","OppoA83","2025-08-06 15:27:20","train"
"NO2/OppoA83/round1/qaL1Y_ngochanpham274@gmail.com_2025-08-06 15_26_07_An_OppoA83_0.5ppm_1_1_NO2-_10.8768692_106.6782104.jpg","NO2","0.5","OppoA83","2025-08-06 15:26:07","train"
"NO2/OppoA83/round1/QHzDZ_ngochanpham274@gmail.com_2025-08-06 15_38_49_An_OppoA83_0.8ppm_1_3_NO2-_10.8768692_106.6782104.jpg","NO2","0.8","OppoA83","2025-08-06 15:38:49","train"
"NO2/OppoA83/round1/QKQUf_ngochanpham274@gmail.com_2025-08-06 14_44_44_An_OppoA83_0.04ppm_1_4_NO2-_10.8768673_106.6782044.jpg","NO2","0.04","OppoA83","2025-08-06 14:44:44","train"
"NO2/OppoA83/round1/Qs30r_ngochanpham274@gmail.com_2025-08-06 15_03_17_An_OppoA83_0.08ppm_1_1_NO2-_10.8768598_106.6782015.jpg","NO2","0.08","OppoA83","2025-08-06 15:03:17","train"
"NO2/OppoA83/round1/QtTIn_ngochanpham274@gmail.com_2025-08-06 15_18_15_An_OppoA83_0.4ppm_1_2_NO2-_10.8768598_106.6782015.jpg","NO2","0.4","OppoA83","2025-08-06 15:18:15","train"
"NO2/OppoA83/round1/RMuGL_ngochanpham274@gmail.com_2025-08-06 15_14_55_An_OppoA83_0.2ppm_1_4_NO2-_10.8768598_106.6782015.jpg","NO2","0.2","OppoA83","2025-08-06 15:14:55","train"
"NO2/OppoA83/round1/rpVzq_ngochanpham274@gmail.com_2025-08-06 15_40_02_An_OppoA83_0.8ppm_1_5_NO2-_10.8768692_106.6782104.jpg","NO2","0.8","OppoA83","2025-08-06 15:40:02","train"
"NO2/OppoA83/round1/rTeVF_ngochanpham274@gmail.com_2025-08-06 15_30_16_An_OppoA83_0.5ppm_1_4_NO2-_10.8768692_106.6782104.jpg","NO2","0.5","OppoA83","2025-08-06 15:30:16","train"
"NO2/OppoA83/round1/rvpKt_ngochanpham274@gmail.com_2025-08-06 14_38_31_An_OppoA83_0.02ppm_1_3_NO2-_10.8768673_106.6782044.jpg","NO2","0.02","OppoA83","2025-08-06 14:38:31","train"
"NO2/OppoA83/round1/SGYTz_ngochanpham274@gmail.com_2025-08-06 14_45_27_An_OppoA83_0.04ppm_1_5_NO2-_10.8768673_106.6782044.jpg","NO2","0.04","OppoA83","2025-08-06 14:45:27","train"
"NO2/OppoA83/round1/sqmWB_ngochanpham274@gmail.com_2025-08-06 15_32_49_An_OppoA83_0.6ppm_1_1_NO2-_10.8768692_106.6782104.jpg","NO2","0.6","OppoA83","2025-08-06 15:32:49","train"
"NO2/OppoA83/round1/tbSLv_ngochanpham274@gmail.com_2025-08-06 15_20_51_An_OppoA83_0.4ppm_1_5_NO2-_10.8768598_106.6782015.jpg","NO2","0.4","OppoA83","2025-08-06 15:20:51","train"
"NO2/OppoA83/round1/tpykp_ngochanpham274@gmail.com_2025-08-06 14_33_36_An_OppoA83_0.01ppm_1_3_NO2-_10.8768673_106.6782044.jpg","NO2","0.01","OppoA83","2025-08-06 14:33:36","train"
"NO2/OppoA83/round1/ufvgR_ngochanpham274@gmail.com_2025-08-06 15_34_27_An_OppoA83_0.6ppm_1_3_NO2-_10.8768692_106.6782104.jpg","NO2","0.6","OppoA83","2025-08-06 15:34:27","train"
"NO2/OppoA83/round1/uH3ou_ngochanpham274@gmail.com_2025-08-06 15_42_58_An_OppoA83_1ppm_1_2_NO2-_10.8768692_106.6782104.jpg","NO2","1.0","OppoA83","2025-08-06 15:42:58","train"
"NO2/OppoA83/round1/uLt5Y_ngochanpham274@gmail.com_2025-08-06 15_37_59_An_OppoA83_0.8ppm_1_2_NO2-_10.8768692_106.6782104.jpg","NO2","0.8","OppoA83","2025-08-06 15:37:59","train"
"NO2/OppoA83/round1/uLvny_ngochanpham274@gmail.com_2025-08-06 14_53_11_An_OppoA83_0.06ppm_1_1_NO2-_10.8768609_106.6781991.jpg","NO2","0.06","OppoA83","2025-08-06 14:53:11","train"
"NO2/OppoA83/round1/vB5NU_ngochanpham274@gmail.com_2025-08-06 15_18_57_An_OppoA83_0.4ppm_1_3_NO2-_10.8768598_106.6782015.jpg","NO2","0.4","OppoA83","2025-08-06 15:18:57","train"
"NO2/OppoA83/round1/vGjhg_ngochanpham274@gmail.com_2025-08-06 15_06_01_An_OppoA83_0.08ppm_1_5_NO2-_10.8768598_106.6782015.jpg","NO2","0.08","OppoA83","2025-08-06 15:06:01","train"
"NO2/OppoA83/round1/vk5CV_ngochanpham274@gmail.com_2025-08-06 14_37_07_An_OppoA83_0.02ppm_1_1_NO2-_10.8768673_106.6782044.jpg","NO2","0.02","OppoA83","2025-08-06 14:37:07","train"
"NO2/OppoA83/round1/Vqkp0_ngochanpham274@gmail.com_2025-08-06 15_39_22_An_OppoA83_0.8ppm_1_4_NO2-_10.8768692_106.6782104.jpg","NO2","0.8","OppoA83","2025-08-06 15:39:22","train"
"NO2/OppoA83/round1/WLn78_ngochanpham274@gmail.com_2025-08-06 15_14_16_An_OppoA83_0.2ppm_1_3_NO2-_10.8768598_106.6782015.jpg","NO2","0.2","OppoA83","2025-08-06 15:14:16","train"
"NO2/OppoA83/round1/y3TPO_ngochanpham274@gmail.com_2025-08-06 14_43_48_An_OppoA83_0.04ppm_1_3_NO2-_10.8768673_106.6782044.jpg","NO2","0.04","OppoA83","2025-08-06 14:43:48","train"
"NO2/OppoA83/round1/yAymi_ngochanpham274@gmail.com_2025-08-06 14_35_25_An_OppoA83_0.01ppm_1_5_NO2-_10.8768673_106.6782044.jpg","NO2","0.01","OppoA83","2025-08-06 14:35:25","train"
"NO2/OppoA83/round1/yRxAu_ngochanpham274@gmail.com_2025-08-06 14_49_12_An_OppoA83_0.05ppm_1_5_NO2-_10.8768673_106.6782044.jpg","NO2","0.05","OppoA83","2025-08-06 14:49:12","train"
"NO2/OppoA83/round1/ytyhZ_ngochanpham274@gmail.com_2025-08-06 15_04_43_An_OppoA83_0.08ppm_1_3_NO2-_10.8768598_106.6782015.jpg","NO2","0.08","OppoA83","2025-08-06 15:04:43","train"
"NO2/OppoA83/round2/2KKVQ_ngochanpham274@gmail.com_2025-08-06 18_59_29_An_OppoA83_0.1ppm_2_1_NO2-_10.876834_106.6782058.jpg","NO2","0.1","OppoA83","2025-08-06 18:59:29","train"
"NO2/OppoA83/round2/3bVNA_ngochanpham274@gmail.com_2025-08-06 19_26_56_An_OppoA83_0.8ppm_2_4_NO2-_10.876821_106.6782.jpg","NO2","0.8","OppoA83","2025-08-06 19:26:56","train"
"NO2/OppoA83/round2/3GSne_ngochanpham274@gmail.com_2025-08-06 19_35_43_An_OppoA83_2ppm_2_5_NO2-_10.876848_106.6782078.jpg","NO2","2.0","OppoA83","2025-08-06 19:35:43","train"
"NO2/OppoA83/round2/5Ihvp_ngochanpham274@gmail.com_2025-08-06 18_29_57_An_OppoA83_0.02ppm_2_2_NO2-_10.8768534_106.6781843.jpg","NO2","0.02","OppoA83","2025-08-06 18:29:57","train"
"NO2/OppoA83/round2/5O9MN_ngochanpham274@gmail.com_2025-08-06 19_04_28_An_OppoA83_0.2ppm_2_3_NO2-_10.876834_106.6782058.jpg","NO2","0.2","OppoA83","2025-08-06 19:04:28","train"
"NO2/OppoA83/round2/5RBaw_ngochanpham274@gmail.com_2025-08-06 19_01_08_An_OppoA83_0.1ppm_2_4_NO2-_10.876834_106.6782058.jpg","NO2","0.1","OppoA83","2025-08-06 19:01:08","train"
"NO2/OppoA83/round2/5rJlu_ngochanpham274@gmail.com_2025-08-06 19_14_42_An_OppoA83_0.5ppm_2_4_NO2-_10.876834_106.6782058.jpg","NO2","0.5","OppoA83","2025-08-06 19:14:42","train"
"NO2/OppoA83/round2/8cMjY_ngochanpham274@gmail.com_2025-08-06 19_37_29_An_OppoA83_4ppm_2_2_NO2-_10.876848_106.6782078.jpg","NO2","4.0","OppoA83","2025-08-06 19:37:29","train"
"NO2/OppoA83/round2/8upjE_ngochanpham274@gmail.com_2025-08-06 18_26_11_An_OppoA83_0.01ppm_2_4_NO2-_10.8768534_106.6781843.jpg","NO2","0.01","OppoA83","2025-08-06 18:26:11","train"
"NO2/OppoA83/round2/9DeQC_ngochanpham274@gmail.com_2025-08-06 19_38_33_An_OppoA83_4ppm_2_4_NO2-_10.876848_106.6782078.jpg","NO2","4.0","OppoA83","2025-08-06 19:38:33","train"
"NO2/OppoA83/round2/9Wy0Y_ngochanpham274@gmail.com_2025-08-06 18_45_09_An_OppoA83_0.05ppm_2_5_NO2-_10.8768319_106.6782032.jpg","NO2","0.05","OppoA83","2025-08-06 18:45:09","train"
"NO2/OppoA83/round2/a4CzG_ngochanpham274@gmail.com_2025-08-06 19_13_07_An_OppoA83_0.5ppm_2_2_NO2-_10.876834_106.6782058.jpg","NO2","0.5","OppoA83","2025-08-06 19:13:07","train"
"NO2/OppoA83/round2/B0d59_ngochanpham274@gmail.com_2025-08-06 18_38_44_An_OppoA83_0.04ppm_2_3_NO2-_10.8768319_106.6782032.jpg","NO2","0.04","OppoA83","2025-08-06 18:38:44","train"
"NO2/OppoA83/round2/BJC5k_ngochanpham274@gmail.com_2025-08-06 19_01_39_An_OppoA83_0.1ppm_2_5_NO2-_10.876834_106.6782058.jpg","NO2","0.1","OppoA83","2025-08-06 19:01:39","train"
"NO2/OppoA83/round2/bx1bz_ngochanpham274@gmail.com_2025-08-06 19_19_46_An_OppoA83_0.6ppm_2_1_NO2-_10.876821_106.6782.jpg","NO2","0.6","OppoA83","2025-08-06 19:19:46","train"
"NO2/OppoA83/round2/CIQ7n_ngochanpham274@gmail.com_2025-08-06 18_24_47_An_OppoA83_0.01ppm_2_3_NO2-_10.8768534_106.6781843.jpg","NO2","0.01","OppoA83","2025-08-06 18:24:47","train"
"NO2/OppoA83/round2/Ck1Zk_ngochanpham274@gmail.com_2025-08-06 18_53_37_An_OppoA83_0.08ppm_2_3_NO2-_10.8768319_106.6782032.jpg","NO2","0.08","OppoA83","2025-08-06 18:53:37","train"
"NO2/OppoA83/round2/CqZUA_ngochanpham274@gmail.com_2025-08-06 18_43_59_An_OppoA83_0.05ppm_2_3_NO2-_10.8768319_106.6782032.jpg","NO2","0.05","OppoA83","2025-08-06 18:43:59","train"
"NO2/OppoA83/round2/D0etj_ngochanpham274@gmail.com_2025-08-06 19_32_06_An_OppoA83_2ppm_2_1_NO2-_10.876821_106.6782.jpg","NO2","2.0","OppoA83","2025-08-06 19:32:06","train"
"NO2/OppoA83/round2/dLa7C_ngochanpham274@gmail.com_2025-08-06 19_20_32_An_OppoA83_0.6ppm_2_2_NO2-_10.876821_106.6782.jpg","NO2","0.6","OppoA83","2025-08-06 19:20:32","train"
"NO2/OppoA83/round2/Dprph_ngochanpham274@gmail.com_2025-08-06 19_30_25_An_OppoA83_1ppm_2_4_NO2-_10.876821_106.6782.jpg","NO2","1.0","OppoA83","2025-08-06 19:30:25","train"
"NO2/OppoA83/round2/EFPz9_ngochanpham274@gmail.com_2025-08-06 19_38_03_An_OppoA83_4ppm_2_3_NO2-_10.876848_106.6782078.jpg","NO2","4.0","OppoA83","2025-08-06 19:38:03","train"
"NO2/OppoA83/round2/eFU8d_ngochanpham274@gmail.com_2025-08-06 18_40_44_An_OppoA83_0.04ppm_2_5_NO2-_10.8768319_106.6782032.jpg","NO2","0.04","OppoA83","2025-08-06 18:40:44","train"
"NO2/OppoA83/round2/ehMRH_ngochanpham274@gmail.com_2025-08-06 18_28_58_An_OppoA83_0.02ppm_2_1_NO2-_10.8768534_106.6781843.jpg","NO2","0.02","OppoA83","2025-08-06 18:28:58","train"
"NO2/OppoA83/round2/f5VyP_ngochanpham274@gmail.com_2025-08-06 18_39_39_An_OppoA83_0.04ppm_2_4_NO2-_10.8768319_106.6782032.jpg","NO2","0.04","OppoA83","2025-08-06 18:39:39","train"
"NO2/OppoA83/round2/FfqPX_ngochanpham274@gmail.com_2025-08-06 19_06_19_An_OppoA83_0.2ppm_2_5_NO2-_10.876834_106.6782058.jpg","NO2","0.2","OppoA83","2025-08-06 19:06:19","train"
"NO2/OppoA83/round2/G1hxG_ngochanpham274@gmail.com_2025-08-06 19_30_58_An_OppoA83_1ppm_2_5_NO2-_10.876821_106.6782.jpg","NO2","1.0","OppoA83","2025-08-06 19:30:58","train"
"NO2/OppoA83/round2/ghSWX_ngochanpham274@gmail.com_2025-08-06 18_49_59_An_OppoA83_0.06ppm_2_5_NO2-_10.8768319_106.6782032.jpg","NO2","0.06","OppoA83","2025-08-06 18:49:59","train"
"NO2/OppoA83/round2/ghvL6_ngochanpham274@gmail.com_2025-08-06 19_00_00_An_OppoA83_0.1ppm_2_2_NO2-_10.876834_106.6782058.jpg","NO2","0.1","OppoA83","2025-08-06 19:00:00","train"
"NO2/OppoA83/round2/h5JsG_ngochanpham274@gmail.com_2025-08-06 19_28_56_An_OppoA83_1ppm_2_2_NO2-_10.876821_106.6782.jpg","NO2","1.0","OppoA83","2025-08-06 19:28:56","train"
"NO2/OppoA83/round2/hJvLv_ngochanpham274@gmail.com_2025-08-06 19_24_52_An_OppoA83_0.8ppm_2_2_NO2-_10.876821_106.6782.jpg","NO2","0.8","OppoA83","2025-08-06 19:24:52","train"
"NO2/OppoA83/round2/I8pn7_ngochanpham274@gmail.com_2025-08-06 19_09_05_An_OppoA83_0.4ppm_2_2_NO2-_10.876834_106.6782058.jpg","NO2","0.4","OppoA83","2025-08-06 19:09:05","train"
"NO2/OppoA83/round2/iF4Ih_ngochanpham274@gmail.com_2025-08-06 18_48_10_An_OppoA83_0.06ppm_2_2_NO2-_10.8768319_106.6782032.jpg","NO2","0.06","OppoA83","2025-08-06 18:48:10","train"
"NO2/OppoA83/round2/IFLmU_ngochanpham274@gmail.com_2025-08-06 18_52_11_An_OppoA83_0.08ppm_2_2_NO2-_10.8768319_106.6782032.jpg","NO2","0.08","OppoA83","2025-08-06 18:52:11","train"
"NO2/OppoA83/round2/Iuswq_ngochanpham274@gmail.com_2025-08-06 19_03_32_An_OppoA83_0.2ppm_2_2_NO2-_10.876834_106.6782058.jpg","NO2","0.2","OppoA83","2025-08-06 19:03:32","train"
"NO2/OppoA83/round2/IykuK_ngochanpham274@gmail.com_2025-08-06 19_23_57_An_OppoA83_0.8ppm_2_1_NO2-_10.876821_106.6782.jpg","NO2","0.8","OppoA83","2025-08-06 19:23:57","train"
"NO2/OppoA83/round2/JYE1T_ngochanpham274@gmail.com_2025-08-06 19_36_46_An_OppoA83_4ppm_2_1_NO2-_10.876848_106.6782078.jpg","NO2","4.0","OppoA83","2025-08-06 19:36:46","train"
"NO2/OppoA83/round2/kBKTz_ngochanpham274@gmail.com_2025-08-06 18_33_46_An_OppoA83_0.02ppm_2_5_NO2-_10.8768319_106.6782032.jpg","NO2","0.02","OppoA83","2025-08-06 18:33:46","train"
"NO2/OppoA83/round2/kFHtd_ngochanpham274@gmail.com_2025-08-06 18_48_46_An_OppoA83_0.06ppm_2_3_NO2-_10.8768319_106.6782032.jpg","NO2","0.06","OppoA83","2025-08-06 18:48:46","train"
"NO2/OppoA83/round2/khTjY_ngochanpham274@gmail.com_2025-08-06 18_33_12_An_OppoA83_0.02ppm_2_4_NO2-_10.8768319_106.6782032.jpg","NO2","0.02","OppoA83","2025-08-06 18:33:12","train"
"NO2/OppoA83/round2/KhYOz_ngochanpham274@gmail.com_2025-08-06 19_21_04_An_OppoA83_0.6ppm_2_3_NO2-_10.876821_106.6782.jpg","NO2","0.6","OppoA83","2025-08-06 19:21:04","train"
"NO2/OppoA83/round2/klhax_ngochanpham274@gmail.com_2025-08-06 18_22_17_An_OppoA83_0.01ppm_2_1_NO2-_10.8768534_106.6781843.jpg","NO2","0.01","OppoA83","2025-08-06 18:22:17","train"
"NO2/OppoA83/round2/LbGnp_ngochanpham274@gmail.com_2025-08-06 19_15_39_An_OppoA83_0.5ppm_2_5_NO2-_10.876834_106.6782058.jpg","NO2","0.5","OppoA83","2025-08-06 19:15:39","train"
"NO2/OppoA83/round2/lpwDO_ngochanpham274@gmail.com_2025-08-06 19_33_18_An_OppoA83_2ppm_2_2_NO2-_10.876821_106.6782.jpg","NO2","2.0","OppoA83","2025-08-06 19:33:18","train"
"NO2/OppoA83/round2/mdiXI_ngochanpham274@gmail.com_2025-08-06 18_51_29_An_OppoA83_0.08ppm_2_1_NO2-_10.8768319_106.6782032.jpg","NO2","0.08","OppoA83","2025-08-06 18:51:29","train"
"NO2/OppoA83/round2/NBLI0_ngochanpham274@gmail.com_2025-08-06 19_32_48_An_OppoA83_2ppm_2_3_NO2-_10.876821_106.6782.jpg","NO2","2.0","OppoA83","2025-08-06 19:32:48","train"
"NO2/OppoA83/round2/Ngdhi_ngochanpham274@gmail.com_2025-08-06 19_10_17_An_OppoA83_0.4ppm_2_4_NO2-_10.876834_106.6782058.jpg","NO2","0.4","OppoA83","2025-08-06 19:10:17","train"
"NO2/OppoA83/round2/Nhlyp_ngochanpham274@gmail.com_2025-08-06 19_21_39_An_OppoA83_0.6ppm_2_4_NO2-_10.876821_106.6782.jpg","NO2","0.6","OppoA83","2025-08-06 19:21:39","train"
"NO2/OppoA83/round2/NmXJu_ngochanpham274@gmail.com_2025-08-06 19_10_58_An_OppoA83_0.4ppm_2_5_NO2-_10.876834_106.6782058.jpg","NO2","0.4","OppoA83","2025-08-06 19:10:58","train"
"NO2/OppoA83/round2/Nn6Pg_ngochanpham274@gmail.com_2025-08-06 19_27_28_An_OppoA83_0.8ppm_2_5_NO2-_10.876821_106.6782.jpg","NO2","0.8","OppoA83","2025-08-06 19:27:28","train"
"NO2/OppoA83/round2/nsmBI_ngochanpham274@gmail.com_2025-08-06 19_26_22_An_OppoA83_0.8ppm_2_3_NO2-_10.876821_106.6782.jpg","NO2","0.8","OppoA83","2025-08-06 19:26:22","train"
"NO2/OppoA83/round2/OOV2q_ngochanpham274@gmail.com_2025-08-06 18_43_09_An_OppoA83_0.05ppm_2_2_NO2-_10.8768319_106.6782032.jpg","NO2","0.05","OppoA83","2025-08-06 18:43:09","train"
"NO2/OppoA83/round2/PQcEb_ngochanpham274@gmail.com_2025-08-06 18_42_01_An_OppoA83_0.05ppm_2_1_NO2-_10.8768319_106.6782032.jpg","NO2","0.05","OppoA83","2025-08-06 18:42:01","train"
"NO2/OppoA83/round2/Q6yrk_ngochanpham274@gmail.com_2025-08-06 19_39_03_An_OppoA83_4ppm_2_5_NO2-_10.876848_106.6782078.jpg","NO2","4.0","OppoA83","2025-08-06 19:39:03","train"
"NO2/OppoA83/round2/RHeS6_ngochanpham274@gmail.com_2025-08-06 19_33_48_An_OppoA83_2ppm_2_4_NO2-_10.876821_106.6782.jpg","NO2","2.0","OppoA83","2025-08-06 19:33:48","train"
"NO2/OppoA83/round2/Rn3xr_ngochanpham274@gmail.com_2025-08-06 19_29_43_An_OppoA83_1ppm_2_3_NO2-_10.876821_106.6782.jpg","NO2","1.0","OppoA83","2025-08-06 19:29:43","train"
"NO2/OppoA83/round2/rOxub_ngochanpham274@gmail.com_2025-08-06 18_44_33_An_OppoA83_0.05ppm_2_4_NO2-_10.8768319_106.6782032.jpg","NO2","0.05","OppoA83","2025-08-06 18:44:33","train"
"NO2/OppoA83/round2/RTuqh_ngochanpham274@gmail.com_2025-08-06 18_31_17_An_OppoA83_0.02ppm_2_3_NO2-_10.8768534_106.6781843.jpg","NO2","0.02","OppoA83","2025-08-06 18:31:17","train"
"NO2/OppoA83/round2/SFzhP_ngochanpham274@gmail.com_2025-08-06 18_27_39_An_OppoA83_0.01ppm_2_5_NO2-_10.8768534_106.6781843.jpg","NO2","0.01","OppoA83","2025-08-06 18:27:39","train"
"NO2/OppoA83/round2/TSK8R_ngochanpham274@gmail.com_2025-08-06 19_12_28_An_OppoA83_0.5ppm_2_1_NO2-_10.876834_106.6782058.jpg","NO2","0.5","OppoA83","2025-08-06 19:12:28","train"
"NO2/OppoA83/round2/uKH6S_ngochanpham274@gmail.com_2025-08-06 18_36_44_An_OppoA83_0.04ppm_2_1_NO2-_10.8768319_106.6782032.jpg","NO2","0.04","OppoA83","2025-08-06 18:36:44","train"
"NO2/OppoA83/round2/UpeU3_ngochanpham274@gmail.com_2025-08-06 19_05_16_An_OppoA83_0.2ppm_2_4_NO2-_10.876834_106.6782058.jpg","NO2","0.2","OppoA83","2025-08-06 19:05:16","train"
"NO2/OppoA83/round2/VCs1F_ngochanpham274@gmail.com_2025-08-06 19_28_24_An_OppoA83_1ppm_2_1_NO2-_10.876821_106.6782.jpg","NO2","1.0","OppoA83","2025-08-06 19:28:24","train"
"NO2/OppoA83/round2/WWrlW_ngochanpham274@gmail.com_2025-08-06 18_22_50_An_OppoA83_0.01ppm_2_2_NO2-_10.8768534_106.6781843.jpg","NO2","0.01","OppoA83","2025-08-06 18:22:50","train"
"NO2/OppoA83/round2/Wzgkb_ngochanpham274@gmail.com_2025-08-06 18_54_28_An_OppoA83_0.08ppm_2_4_NO2-_10.8768319_106.6782032.jpg","NO2","0.08","OppoA83","2025-08-06 18:54:28","train"
"NO2/OppoA83/round2/XEl83_ngochanpham274@gmail.com_2025-08-06 18_49_23_An_OppoA83_0.06ppm_2_4_NO2-_10.8768319_106.6782032.jpg","NO2","0.06","OppoA83","2025-08-06 18:49:23","train"
"NO2/OppoA83/round2/xN5Ii_ngochanpham274@gmail.com_2025-08-06 18_57_32_An_OppoA83_0.08ppm_2_5_NO2-_10.876834_106.6782058.jpg","NO2","0.08","OppoA83","2025-08-06 18:57:32","train"
"NO2/OppoA83/round2/XSoPT_ngochanpham274@gmail.com_2025-08-06 19_02_57_An_OppoA83_0.2ppm_2_1_NO2-_10.876834_106.6782058.jpg","NO2","0.2","OppoA83","2025-08-06 19:02:57","train"
"NO2/OppoA83/round2/yIRTS_ngochanpham274@gmail.com_2025-08-06 19_09_44_An_OppoA83_0.4ppm_2_3_NO2-_10.876834_106.6782058.jpg","NO2","0.4","OppoA83","2025-08-06 19:09:44","train"
"NO2/OppoA83/round2/ZcG8d_ngochanpham274@gmail.com_2025-08-06 19_07_29_An_OppoA83_0.4ppm_2_1_NO2-_10.876834_106.6782058.jpg","NO2","0.4","OppoA83","2025-08-06 19:07:29","train"
"NO2/OppoA83/round2/ZftKH_ngochanpham274@gmail.com_2025-08-06 19_13_57_An_OppoA83_0.5ppm_2_3_NO2-_10.876834_106.6782058.jpg","NO2","0.5","OppoA83","2025-08-06 19:13:57","train"
"NO2/OppoA83/round2/zg4fV_ngochanpham274@gmail.com_2025-08-06 18_38_00_An_OppoA83_0.04ppm_2_2_NO2-_10.8768319_106.6782032.jpg","NO2","0.04","OppoA83","2025-08-06 18:38:00","train"
"NO2/OppoA83/round2/zKo09_ngochanpham274@gmail.com_2025-08-06 18_47_01_An_OppoA83_0.06ppm_2_1_NO2-_10.8768319_106.6782032.jpg","NO2","0.06","OppoA83","2025-08-06 18:47:01","train"
"NO2/OppoA83/round2/ZOiJe_ngochanpham274@gmail.com_2025-08-06 19_22_24_An_OppoA83_0.6ppm_2_5_NO2-_10.876821_106.6782.jpg","NO2","0.6","OppoA83","2025-08-06 19:22:24","train"
"NO2/OppoA83/round2/zZfxu_ngochanpham274@gmail.com_2025-08-06 19_00_36_An_OppoA83_0.1ppm_2_3_NO2-_10.876834_106.6782058.jpg","NO2","0.1","OppoA83","2025-08-06 19:00:36","train"
"NO2/OppoA83/round3/2lgut_ngochanpham274@gmail.com_2025-08-07 11_50_38_An_OppoA83_0.4ppm_3_4_NO2-_10.8768352_106.678218.jpg","NO2","0.4","OppoA83","2025-08-07 11:50:38","train"
"NO2/OppoA83/round3/2lkJj_ngochanpham274@gmail.com_2025-08-07 11_40_25_An_OppoA83_0.2ppm_3_3_NO2-_10.8768352_106.678218.jpg","NO2","0.2","OppoA83","2025-08-07 11:40:25","train"
"NO2/OppoA83/round3/3XAEd_ngochanpham274@gmail.com_2025-08-07 11_08_53_An_OppoA83_0.06ppm_3_2_NO2-_10.8768608_106.6781975.jpg","NO2","0.06","OppoA83","2025-08-07 11:08:53","train"
"NO2/OppoA83/round3/5PXpT_ngochanpham274@gmail.com_2025-08-07 12_18_13_An_OppoA83_0.8ppm_3_4_NO2-_10.8768369_106.6782002.jpg","NO2","0.8","OppoA83","2025-08-07 12:18:13","train"
"NO2/OppoA83/round3/5Rp2u_ngochanpham274@gmail.com_2025-08-07 12_01_52_An_OppoA83_0.5ppm_3_5_NO2-_10.8768369_106.6782002.jpg","NO2","0.5","OppoA83","2025-08-07 12:01:52","train"
"NO2/OppoA83/round3/8EUbA_ngochanpham274@gmail.com_2025-08-07 11_01_43_An_OppoA83_0.05ppm_3_3_NO2-_10.8768608_106.6781975.jpg","NO2","0.05","OppoA83","2025-08-07 11:01:43","train"
"NO2/OppoA83/round3/9lqE4_ngochanpham274@gmail.com_2025-08-07 10_50_56_An_OppoA83_0.04ppm_3_2_NO2-_10.8768608_106.6781975.jpg","NO2","0.04","OppoA83","2025-08-07 10:50:56","train"
"NO2/OppoA83/round3/9x0TZ_ngochanpham274@gmail.com_2025-08-07 12_46_38_An_OppoA83_2ppm_3_4_NO2-_10.8768403_106.6782004.jpg","NO2","2.0","OppoA83","2025-08-07 12:46:38","train"
"NO2/OppoA83/round3/9yg8H_ngochanpham274@gmail.com_2025-08-07 11_38_56_An_OppoA83_0.2ppm_3_2_NO2-_10.8768352_106.678218.jpg","NO2","0.2","OppoA83","2025-08-07 11:38:56","train"
"NO2/OppoA83/round3/AkmV9_ngochanpham274@gmail.com_2025-08-07 11_31_13_An_OppoA83_0.1ppm_3_2_NO2-_10.8768352_106.678218.jpg","NO2","0.1","OppoA83","2025-08-07 11:31:13","train"
"NO2/OppoA83/round3/aLzOy_ngochanpham274@gmail.com_2025-08-07 10_52_45_An_OppoA83_0.04ppm_3_3_NO2-_10.8768608_106.6781975.jpg","NO2","0.04","OppoA83","2025-08-07 10:52:45","train"
"NO2/OppoA83/round3/BIzSg_ngochanpham274@gmail.com_2025-08-07 11_13_38_An_OppoA83_0.06ppm_3_5_NO2-_10.8768608_106.6781975.jpg","NO2","0.06","OppoA83","2025-08-07 11:13:38","train"
"NO2/OppoA83/round3/BqVt6_ngochanpham274@gmail.com_2025-08-07 10_30_14_An_OppoA83_0.01ppm_3_2_NO2-_10.8768394_106.678211.jpg","NO2","0.01","OppoA83","2025-08-07 10:30:14","train"
"NO2/OppoA83/round3/bUoEy_ngochanpham274@gmail.com_2025-08-07 11_23_07_An_OppoA83_0.08ppm_3_2_NO2-_10.8768352_106.678218.jpg","NO2","0.08","OppoA83","2025-08-07 11:23:07","train"
"NO2/OppoA83/round3/CJecf_ngochanpham274@gmail.com_2025-08-07 11_32_31_An_OppoA83_0.1ppm_3_3_NO2-_10.8768352_106.678218.jpg","NO2","0.1","OppoA83","2025-08-07 11:32:31","train"
"NO2/OppoA83/round3/CXFOq_ngochanpham274@gmail.com_2025-08-07 10_41_41_An_OppoA83_0.02ppm_3_3_NO2-_10.8768608_106.6781975.jpg","NO2","0.02","OppoA83","2025-08-07 10:41:41","train"
"NO2/OppoA83/round3/CxlLo_ngochanpham274@gmail.com_2025-08-07 10_38_44_An_OppoA83_0.02ppm_3_1_NO2-_10.8768608_106.6781975.jpg","NO2","0.02","OppoA83","2025-08-07 10:38:44","train"
"NO2/OppoA83/round3/d8p3f_ngochanpham274@gmail.com_2025-08-07 12_55_06_An_OppoA83_4ppm_3_3_NO2-_10.8768403_106.6782004.jpg","NO2","4.0","OppoA83","2025-08-07 12:55:06","train"
"NO2/OppoA83/round3/dZi6b_ngochanpham274@gmail.com_2025-08-07 12_26_23_An_OppoA83_1ppm_3_4_NO2-_10.8768369_106.6782002.jpg","NO2","1.0","OppoA83","2025-08-07 12:26:23","train"
"NO2/OppoA83/round3/eXNQM_ngochanpham274@gmail.com_2025-08-07 10_40_11_An_OppoA83_0.02ppm_3_2_NO2-_10.8768608_106.6781975.jpg","NO2","0.02","OppoA83","2025-08-07 10:40:11","train"
"NO2/OppoA83/round3/FEAAR_ngochanpham274@gmail.com_2025-08-07 12_50_26_An_OppoA83_2ppm_3_5_NO2-_10.8768403_106.6782004.jpg","NO2","2.0","OppoA83","2025-08-07 12:50:26","train"
"NO2/OppoA83/round3/FlL6C_ngochanpham274@gmail.com_2025-08-07 12_53_41_An_OppoA83_4ppm_3_2_NO2-_10.8768403_106.6782004.jpg","NO2","4.0","OppoA83","2025-08-07 12:53:41","train"
"NO2/OppoA83/round3/fq6L9_ngochanpham274@gmail.com_2025-08-07 12_31_09_An_OppoA83_2ppm_3_1_NO2-_10.8768369_106.6782002.jpg","NO2","2.0","OppoA83","2025-08-07 12:31:09","train"
"NO2/OppoA83/round3/fvYz3_ngochanpham274@gmail.com_2025-08-07 10_33_13_An_OppoA83_0.01ppm_3_4_NO2-_10.8768394_106.678211.jpg","NO2","0.01","OppoA83","2025-08-07 10:33:13","train"
"NO2/OppoA83/round3/fWNIj_ngochanpham274@gmail.com_2025-08-07 11_34_13_An_OppoA83_0.1ppm_3_4_NO2-_10.8768352_106.678218.jpg","NO2","0.1","OppoA83","2025-08-07 11:34:13","train"
"NO2/OppoA83/round3/FyVbF_ngochanpham274@gmail.com_2025-08-07 12_08_45_An_OppoA83_0.6ppm_3_3_NO2-_10.8768369_106.6782002.jpg","NO2","0.6","OppoA83","2025-08-07 12:08:45","train"
"NO2/OppoA83/round3/gaTb9_ngochanpham274@gmail.com_2025-08-07 11_35_40_An_OppoA83_0.1ppm_3_5_NO2-_10.8768352_106.678218.jpg","NO2","0.1","OppoA83","2025-08-07 11:35:40","train"
"NO2/OppoA83/round3/gStBG_ngochanpham274@gmail.com_2025-08-07 12_11_44_An_OppoA83_0.6ppm_3_5_NO2-_10.8768369_106.6782002.jpg","NO2","0.6","OppoA83","2025-08-07 12:11:44","train"
"NO2/OppoA83/round3/gYH07_ngochanpham274@gmail.com_2025-08-07 11_51_53_An_OppoA83_0.4ppm_3_5_NO2-_10.8768352_106.678218.jpg","NO2","0.4","OppoA83","2025-08-07 11:51:53","train"
"NO2/OppoA83/round3/hiffB_ngochanpham274@gmail.com_2025-08-07 12_23_26_An_OppoA83_1ppm_3_2_NO2-_10.8768369_106.6782002.jpg","NO2","1.0","OppoA83","2025-08-07 12:23:26","train"
"NO2/OppoA83/round3/iDEG9_ngochanpham274@gmail.com_2025-08-07 10_49_12_An_OppoA83_0.04ppm_3_1_NO2-_10.8768608_106.6781975.jpg","NO2","0.04","OppoA83","2025-08-07 10:49:12","train"
"NO2/OppoA83/round3/IwGVg_ngochanpham274@gmail.com_2025-08-07 12_21_55_An_OppoA83_1ppm_3_1_NO2-_10.8768369_106.6782002.jpg","NO2","1.0","OppoA83","2025-08-07 12:21:55","train"
"NO2/OppoA83/round3/JpiuV_ngochanpham274@gmail.com_2025-08-07 12_13_48_An_OppoA83_0.8ppm_3_1_NO2-_10.8768369_106.6782002.jpg","NO2","0.8","OppoA83","2025-08-07 12:13:48","train"
"NO2/OppoA83/round3/jVYKi_ngochanpham274@gmail.com_2025-08-07 12_07_16_An_OppoA83_0.6ppm_3_2_NO2-_10.8768369_106.6782002.jpg","NO2","0.6","OppoA83","2025-08-07 12:07:16","train"
"NO2/OppoA83/round3/KE0Ne_ngochanpham274@gmail.com_2025-08-07 11_04_13_An_OppoA83_0.05ppm_3_5_NO2-_10.8768608_106.6781975.jpg","NO2","0.05","OppoA83","2025-08-07 11:04:13","train"
"NO2/OppoA83/round3/KKIVQ_ngochanpham274@gmail.com_2025-08-07 12_00_06_An_OppoA83_0.5ppm_3_4_NO2-_10.8768369_106.6782002.jpg","NO2","0.5","OppoA83","2025-08-07 12:00:06","train"
"NO2/OppoA83/round3/lAYox_ngochanpham274@gmail.com_2025-08-07 11_29_58_An_OppoA83_0.1ppm_3_1_NO2-_10.8768352_106.678218.jpg","NO2","0.1","OppoA83","2025-08-07 11:29:58","train"
"NO2/OppoA83/round3/lBQ88_ngochanpham274@gmail.com_2025-08-07 11_20_33_An_OppoA83_0.08ppm_3_1_NO2-_10.8768352_106.678218.jpg","NO2","0.08","OppoA83","2025-08-07 11:20:33","train"
"NO2/OppoA83/round3/LzqPw_ngochanpham274@gmail.com_2025-08-07 12_15_29_An_OppoA83_0.8ppm_3_2_NO2-_10.8768369_106.6782002.jpg","NO2","0.8","OppoA83","2025-08-07 12:15:29","train"
"NO2/OppoA83/round3/MTFOP_ngochanpham274@gmail.com_2025-08-07 11_37_40_An_OppoA83_0.2ppm_3_1_NO2-_10.8768352_106.678218.jpg","NO2","0.2","OppoA83","2025-08-07 11:37:40","train"
"NO2/OppoA83/round3/NBecG_ngochanpham274@gmail.com_2025-08-07 11_45_45_An_OppoA83_0.4ppm_3_1_NO2-_10.8768352_106.678218.jpg","NO2","0.4","OppoA83","2025-08-07 11:45:45","train"
"NO2/OppoA83/round3/NkqpN_ngochanpham274@gmail.com_2025-08-07 12_56_19_An_OppoA83_4ppm_3_4_NO2-_10.8768403_106.6782004.jpg","NO2","4.0","OppoA83","2025-08-07 12:56:19","train"
"NO2/OppoA83/round3/NMo50_ngochanpham274@gmail.com_2025-08-07 10_59_13_An_OppoA83_0.05ppm_3_1_NO2-_10.8768608_106.6781975.jpg","NO2","0.05","OppoA83","2025-08-07 10:59:13","train"
"NO2/OppoA83/round3/Nodak_ngochanpham274@gmail.com_2025-08-07 11_42_07_An_OppoA83_0.2ppm_3_4_NO2-_10.8768352_106.678218.jpg","NO2","0.2","OppoA83","2025-08-07 11:42:07","train"
"NO2/OppoA83/round3/NtGMe_ngochanpham274@gmail.com_2025-08-07 12_05_08_An_OppoA83_0.6ppm_3_1_NO2-_10.8768369_106.6782002.jpg","NO2","0.6","OppoA83","2025-08-07 12:05:08","train"
"NO2/OppoA83/round3/oO1p1_ngochanpham274@gmail.com_2025-08-07 12_28_12_An_OppoA83_1ppm_3_5_NO2-_10.8768369_106.6782002.jpg","NO2","1.0","OppoA83","2025-08-07 12:28:12","train"
"NO2/OppoA83/round3/OZBL2_ngochanpham274@gmail.com_2025-08-07 11_25_56_An_OppoA83_0.08ppm_3_4_NO2-_10.8768352_106.678218.jpg","NO2","0.08","OppoA83","2025-08-07 11:25:56","train"
"NO2/OppoA83/round3/q4D2t_ngochanpham274@gmail.com_2025-08-07 11_47_22_An_OppoA83_0.4ppm_3_2_NO2-_10.8768352_106.678218.jpg","NO2","0.4","OppoA83","2025-08-07 11:47:22","train"
"NO2/OppoA83/round3/qM3DY_ngochanpham274@gmail.com_2025-08-07 10_35_05_An_OppoA83_0.01ppm_3_5_NO2-_10.8768608_106.6781975.jpg","NO2","0.01","OppoA83","2025-08-07 10:35:05","train"
"NO2/OppoA83/round3/Qrsvo_ngochanpham274@gmail.com_2025-08-07 12_25_05_An_OppoA83_1ppm_3_3_NO2-_10.8768369_106.6782002.jpg","NO2","1.0","OppoA83","2025-08-07 12:25:05","train"
"NO2/OppoA83/round3/RIpXC_ngochanpham274@gmail.com_2025-08-07 12_45_21_An_OppoA83_2ppm_3_3_NO2-_10.8768403_106.6782004.jpg","NO2","2.0","OppoA83","2025-08-07 12:45:21","train"
"NO2/OppoA83/round3/rjOZK_ngochanpham274@gmail.com_2025-08-07 11_12_12_An_OppoA83_0.06ppm_3_4_NO2-_10.8768608_106.6781975.jpg","NO2","0.06","OppoA83","2025-08-07 11:12:12","train"
"NO2/OppoA83/round3/RWvdO_ngochanpham274@gmail.com_2025-08-07 11_56_03_An_OppoA83_0.5ppm_3_1_NO2-_10.8768369_106.6782002.jpg","NO2","0.5","OppoA83","2025-08-07 11:56:03","train"
"NO2/OppoA83/round3/rxJ3M_ngochanpham274@gmail.com_2025-08-07 11_48_53_An_OppoA83_0.4ppm_3_3_NO2-_10.8768352_106.678218.jpg","NO2","0.4","OppoA83","2025-08-07 11:48:53","train"
"NO2/OppoA83/round3/sgBZS_ngochanpham274@gmail.com_2025-08-07 12_57_35_An_OppoA83_4ppm_3_5_NO2-_10.8768403_106.6782004.jpg","NO2","4.0","OppoA83","2025-08-07 12:57:35","train"
"NO2/OppoA83/round3/T8POj_ngochanpham274@gmail.com_2025-08-07 10_29_10_An_OppoA83_0.01ppm_3_1_NO2-_10.8768394_106.678211.jpg","NO2","0.01","OppoA83","2025-08-07 10:29:10","train"
"NO2/OppoA83/round3/tjiiH_ngochanpham274@gmail.com_2025-08-07 10_31_45_An_OppoA83_0.01ppm_3_3_NO2-_10.8768394_106.678211.jpg","NO2","0.01","OppoA83","2025-08-07 10:31:45","train"
"NO2/OppoA83/round3/tlEMd_ngochanpham274@gmail.com_2025-08-07 10_43_25_An_OppoA83_0.02ppm_3_4_NO2-_10.8768608_106.6781975.jpg","NO2","0.02","OppoA83","2025-08-07 10:43:25","train"
"NO2/OppoA83/round3/tmOCc_ngochanpham274@gmail.com_2025-08-07 11_57_27_An_OppoA83_0.5ppm_3_2_NO2-_10.8768369_106.6782002.jpg","NO2","0.5","OppoA83","2025-08-07 11:57:27","train"
"NO2/OppoA83/round3/TtGtq_ngochanpham274@gmail.com_2025-08-07 11_27_39_An_OppoA83_0.08ppm_3_5_NO2-_10.8768352_106.678218.jpg","NO2","0.08","OppoA83","2025-08-07 11:27:39","train"
"NO2/OppoA83/round3/u8DNK_ngochanpham274@gmail.com_2025-08-07 11_06_19_An_OppoA83_0.06ppm_3_1_NO2-_10.8768608_106.6781975.jpg","NO2","0.06","OppoA83","2025-08-07 11:06:19","train"
"NO2/OppoA83/round3/ubs5J_ngochanpham274@gmail.com_2025-08-07 12_52_25_An_OppoA83_4ppm_3_1_NO2-_10.8768403_106.6782004.jpg","NO2","4.0","OppoA83","2025-08-07 12:52:25","train"
"NO2/OppoA83/round3/uUyqC_ngochanpham274@gmail.com_2025-08-07 10_46_07_An_OppoA83_0.02ppm_3_5_NO2-_10.8768608_106.6781975.jpg","NO2","0.02","OppoA83","2025-08-07 10:46:07","train"
"NO2/OppoA83/round3/vylW9_ngochanpham274@gmail.com_2025-08-07 12_16_51_An_OppoA83_0.8ppm_3_3_NO2-_10.8768369_106.6782002.jpg","NO2","0.8","OppoA83","2025-08-07 12:16:51","train"
"NO2/OppoA83/round3/xDnZb_ngochanpham274@gmail.com_2025-08-07 10_54_10_An_OppoA83_0.04ppm_3_4_NO2-_10.8768608_106.6781975.jpg","NO2","0.04","OppoA83","2025-08-07 10:54:10","train"
"NO2/OppoA83/round3/XmEa3_ngochanpham274@gmail.com_2025-08-07 11_24_24_An_OppoA83_0.08ppm_3_3_NO2-_10.8768352_106.678218.jpg","NO2","0.08","OppoA83","2025-08-07 11:24:24","train"
"NO2/OppoA83/round3/xuyOu_ngochanpham274@gmail.com_2025-08-07 12_10_02_An_OppoA83_0.6ppm_3_4_NO2-_10.8768369_106.6782002.jpg","NO2","0.6","OppoA83","2025-08-07 12:10:02","train"
"NO2/OppoA83/round3/YhtwR_ngochanpham274@gmail.com_2025-08-07 12_19_54_An_OppoA83_0.8ppm_3_5_NO2-_10.8768369_106.6782002.jpg","NO2","0.8","OppoA83","2025-08-07 12:19:54","train"
"NO2/OppoA83/round3/Z1N5J_ngochanpham274@gmail.com_2025-08-07 11_10_49_An_OppoA83_0.06ppm_3_3_NO2-_10.8768608_106.6781975.jpg","NO2","0.06","OppoA83","2025-08-07 11:10:49","train"
"NO2/OppoA83/round3/Zalil_ngochanpham274@gmail.com_2025-08-07 11_43_35_An_OppoA83_0.2ppm_3_5_NO2-_10.8768352_106.678218.jpg","NO2","0.2","OppoA83","2025-08-07 11:43:35","train"
"NO2/OppoA83/round3/zARxJ_ngochanpham274@gmail.com_2025-08-07 11_02_48_An_OppoA83_0.05ppm_3_4_NO2-_10.8768608_106.6781975.jpg","NO2","0.05","OppoA83","2025-08-07 11:02:48","train"
"NO2/OppoA83/round3/zcxTH_ngochanpham274@gmail.com_2025-08-07 11_00_26_An_OppoA83_0.05ppm_3_2_NO2-_10.8768608_106.6781975.jpg","NO2","0.05","OppoA83","2025-08-07 11:00:26","train"
"NO2/OppoA83/round3/Zg1Tn_ngochanpham274@gmail.com_2025-08-07 11_58_40_An_OppoA83_0.5ppm_3_3_NO2-_10.8768369_106.6782002.jpg","NO2","0.5","OppoA83","2025-08-07 11:58:40","train"
"NO2/OppoA83/round3/zpgZg_ngochanpham274@gmail.com_2025-08-07 12_43_50_An_OppoA83_2ppm_3_2_NO2-_10.8768403_106.6782004.jpg","NO2","2.0","OppoA83","2025-08-07 12:43:50","train"
"NO2/OppoA83/round3/zpwaB_ngochanpham274@gmail.com_2025-08-07 10_56_32_An_OppoA83_0.04ppm_3_5_NO2-_10.8768608_106.6781975.jpg","NO2","0.04","OppoA83","2025-08-07 10:56:32","train"
"NO2/OppoReno5/round1/0Z1UB_ngochanpham274@gmail.com_2025-08-07 13_37_28_An_OppoReno5_0.4ppm_1_2_NO2-_10.8768438_106.6781864.jpg","NO2","0.4","OppoReno5","2025-08-07 13:37:28","train"
"NO2/OppoReno5/round1/1ObdV_ngochanpham274@gmail.com_2025-08-07 13_52_33_An_OppoReno5_1ppm_1_4_NO2-_10.8768753_106.6782391.jpg","NO2","1.0","OppoReno5","2025-08-07 13:52:33","train"
"NO2/OppoReno5/round1/2IWLz_ngochanpham274@gmail.com_2025-08-07 13_41_04_An_OppoReno5_0.5ppm_1_4_NO2-_10.8768438_106.6781864.jpg","NO2","0.5","OppoReno5","2025-08-07 13:41:04","train"
"NO2/OppoReno5/round1/2JolX_ngochanpham274@gmail.com_2025-08-07 13_37_52_An_OppoReno5_0.4ppm_1_3_NO2-_10.8768438_106.6781864.jpg","NO2","0.4","OppoReno5","2025-08-07 13:37:52","train"
"NO2/OppoReno5/round1/2qsbc_ngochanpham274@gmail.com_2025-08-07 13_28_15_An_OppoReno5_0.1ppm_1_4_NO2-_10.8768438_106.6781864.jpg","NO2","0.1","OppoReno5","2025-08-07 13:28:15","train"
"NO2/OppoReno5/round1/2yfUg_ngochanpham274@gmail.com_2025-08-07 13_40_15_An_OppoReno5_0.5ppm_1_2_NO2-_10.8768438_106.6781864.jpg","NO2","0.5","OppoReno5","2025-08-07 13:40:15","train"
"NO2/OppoReno5/round1/386gG_ngochanpham274@gmail.com_2025-08-07 13_50_01_An_OppoReno5_0.8ppm_1_5_NO2-_10.8768753_106.6782391.jpg","NO2","0.8","OppoReno5","2025-08-07 13:50:01","train"
"NO2/OppoReno5/round1/3Bzko_ngochanpham274@gmail.com_2025-08-07 13_26_58_An_OppoReno5_0.1ppm_1_1_NO2-_10.8768438_106.6781864.jpg","NO2","0.1","OppoReno5","2025-08-07 13:26:58","train"
"NO2/OppoReno5/round1/3Cgvs_ngochanpham274@gmail.com_2025-08-07 13_16_10_An_OppoReno5_0.04ppm_1_5_NO2-_10.8768438_106.6781864.jpg","NO2","0.04","OppoReno5","2025-08-07 13:16:10","train"
"NO2/OppoReno5/round1/3e9UE_ngochanpham274@gmail.com_2025-08-07 13_11_06_An_OppoReno5_0.02ppm_1_2_NO2-_10.8768438_106.6781864.jpg","NO2","0.02","OppoReno5","2025-08-07 13:11:06","train"
"NO2/OppoReno5/round1/4DFBe_ngochanpham274@gmail.com_2025-08-07 13_18_03_An_OppoReno5_0.05ppm_1_1_NO2-_10.8768438_106.6781864.jpg","NO2","0.05","OppoReno5","2025-08-07 13:18:03","train"
"NO2/OppoReno5/round1/4hfNX_ngochanpham274@gmail.com_2025-08-07 13_07_47_An_OppoReno5_0.01ppm_1_3_NO2-_10.8768438_106.6781864.jpg","NO2","0.01","OppoReno5","2025-08-07 13:07:47","train"
"NO2/OppoReno5/round1/4s6R1_ngochanpham274@gmail.com_2025-08-07 13_47_11_An_OppoReno5_0.8ppm_1_3_NO2-_10.8768438_106.6781864.jpg","NO2","0.8","OppoReno5","2025-08-07 13:47:11","train"
"NO2/OppoReno5/round1/4WjcF_ngochanpham274@gmail.com_2025-08-07 13_30_49_An_OppoReno5_0.2ppm_1_1_NO2-_10.8768438_106.6781864.jpg","NO2","0.2","OppoReno5","2025-08-07 13:30:49","train"
"NO2/OppoReno5/round1/5YR73_ngochanpham274@gmail.com_2025-08-07 13_57_49_An_OppoReno5_4ppm_1_1_NO2-_10.8768753_106.6782391.jpg","NO2","4.0","OppoReno5","2025-08-07 13:57:49","train"
"NO2/OppoReno5/round1/85HeP_ngochanpham274@gmail.com_2025-08-07 13_19_43_An_OppoReno5_0.05ppm_1_5_NO2-_10.8768438_106.6781864.jpg","NO2","0.05","OppoReno5","2025-08-07 13:19:43","train"
"NO2/OppoReno5/round1/8L6Bg_ngochanpham274@gmail.com_2025-08-07 13_58_29_An_OppoReno5_4ppm_1_2_NO2-_10.8768753_106.6782391.jpg","NO2","4.0","OppoReno5","2025-08-07 13:58:29","train"
"NO2/OppoReno5/round1/Aj3va_ngochanpham274@gmail.com_2025-08-07 13_56_03_An_OppoReno5_2ppm_1_4_NO2-_10.8768753_106.6782391.jpg","NO2","2.0","OppoReno5","2025-08-07 13:56:03","train"
"NO2/OppoReno5/round1/AyleR_ngochanpham274@gmail.com_2025-08-07 13_15_08_An_OppoReno5_0.04ppm_1_2_NO2-_10.8768438_106.6781864.jpg","NO2","0.04","OppoReno5","2025-08-07 13:15:08","train"
"NO2/OppoReno5/round1/bI1GO_ngochanpham274@gmail.com_2025-08-07 13_31_48_An_OppoReno5_0.2ppm_1_2_NO2-_10.8768438_106.6781864.jpg","NO2","0.2","OppoReno5","2025-08-07 13:31:48","train"
"NO2/OppoReno5/round1/CXvzu_ngochanpham274@gmail.com_2025-08-07 13_46_03_An_OppoReno5_0.8ppm_1_1_NO2-_10.8768438_106.6781864.jpg","NO2","0.8","OppoReno5","2025-08-07 13:46:03","train"
"NO2/OppoReno5/round1/CyOay_ngochanpham274@gmail.com_2025-08-07 13_43_34_An_OppoReno5_0.6ppm_1_2_NO2-_10.8768438_106.6781864.jpg","NO2","0.6","OppoReno5","2025-08-07 13:43:34","train"
"NO2/OppoReno5/round1/cYTZc_ngochanpham274@gmail.com_2025-08-07 13_38_50_An_OppoReno5_0.4ppm_1_5_NO2-_10.8768438_106.6781864.jpg","NO2","0.4","OppoReno5","2025-08-07 13:38:50","train"
"NO2/OppoReno5/round1/DgWVr_ngochanpham274@gmail.com_2025-08-07 13_27_22_An_OppoReno5_0.1ppm_1_2_NO2-_10.8768438_106.6781864.jpg","NO2","0.1","OppoReno5","2025-08-07 13:27:22","train"
"NO2/OppoReno5/round1/dxvh6_ngochanpham274@gmail.com_2025-08-07 13_59_48_An_OppoReno5_4ppm_1_5_NO2-_10.8768753_106.6782391.jpg","NO2","4.0","OppoReno5","2025-08-07 13:59:48","train"
"NO2/OppoReno5/round1/f9Kd3_ngochanpham274@gmail.com_2025-08-07 13_27_51_An_OppoReno5_0.1ppm_1_3_NO2-_10.8768438_106.6781864.jpg","NO2","0.1","OppoReno5","2025-08-07 13:27:51","train"
"NO2/OppoReno5/round1/FQNIk_ngochanpham274@gmail.com_2025-08-07 13_22_23_An_OppoReno5_0.06ppm_1_5_NO2-_10.8768438_106.6781864.jpg","NO2","0.06","OppoReno5","2025-08-07 13:22:23","train"
"NO2/OppoReno5/round1/fsvs6_ngochanpham274@gmail.com_2025-08-07 13_10_24_An_OppoReno5_0.02ppm_1_1_NO2-_10.8768438_106.6781864.jpg","NO2","0.02","OppoReno5","2025-08-07 13:10:24","train"
"NO2/OppoReno5/round1/fujsg_ngochanpham274@gmail.com_2025-08-07 13_38_25_An_OppoReno5_0.4ppm_1_4_NO2-_10.8768438_106.6781864.jpg","NO2","0.4","OppoReno5","2025-08-07 13:38:25","train"
"NO2/OppoReno5/round1/G4Bkc_ngochanpham274@gmail.com_2025-08-07 13_55_40_An_OppoReno5_2ppm_1_3_NO2-_10.8768753_106.6782391.jpg","NO2","2.0","OppoReno5","2025-08-07 13:55:40","train"
"NO2/OppoReno5/round1/gZkpO_ngochanpham274@gmail.com_2025-08-07 13_46_40_An_OppoReno5_0.8ppm_1_2_NO2-_10.8768438_106.6781864.jpg","NO2","0.8","OppoReno5","2025-08-07 13:46:40","train"
"NO2/OppoReno5/round1/gZs4R_ngochanpham274@gmail.com_2025-08-07 13_21_32_An_OppoReno5_0.06ppm_1_3_NO2-_10.8768438_106.6781864.jpg","NO2","0.06","OppoReno5","2025-08-07 13:21:32","train"
"NO2/OppoReno5/round1/iQwLk_ngochanpham274@gmail.com_2025-08-07 13_37_02_An_OppoReno5_0.4ppm_1_1_NO2-_10.8768438_106.6781864.jpg","NO2","0.4","OppoReno5","2025-08-07 13:37:02","train"
"NO2/OppoReno5/round1/J2I1u_ngochanpham274@gmail.com_2025-08-07 13_18_53_An_OppoReno5_0.05ppm_1_3_NO2-_10.8768438_106.6781864.jpg","NO2","0.05","OppoReno5","2025-08-07 13:18:53","train"
"NO2/OppoReno5/round1/jTmjj_ngochanpham274@gmail.com_2025-08-07 13_08_48_An_OppoReno5_0.01ppm_1_4_NO2-_10.8768438_106.6781864.jpg","NO2","0.01","OppoReno5","2025-08-07 13:08:48","train"
"NO2/OppoReno5/round1/kHBEV_ngochanpham274@gmail.com_2025-08-07 13_11_34_An_OppoReno5_0.02ppm_1_3_NO2-_10.8768438_106.6781864.jpg","NO2","0.02","OppoReno5","2025-08-07 13:11:34","train"
"NO2/OppoReno5/round1/KiPUn_ngochanpham274@gmail.com_2025-08-07 13_33_33_An_OppoReno5_0.2ppm_1_4_NO2-_10.8768438_106.6781864.jpg","NO2","0.2","OppoReno5","2025-08-07 13:33:33","train"
"NO2/OppoReno5/round1/Lq5kK_ngochanpham274@gmail.com_2025-08-07 13_54_51_An_OppoReno5_2ppm_1_2_NO2-_10.8768753_106.6782391.jpg","NO2","2.0","OppoReno5","2025-08-07 13:54:51","train"
"NO2/OppoReno5/round1/LSGNj_ngochanpham274@gmail.com_2025-08-07 13_05_28_An_OppoReno5_0.01ppm_1_2_NO2-_10.8768438_106.6781864.jpg","NO2","0.01","OppoReno5","2025-08-07 13:05:28","train"
"NO2/OppoReno5/round1/mguXT_ngochanpham274@gmail.com_2025-08-07 13_51_09_An_OppoReno5_1ppm_1_1_NO2-_10.8768753_106.6782391.jpg","NO2","1.0","OppoReno5","2025-08-07 13:51:09","train"
"NO2/OppoReno5/round1/na8sV_ngochanpham274@gmail.com_2025-08-07 13_43_57_An_OppoReno5_0.6ppm_1_3_NO2-_10.8768438_106.6781864.jpg","NO2","0.6","OppoReno5","2025-08-07 13:43:57","train"
"NO2/OppoReno5/round1/ncER2_ngochanpham274@gmail.com_2025-08-07 13_40_44_An_OppoReno5_0.5ppm_1_3_NO2-_10.8768438_106.6781864.jpg","NO2","0.5","OppoReno5","2025-08-07 13:40:44","train"
"NO2/OppoReno5/round1/nKIWA_ngochanpham274@gmail.com_2025-08-07 13_43_10_An_OppoReno5_0.6ppm_1_1_NO2-_10.8768438_106.6781864.jpg","NO2","0.6","OppoReno5","2025-08-07 13:43:10","train"
"NO2/OppoReno5/round1/OTyr3_ngochanpham274@gmail.com_2025-08-07 13_09_27_An_OppoReno5_0.01ppm_1_5_NO2-_10.8768438_106.6781864.jpg","NO2","0.01","OppoReno5","2025-08-07 13:09:27","train"
"NO2/OppoReno5/round1/P9bhX_ngochanpham274@gmail.com_2025-08-07 13_21_06_An_OppoReno5_0.06ppm_1_2_NO2-_10.8768438_106.6781864.jpg","NO2","0.06","OppoReno5","2025-08-07 13:21:06","train"
"NO2/OppoReno5/round1/pqBvx_ngochanpham274@gmail.com_2025-08-07 13_44_56_An_OppoReno5_0.6ppm_1_4_NO2-_10.8768438_106.6781864.jpg","NO2","0.6","OppoReno5","2025-08-07 13:44:56","train"
"NO2/OppoReno5/round1/ps2Ui_ngochanpham274@gmail.com_2025-08-07 13_33_02_An_OppoReno5_0.2ppm_1_3_NO2-_10.8768438_106.6781864.jpg","NO2","0.2","OppoReno5","2025-08-07 13:33:02","train"
"NO2/OppoReno5/round1/Q7ipk_ngochanpham274@gmail.com_2025-08-07 13_20_42_An_OppoReno5_0.06ppm_1_1_NO2-_10.8768438_106.6781864.jpg","NO2","0.06","OppoReno5","2025-08-07 13:20:42","train"
"NO2/OppoReno5/round1/qRW8x_ngochanpham274@gmail.com_2025-08-07 13_24_20_An_OppoReno5_0.08ppm_1_2_NO2-_10.8768438_106.6781864.jpg","NO2","0.08","OppoReno5","2025-08-07 13:24:20","train"
"NO2/OppoReno5/round1/RIgY6_ngochanpham274@gmail.com_2025-08-07 13_51_32_An_OppoReno5_1ppm_1_2_NO2-_10.8768753_106.6782391.jpg","NO2","1.0","OppoReno5","2025-08-07 13:51:32","train"
"NO2/OppoReno5/round1/rRpld_ngochanpham274@gmail.com_2025-08-07 13_21_58_An_OppoReno5_0.06ppm_1_4_NO2-_10.8768438_106.6781864.jpg","NO2","0.06","OppoReno5","2025-08-07 13:21:58","train"
"NO2/OppoReno5/round1/sb2sQ_ngochanpham274@gmail.com_2025-08-07 13_58_54_An_OppoReno5_4ppm_1_3_NO2-_10.8768753_106.6782391.jpg","NO2","4.0","OppoReno5","2025-08-07 13:58:54","train"
"NO2/OppoReno5/round1/sC28U_ngochanpham274@gmail.com_2025-08-07 13_06_48_An_OppoReno5_0.01ppm_1_1_NO2-_10.8768438_106.6781864.jpg","NO2","0.01","OppoReno5","2025-08-07 13:06:48","train"
"NO2/OppoReno5/round1/TpLUo_ngochanpham274@gmail.com_2025-08-07 13_19_17_An_OppoReno5_0.05ppm_1_4_NO2-_10.8768438_106.6781864.jpg","NO2","0.05","OppoReno5","2025-08-07 13:19:17","train"
"NO2/OppoReno5/round1/trO6B_ngochanpham274@gmail.com_2025-08-07 13_18_30_An_OppoReno5_0.05ppm_1_2_NO2-_10.8768438_106.6781864.jpg","NO2","0.05","OppoReno5","2025-08-07 13:18:30","train"
"NO2/OppoReno5/round1/Tzusf_ngochanpham274@gmail.com_2025-08-07 13_44_32_An_OppoReno5_0.6ppm_1_5_NO2-_10.8768438_106.6781864.jpg","NO2","0.6","OppoReno5","2025-08-07 13:44:32","train"
"NO2/OppoReno5/round1/UP0eY_ngochanpham274@gmail.com_2025-08-07 13_56_36_An_OppoReno5_2ppm_1_5_NO2-_10.8768753_106.6782391.jpg","NO2","2.0","OppoReno5","2025-08-07 13:56:36","train"
"NO2/OppoReno5/round1/UvqSK_ngochanpham274@gmail.com_2025-08-07 13_54_21_An_OppoReno5_2ppm_1_1_NO2-_10.8768753_106.6782391.jpg","NO2","2.0","OppoReno5","2025-08-07 13:54:21","train"
"NO2/OppoReno5/round1/V0zjg_ngochanpham274@gmail.com_2025-08-07 13_15_41_An_OppoReno5_0.04ppm_1_3_NO2-_10.8768438_106.6781864.jpg","NO2","0.04","OppoReno5","2025-08-07 13:15:41","train"
"NO2/OppoReno5/round1/V5nFl_ngochanpham274@gmail.com_2025-08-07 13_23_56_An_OppoReno5_0.08ppm_1_1_NO2-_10.8768438_106.6781864.jpg","NO2","0.08","OppoReno5","2025-08-07 13:23:56","train"
"NO2/OppoReno5/round1/v5qbH_ngochanpham274@gmail.com_2025-08-07 13_16_55_An_OppoReno5_0.04ppm_1_4_NO2-_10.8768438_106.6781864.jpg","NO2","0.04","OppoReno5","2025-08-07 13:16:55","train"
"NO2/OppoReno5/round1/vg4dz_ngochanpham274@gmail.com_2025-08-07 13_24_48_An_OppoReno5_0.08ppm_1_3_NO2-_10.8768438_106.6781864.jpg","NO2","0.08","OppoReno5","2025-08-07 13:24:48","train"
"NO2/OppoReno5/round1/VgT1Q_ngochanpham274@gmail.com_2025-08-07 13_52_10_An_OppoReno5_1ppm_1_3_NO2-_10.8768753_106.6782391.jpg","NO2","1.0","OppoReno5","2025-08-07 13:52:10","train"
"NO2/OppoReno5/round1/VI5By_ngochanpham274@gmail.com_2025-08-07 13_59_18_An_OppoReno5_4ppm_1_4_NO2-_10.8768753_106.6782391.jpg","NO2","4.0","OppoReno5","2025-08-07 13:59:18","train"
"NO2/OppoReno5/round1/VmrhN_ngochanpham274@gmail.com_2025-08-07 13_39_49_An_OppoReno5_0.5ppm_1_1_NO2-_10.8768438_106.6781864.jpg","NO2","0.5","OppoReno5","2025-08-07 13:39:49","train"
"NO2/OppoReno5/round1/VQTp0_ngochanpham274@gmail.com_2025-08-07 13_25_11_An_OppoReno5_0.08ppm_1_4_NO2-_10.8768438_106.6781864.jpg","NO2","0.08","OppoReno5","2025-08-07 13:25:11","train"
"NO2/OppoReno5/round1/XG5k2_ngochanpham274@gmail.com_2025-08-07 13_41_34_An_OppoReno5_0.5ppm_1_5_NO2-_10.8768438_106.6781864.jpg","NO2","0.5","OppoReno5","2025-08-07 13:41:34","train"
"NO2/OppoReno5/round1/xVvNz_ngochanpham274@gmail.com_2025-08-07 13_53_01_An_OppoReno5_1ppm_1_5_NO2-_10.8768753_106.6782391.jpg","NO2","1.0","OppoReno5","2025-08-07 13:53:01","train"
"NO2/OppoReno5/round1/YCqdV_ngochanpham274@gmail.com_2025-08-07 13_48_13_An_OppoReno5_0.8ppm_1_4_NO2-_10.8768753_106.6782391.jpg","NO2","0.8","OppoReno5","2025-08-07 13:48:13","train"
"NO2/OppoReno5/round1/yGn0w_ngochanpham274@gmail.com_2025-08-07 13_12_24_An_OppoReno5_0.02ppm_1_5_NO2-_10.8768438_106.6781864.jpg","NO2","0.02","OppoReno5","2025-08-07 13:12:24","train"
"NO2/OppoReno5/round1/YVCma_ngochanpham274@gmail.com_2025-08-07 13_34_49_An_OppoReno5_0.2ppm_1_5_NO2-_10.8768438_106.6781864.jpg","NO2","0.2","OppoReno5","2025-08-07 13:34:49","train"
"NO2/OppoReno5/round1/z2VHR_ngochanpham274@gmail.com_2025-08-07 13_14_12_An_OppoReno5_0.04ppm_1_1_NO2-_10.8768438_106.6781864.jpg","NO2","0.04","OppoReno5","2025-08-07 13:14:12","train"
"NO2/OppoReno5/round1/ZlRxx_ngochanpham274@gmail.com_2025-08-07 13_25_37_An_OppoReno5_0.08ppm_1_5_NO2-_10.8768438_106.6781864.jpg","NO2","0.08","OppoReno5","2025-08-07 13:25:37","train"
"NO2/OppoReno5/round1/zX27l_ngochanpham274@gmail.com_2025-08-07 13_11_58_An_OppoReno5_0.02ppm_1_4_NO2-_10.8768438_106.6781864.jpg","NO2","0.02","OppoReno5","2025-08-07 13:11:58","train"
"NO2/OppoReno5/round1/ZXz3h_ngochanpham274@gmail.com_2025-08-07 13_28_38_An_OppoReno5_0.1ppm_1_5_NO2-_10.8768438_106.6781864.jpg","NO2","0.1","OppoReno5","2025-08-07 13:28:38","train"
"NO2/OppoReno5/round2/15r6P_ngochanpham274@gmail.com_2025-08-07 14_31_40_An_OppoReno5_0.4ppm_2_1_NO2-_10.8768562_106.6782226.jpg","NO2","0.4","OppoReno5","2025-08-07 14:31:40","train"
"NO2/OppoReno5/round2/2b3Kg_ngochanpham274@gmail.com_2025-08-07 14_43_10_An_OppoReno5_1ppm_2_2_NO2-_10.8768562_106.6782226.jpg","NO2","1.0","OppoReno5","2025-08-07 14:43:10","train"
"NO2/OppoReno5/round2/2Zk3G_ngochanpham274@gmail.com_2025-08-07 14_17_14_An_OppoReno5_0.04ppm_2_5_NO2-_10.8768753_106.6782391.jpg","NO2","0.04","OppoReno5","2025-08-07 14:17:14","train"
"NO2/OppoReno5/round2/37Mhp_ngochanpham274@gmail.com_2025-08-07 14_47_07_An_OppoReno5_2ppm_2_5_NO2-_10.8768562_106.6782226.jpg","NO2","2.0","OppoReno5","2025-08-07 14:47:07","train"
"NO2/OppoReno5/round2/3ypf5_ngochanpham274@gmail.com_2025-08-07 14_28_44_An_OppoReno5_0.2ppm_2_1_NO2-_10.8768753_106.6782391.jpg","NO2","0.2","OppoReno5","2025-08-07 14:28:44","train"
"NO2/OppoReno5/round2/4kHwf_ngochanpham274@gmail.com_2025-08-07 14_26_32_An_OppoReno5_0.1ppm_2_2_NO2-_10.8768753_106.6782391.jpg","NO2","0.1","OppoReno5","2025-08-07 14:26:32","train"
"NO2/OppoReno5/round2/59nAA_ngochanpham274@gmail.com_2025-08-07 14_33_58_An_OppoReno5_0.4ppm_2_5_NO2-_10.8768562_106.6782226.jpg","NO2","0.4","OppoReno5","2025-08-07 14:33:58","train"
"NO2/OppoReno5/round2/5vqt7_ngochanpham274@gmail.com_2025-08-07 14_49_04_An_OppoReno5_4ppm_2_2_NO2-_10.8768562_106.6782226.jpg","NO2","4.0","OppoReno5","2025-08-07 14:49:04","train"
"NO2/OppoReno5/round2/6usi1_ngochanpham274@gmail.com_2025-08-07 14_41_21_An_OppoReno5_0.8ppm_2_4_NO2-_10.8768562_106.6782226.jpg","NO2","0.8","OppoReno5","2025-08-07 14:41:21","train"
"NO2/OppoReno5/round2/7WWQy_ngochanpham274@gmail.com_2025-08-07 14_44_05_An_OppoReno5_1ppm_2_4_NO2-_10.8768562_106.6782226.jpg","NO2","1.0","OppoReno5","2025-08-07 14:44:05","train"
"NO2/OppoReno5/round2/922CA_ngochanpham274@gmail.com_2025-08-07 14_42_44_An_OppoReno5_1ppm_2_1_NO2-_10.8768562_106.6782226.jpg","NO2","1.0","OppoReno5","2025-08-07 14:42:44","train"
"NO2/OppoReno5/round2/A9U19_ngochanpham274@gmail.com_2025-08-07 14_38_06_An_OppoReno5_0.6ppm_2_2_NO2-_10.8768562_106.6782226.jpg","NO2","0.6","OppoReno5","2025-08-07 14:38:06","train"
"NO2/OppoReno5/round2/AKDCK_ngochanpham274@gmail.com_2025-08-07 14_49_30_An_OppoReno5_4ppm_2_3_NO2-_10.8768562_106.6782226.jpg","NO2","4.0","OppoReno5","2025-08-07 14:49:30","train"
"NO2/OppoReno5/round2/AOmY3_ngochanpham274@gmail.com_2025-08-07 14_15_28_An_OppoReno5_0.04ppm_2_1_NO2-_10.8768753_106.6782391.jpg","NO2","0.04","OppoReno5","2025-08-07 14:15:28","train"
"NO2/OppoReno5/round2/AruOW_ngochanpham274@gmail.com_2025-08-07 14_43_42_An_OppoReno5_1ppm_2_3_NO2-_10.8768562_106.6782226.jpg","NO2","1.0","OppoReno5","2025-08-07 14:43:42","train"
"NO2/OppoReno5/round2/aUe2w_ngochanpham274@gmail.com_2025-08-07 14_25_07_An_OppoReno5_0.08ppm_2_5_NO2-_10.8768753_106.6782391.jpg","NO2","0.08","OppoReno5","2025-08-07 14:25:07","train"
"NO2/OppoReno5/round2/BxPor_ngochanpham274@gmail.com_2025-08-07 14_48_08_An_OppoReno5_4ppm_2_1_NO2-_10.8768562_106.6782226.jpg","NO2","4.0","OppoReno5","2025-08-07 14:48:08","train"
"NO2/OppoReno5/round2/cG3Yv_ngochanpham274@gmail.com_2025-08-07 14_20_09_An_OppoReno5_0.06ppm_2_1_NO2-_10.8768753_106.6782391.jpg","NO2","0.06","OppoReno5","2025-08-07 14:20:09","train"
"NO2/OppoReno5/round2/cUcSQ_ngochanpham274@gmail.com_2025-08-07 14_45_57_An_OppoReno5_2ppm_2_2_NO2-_10.8768562_106.6782226.jpg","NO2","2.0","OppoReno5","2025-08-07 14:45:57","train"
"NO2/OppoReno5/round2/dD9hh_ngochanpham274@gmail.com_2025-08-07 14_09_12_An_OppoReno5_0.01ppm_2_3_NO2-_10.8768753_106.6782391.jpg","NO2","0.01","OppoReno5","2025-08-07 14:09:12","train"
"NO2/OppoReno5/round2/dMnBV_ngochanpham274@gmail.com_2025-08-07 14_21_11_An_OppoReno5_0.06ppm_2_3_NO2-_10.8768753_106.6782391.jpg","NO2","0.06","OppoReno5","2025-08-07 14:21:11","train"
"NO2/OppoReno5/round2/E0bS6_ngochanpham274@gmail.com_2025-08-07 14_10_50_An_OppoReno5_0.01ppm_2_5_NO2-_10.8768753_106.6782391.jpg","NO2","0.01","OppoReno5","2025-08-07 14:10:50","train"
"NO2/OppoReno5/round2/E6t58_ngochanpham274@gmail.com_2025-08-07 14_35_22_An_OppoReno5_0.5ppm_2_2_NO2-_10.8768562_106.6782226.jpg","NO2","0.5","OppoReno5","2025-08-07 14:35:22","train"
"NO2/OppoReno5/round2/EnmHA_ngochanpham274@gmail.com_2025-08-07 14_16_43_An_OppoReno5_0.04ppm_2_4_NO2-_10.8768753_106.6782391.jpg","NO2","0.04","OppoReno5","2025-08-07 14:16:43","train"
"NO2/OppoReno5/round2/FAapW_ngochanpham274@gmail.com_2025-08-07 14_50_17_An_OppoReno5_4ppm_2_5_NO2-_10.8768562_106.6782226.jpg","NO2","4.0","OppoReno5","2025-08-07 14:50:17","train"
"NO2/OppoReno5/round2/fLS8L_ngochanpham274@gmail.com_2025-08-07 14_23_59_An_OppoReno5_0.08ppm_2_2_NO2-_10.8768753_106.6782391.jpg","NO2","0.08","OppoReno5","2025-08-07 14:23:59","train"
"NO2/OppoReno5/round2/Ghqzc_ngochanpham274@gmail.com_2025-08-07 14_26_07_An_OppoReno5_0.1ppm_2_1_NO2-_10.8768753_106.6782391.jpg","NO2","0.1","OppoReno5","2025-08-07 14:26:07","train"
"NO2/OppoReno5/round2/GiJpD_ngochanpham274@gmail.com_2025-08-07 14_30_24_An_OppoReno5_0.2ppm_2_5_NO2-_10.8768753_106.6782391.jpg","NO2","0.2","OppoReno5","2025-08-07 14:30:24","train"
"NO2/OppoReno5/round2/gxXru_ngochanpham274@gmail.com_2025-08-07 14_21_34_An_OppoReno5_0.06ppm_2_4_NO2-_10.8768753_106.6782391.jpg","NO2","0.06","OppoReno5","2025-08-07 14:21:34","train"
"NO2/OppoReno5/round2/HFlCT_ngochanpham274@gmail.com_2025-08-07 14_29_30_An_OppoReno5_0.2ppm_2_3_NO2-_10.8768753_106.6782391.jpg","NO2","0.2","OppoReno5","2025-08-07 14:29:30","train"
"NO2/OppoReno5/round2/hlbKm_ngochanpham274@gmail.com_2025-08-07 14_49_54_An_OppoReno5_4ppm_2_4_NO2-_10.8768562_106.6782226.jpg","NO2","4.0","OppoReno5","2025-08-07 14:49:54","train"
"NO2/OppoReno5/round2/ieCjH_ngochanpham274@gmail.com_2025-08-07 14_29_06_An_OppoReno5_0.2ppm_2_2_NO2-_10.8768753_106.6782391.jpg","NO2","0.2","OppoReno5","2025-08-07 14:29:06","train"
"NO2/OppoReno5/round2/Iou9m_ngochanpham274@gmail.com_2025-08-07 14_40_56_An_OppoReno5_0.8ppm_2_3_NO2-_10.8768562_106.6782226.jpg","NO2","0.8","OppoReno5","2025-08-07 14:40:56","train"
"NO2/OppoReno5/round2/IsOmD_ngochanpham274@gmail.com_2025-08-07 14_44_35_An_OppoReno5_1ppm_2_5_NO2-_10.8768562_106.6782226.jpg","NO2","1.0","OppoReno5","2025-08-07 14:44:35","train"
"NO2/OppoReno5/round2/Jsk1E_ngochanpham274@gmail.com_2025-08-07 14_14_21_An_OppoReno5_0.02ppm_2_4_NO2-_10.8768753_106.6782391.jpg","NO2","0.02","OppoReno5","2025-08-07 14:14:21","train"
"NO2/OppoReno5/round2/JTF3o_ngochanpham274@gmail.com_2025-08-07 14_46_46_An_OppoReno5_2ppm_2_4_NO2-_10.8768562_106.6782226.jpg","NO2","2.0","OppoReno5","2025-08-07 14:46:46","train"
"NO2/OppoReno5/round2/LhdNR_ngochanpham274@gmail.com_2025-08-07 14_09_36_An_OppoReno5_0.01ppm_2_4_NO2-_10.8768753_106.6782391.jpg","NO2","0.01","OppoReno5","2025-08-07 14:09:36","train"
"NO2/OppoReno5/round2/LjkxZ_ngochanpham274@gmail.com_2025-08-07 14_33_36_An_OppoReno5_0.4ppm_2_4_NO2-_10.8768562_106.6782226.jpg","NO2","0.4","OppoReno5","2025-08-07 14:33:36","train"
"NO2/OppoReno5/round2/LT31p_ngochanpham274@gmail.com_2025-08-07 14_27_02_An_OppoReno5_0.1ppm_2_3_NO2-_10.8768753_106.6782391.jpg","NO2","0.1","OppoReno5","2025-08-07 14:27:02","train"
"NO2/OppoReno5/round2/LW7fA_ngochanpham274@gmail.com_2025-08-07 14_45_34_An_OppoReno5_2ppm_2_1_NO2-_10.8768562_106.6782226.jpg","NO2","2.0","OppoReno5","2025-08-07 14:45:34","train"
"NO2/OppoReno5/round2/M7WSl_ngochanpham274@gmail.com_2025-08-07 14_40_26_An_OppoReno5_0.8ppm_2_2_NO2-_10.8768562_106.6782226.jpg","NO2","0.8","OppoReno5","2025-08-07 14:40:26","train"
"NO2/OppoReno5/round2/MASwp_ngochanpham274@gmail.com_2025-08-07 14_38_34_An_OppoReno5_0.6ppm_2_3_NO2-_10.8768562_106.6782226.jpg","NO2","0.6","OppoReno5","2025-08-07 14:38:34","train"
"NO2/OppoReno5/round2/MmJXg_ngochanpham274@gmail.com_2025-08-07 14_15_50_An_OppoReno5_0.04ppm_2_2_NO2-_10.8768753_106.6782391.jpg","NO2","0.04","OppoReno5","2025-08-07 14:15:50","train"
"NO2/OppoReno5/round2/mS7bY_ngochanpham274@gmail.com_2025-08-07 14_29_53_An_OppoReno5_0.2ppm_2_4_NO2-_10.8768753_106.6782391.jpg","NO2","0.2","OppoReno5","2025-08-07 14:29:53","train"
"NO2/OppoReno5/round2/O3lAJ_ngochanpham274@gmail.com_2025-08-07 14_32_49_An_OppoReno5_0.4ppm_2_2_NO2-_10.8768562_106.6782226.jpg","NO2","0.4","OppoReno5","2025-08-07 14:32:49","train"
"NO2/OppoReno5/round2/okJCS_ngochanpham274@gmail.com_2025-08-07 14_12_42_An_OppoReno5_0.02ppm_2_3_NO2-_10.8768753_106.6782391.jpg","NO2","0.02","OppoReno5","2025-08-07 14:12:42","train"
"NO2/OppoReno5/round2/OTOT1_ngochanpham274@gmail.com_2025-08-07 14_39_18_An_OppoReno5_0.6ppm_2_5_NO2-_10.8768562_106.6782226.jpg","NO2","0.6","OppoReno5","2025-08-07 14:39:18","train"
"NO2/OppoReno5/round2/P5blf_ngochanpham274@gmail.com_2025-08-07 14_40_01_An_OppoReno5_0.8ppm_2_1_NO2-_10.8768562_106.6782226.jpg","NO2","0.8","OppoReno5","2025-08-07 14:40:01","train"
"NO2/OppoReno5/round2/PACm2_ngochanpham274@gmail.com_2025-08-07 14_27_28_An_OppoReno5_0.1ppm_2_4_NO2-_10.8768753_106.6782391.jpg","NO2","0.1","OppoReno5","2025-08-07 14:27:28","train"
"NO2/OppoReno5/round2/ptuh9_ngochanpham274@gmail.com_2025-08-07 14_16_14_An_OppoReno5_0.04ppm_2_3_NO2-_10.8768753_106.6782391.jpg","NO2","0.04","OppoReno5","2025-08-07 14:16:14","train"
"NO2/OppoReno5/round2/q3dH2_ngochanpham274@gmail.com_2025-08-07 14_17_52_An_OppoReno5_0.05ppm_2_1_NO2-_10.8768753_106.6782391.jpg","NO2","0.05","OppoReno5","2025-08-07 14:17:52","train"
"NO2/OppoReno5/round2/q79YS_ngochanpham274@gmail.com_2025-08-07 14_24_43_An_OppoReno5_0.08ppm_2_4_NO2-_10.8768753_106.6782391.jpg","NO2","0.08","OppoReno5","2025-08-07 14:24:43","train"
"NO2/OppoReno5/round2/qU2cT_ngochanpham274@gmail.com_2025-08-07 14_18_39_An_OppoReno5_0.05ppm_2_3_NO2-_10.8768753_106.6782391.jpg","NO2","0.05","OppoReno5","2025-08-07 14:18:39","train"
"NO2/OppoReno5/round2/r1riM_ngochanpham274@gmail.com_2025-08-07 14_37_36_An_OppoReno5_0.6ppm_2_1_NO2-_10.8768562_106.6782226.jpg","NO2","0.6","OppoReno5","2025-08-07 14:37:36","train"
"NO2/OppoReno5/round2/r9jtn_ngochanpham274@gmail.com_2025-08-07 14_35_45_An_OppoReno5_0.5ppm_2_3_NO2-_10.8768562_106.6782226.jpg","NO2","0.5","OppoReno5","2025-08-07 14:35:45","train"
"NO2/OppoReno5/round2/RDfqF_ngochanpham274@gmail.com_2025-08-07 14_24_21_An_OppoReno5_0.08ppm_2_3_NO2-_10.8768753_106.6782391.jpg","NO2","0.08","OppoReno5","2025-08-07 14:24:21","train"
"NO2/OppoReno5/round2/STtm0_ngochanpham274@gmail.com_2025-08-07 14_46_21_An_OppoReno5_2ppm_2_3_NO2-_10.8768562_106.6782226.jpg","NO2","2.0","OppoReno5","2025-08-07 14:46:21","train"
"NO2/OppoReno5/round2/tJfvF_ngochanpham274@gmail.com_2025-08-07 14_36_40_An_OppoReno5_0.5ppm_2_5_NO2-_10.8768562_106.6782226.jpg","NO2","0.5","OppoReno5","2025-08-07 14:36:40","train"
"NO2/OppoReno5/round2/TUpZi_ngochanpham274@gmail.com_2025-08-07 14_12_13_An_OppoReno5_0.02ppm_2_2_NO2-_10.8768753_106.6782391.jpg","NO2","0.02","OppoReno5","2025-08-07 14:12:13","train"
"NO2/OppoReno5/round2/tyepR_ngochanpham274@gmail.com_2025-08-07 14_35_00_An_OppoReno5_0.5ppm_2_1_NO2-_10.8768562_106.6782226.jpg","NO2","0.5","OppoReno5","2025-08-07 14:35:00","train"
"NO2/OppoReno5/round2/UfKsw_ngochanpham274@gmail.com_2025-08-07 14_08_36_An_OppoReno5_0.01ppm_2_2_NO2-_10.8768753_106.6782391.jpg","NO2","0.01","OppoReno5","2025-08-07 14:08:36","train"
"NO2/OppoReno5/round2/uGuHU_ngochanpham274@gmail.com_2025-08-07 14_19_21_An_OppoReno5_0.05ppm_2_5_NO2-_10.8768753_106.6782391.jpg","NO2","0.05","OppoReno5","2025-08-07 14:19:21","train"
"NO2/OppoReno5/round2/uTAX3_ngochanpham274@gmail.com_2025-08-07 14_14_48_An_OppoReno5_0.02ppm_2_5_NO2-_10.8768753_106.6782391.jpg","NO2","0.02","OppoReno5","2025-08-07 14:14:48","train"
"NO2/OppoReno5/round2/vfPgd_ngochanpham274@gmail.com_2025-08-07 14_18_17_An_OppoReno5_0.05ppm_2_2_NO2-_10.8768753_106.6782391.jpg","NO2","0.05","OppoReno5","2025-08-07 14:18:17","train"
"NO2/OppoReno5/round2/VzJdA_ngochanpham274@gmail.com_2025-08-07 14_19_00_An_OppoReno5_0.05ppm_2_4_NO2-_10.8768753_106.6782391.jpg","NO2","0.05","OppoReno5","2025-08-07 14:19:00","train"
"NO2/OppoReno5/round2/vZouK_ngochanpham274@gmail.com_2025-08-07 14_36_19_An_OppoReno5_0.5ppm_2_4_NO2-_10.8768562_106.6782226.jpg","NO2","0.5","OppoReno5","2025-08-07 14:36:19","train"
"NO2/OppoReno5/round2/WTM58_ngochanpham274@gmail.com_2025-08-07 14_33_13_An_OppoReno5_0.4ppm_2_3_NO2-_10.8768562_106.6782226.jpg","NO2","0.4","OppoReno5","2025-08-07 14:33:13","train"
"NO2/OppoReno5/round2/x4YgM_ngochanpham274@gmail.com_2025-08-07 14_38_56_An_OppoReno5_0.6ppm_2_4_NO2-_10.8768562_106.6782226.jpg","NO2","0.6","OppoReno5","2025-08-07 14:38:56","train"
"NO2/OppoReno5/round2/Xnz1q_ngochanpham274@gmail.com_2025-08-07 14_20_37_An_OppoReno5_0.06ppm_2_2_NO2-_10.8768753_106.6782391.jpg","NO2","0.06","OppoReno5","2025-08-07 14:20:37","train"
"NO2/OppoReno5/round2/xSkuV_ngochanpham274@gmail.com_2025-08-07 14_23_27_An_OppoReno5_0.08ppm_2_1_NO2-_10.8768753_106.6782391.jpg","NO2","0.08","OppoReno5","2025-08-07 14:23:27","train"
"NO2/OppoReno5/round2/yO8eB_ngochanpham274@gmail.com_2025-08-07 14_41_44_An_OppoReno5_0.8ppm_2_5_NO2-_10.8768562_106.6782226.jpg","NO2","0.8","OppoReno5","2025-08-07 14:41:44","train"
"NO2/OppoReno5/round2/zACHc_ngochanpham274@gmail.com_2025-08-07 14_27_54_An_OppoReno5_0.1ppm_2_5_NO2-_10.8768753_106.6782391.jpg","NO2","0.1","OppoReno5","2025-08-07 14:27:54","train"
"NO2/OppoReno5/round2/zFkCH_ngochanpham274@gmail.com_2025-08-07 14_11_50_An_OppoReno5_0.02ppm_2_1_NO2-_10.8768753_106.6782391.jpg","NO2","0.02","OppoReno5","2025-08-07 14:11:50","train"
"NO2/OppoReno5/round2/Zn2ii_ngochanpham274@gmail.com_2025-08-07 14_21_55_An_OppoReno5_0.06ppm_2_5_NO2-_10.8768753_106.6782391.jpg","NO2","0.06","OppoReno5","2025-08-07 14:21:55","train"
"NO2/OppoReno5/round2/ZnALn_ngochanpham274@gmail.com_2025-08-07 14_08_05_An_OppoReno5_0.01ppm_2_1_NO2-_10.8768753_106.6782391.jpg","NO2","0.01","OppoReno5","2025-08-07 14:08:05","train"
"NO2/RedmiA1/round1/1VJQn_ngochanpham274@gmail.com_2025-08-05 13_26_02_Lam_RedmiA1_0.6ppm_1_3_NO2_10.8768547_106.6782054.jpg","NO2","0.6","RedmiA1","2025-08-05 13:26:02","train"
"NO2/RedmiA1/round1/3AtwU_ngochanpham274@gmail.com_2025-08-05 13_24_15_Lam_RedmiA1_0.5ppm_1_5_NO2_10.8768547_106.6782054.jpg","NO2","0.5","RedmiA1","2025-08-05 13:24:15","train"
"NO2/RedmiA1/round1/3m2pu_ngochanpham274@gmail.com_2025-08-05 12_03_26_Lam_RedmiA1_0.01ppm_1_1_NO2_10.8768547_106.6782054.jpg","NO2","0.01","RedmiA1","2025-08-05 12:03:26","train"
"NO2/RedmiA1/round1/3uvdc_ngochanpham274@gmail.com_2025-08-05 12_50_52_Lam_RedmiA1_0.02ppm_1_4_NO2_10.8768547_106.6782054.jpg","NO2","0.02","RedmiA1","2025-08-05 12:50:52","train"
"NO2/RedmiA1/round1/4jBGp_ngochanpham274@gmail.com_2025-08-05 13_17_19_Lam_RedmiA1_0.2ppm_1_4_NO2_10.8768547_106.6782054.jpg","NO2","0.2","RedmiA1","2025-08-05 13:17:19","train"
"NO2/RedmiA1/round1/6WIFU_ngochanpham274@gmail.com_2025-08-05 13_12_40_Lam_RedmiA1_0.1ppm_1_3_NO2_10.8768547_106.6782054.jpg","NO2","0.1","RedmiA1","2025-08-05 13:12:40","train"
"NO2/RedmiA1/round1/71XoQ_ngochanpham274@gmail.com_2025-08-05 13_35_47_Lam_RedmiA1_2ppm_1_3_NO2_10.8768547_106.6782054.jpg","NO2","2.0","RedmiA1","2025-08-05 13:35:47","train"
"NO2/RedmiA1/round1/8TYDX_ngochanpham274@gmail.com_2025-08-05 13_15_44_Lam_RedmiA1_0.2ppm_1_1_NO2_10.8768547_106.6782054.jpg","NO2","0.2","RedmiA1","2025-08-05 13:15:44","train"
"NO2/RedmiA1/round1/9aCzV_ngochanpham274@gmail.com_2025-08-05 13_04_25_Lam_RedmiA1_0.06ppm_1_1_NO2_10.8768547_106.6782054.jpg","NO2","0.06","RedmiA1","2025-08-05 13:04:25","train"
"NO2/RedmiA1/round1/bFCgL_ngochanpham274@gmail.com_2025-08-05 13_13_40_Lam_RedmiA1_0.1ppm_1_4_NO2_10.8768547_106.6782054.jpg","NO2","0.1","RedmiA1","2025-08-05 13:13:40","train"
"NO2/RedmiA1/round1/BgN5E_ngochanpham274@gmail.com_2025-08-05 13_19_24_Lam_RedmiA1_0.4ppm_1_1_NO2_10.8768547_106.6782054.jpg","NO2","0.4","RedmiA1","2025-08-05 13:19:24","train"
"NO2/RedmiA1/round1/Bne2B_ngochanpham274@gmail.com_2025-08-05 12_55_32_Lam_RedmiA1_0.04ppm_1_1_NO2_10.8768547_106.6782054.jpg","NO2","0.04","RedmiA1","2025-08-05 12:55:32","train"
"NO2/RedmiA1/round1/BNrDQ_ngochanpham274@gmail.com_2025-08-05 13_25_15_Lam_RedmiA1_0.6ppm_1_1_NO2_10.8768547_106.6782054.jpg","NO2","0.6","RedmiA1","2025-08-05 13:25:15","train"
"NO2/RedmiA1/round1/cdQvK_ngochanpham274@gmail.com_2025-08-05 13_03_05_Lam_RedmiA1_0.05ppm_1_5_NO2_10.8768547_106.6782054.jpg","NO2","0.05","RedmiA1","2025-08-05 13:03:05","train"
"NO2/RedmiA1/round1/cJ3iH_ngochanpham274@gmail.com_2025-08-05 13_18_14_Lam_RedmiA1_0.2ppm_1_5_NO2_10.8768547_106.6782054.jpg","NO2","0.2","RedmiA1","2025-08-05 13:18:14","train"
"NO2/RedmiA1/round1/cNN0w_ngochanpham274@gmail.com_2025-08-05 13_01_48_Lam_RedmiA1_0.05ppm_1_3_NO2_10.8768547_106.6782054.jpg","NO2","0.05","RedmiA1","2025-08-05 13:01:48","train"
"NO2/RedmiA1/round1/e0fvu_ngochanpham274@gmail.com_2025-08-05 13_23_52_Lam_RedmiA1_0.5ppm_1_4_NO2_10.8768547_106.6782054.jpg","NO2","0.5","RedmiA1","2025-08-05 13:23:52","train"
"NO2/RedmiA1/round1/EBA49_ngochanpham274@gmail.com_2025-08-05 13_11_37_Lam_RedmiA1_0.1ppm_1_1_NO2_10.8768547_106.6782054.jpg","NO2","0.1","RedmiA1","2025-08-05 13:11:37","train"
"NO2/RedmiA1/round1/Egx9n_ngochanpham274@gmail.com_2025-08-05 13_40_26_Lam_RedmiA1_4ppm_1_2_NO2-_10.8768615_106.6782234.jpg","NO2","4.0","RedmiA1","2025-08-05 13:40:26","train"
"NO2/RedmiA1/round1/F4Ezv_ngochanpham274@gmail.com_2025-08-05 13_00_16_Lam_RedmiA1_0.05ppm_1_2_NO2_10.8768547_106.6782054.jpg","NO2","0.05","RedmiA1","2025-08-05 13:00:16","train"
"NO2/RedmiA1/round1/fBBW1_ngochanpham274@gmail.com_2025-08-05 13_20_48_Lam_RedmiA1_0.4ppm_1_4_NO2_10.8768547_106.6782054.jpg","NO2","0.4","RedmiA1","2025-08-05 13:20:48","train"
"NO2/RedmiA1/round1/fBdwj_ngochanpham274@gmail.com_2025-08-05 13_20_48_Lam_RedmiA1_0.4ppm_1_5_NO2_10.8768547_106.6782054 - Copy.jpg","NO2","0.4","RedmiA1","2025-08-05 13:20:48","train"
"NO2/RedmiA1/round1/FlWG9_ngochanpham274@gmail.com_2025-08-05 13_41_37_Lam_RedmiA1_4ppm_1_5_NO2-_10.8768615_106.6782234.jpg","NO2","4.0","RedmiA1","2025-08-05 13:41:37","train"
"NO2/RedmiA1/round1/gRSDa_ngochanpham274@gmail.com_2025-08-05 12_57_59_Lam_RedmiA1_0.04ppm_1_5_NO2_10.8768547_106.6782054.jpg","NO2","0.04","RedmiA1","2025-08-05 12:57:59","train"
"NO2/RedmiA1/round1/hFhRA_ngochanpham274@gmail.com_2025-08-05 13_16_17_Lam_RedmiA1_0.2ppm_1_2_NO2_10.8768547_106.6782054.jpg","NO2","0.2","RedmiA1","2025-08-05 13:16:17","train"
"NO2/RedmiA1/round1/HfJlu_ngochanpham274@gmail.com_2025-08-05 13_12_10_Lam_RedmiA1_0.1ppm_1_2_NO2_10.8768547_106.6782054.jpg","NO2","0.1","RedmiA1","2025-08-05 13:12:10","train"
"NO2/RedmiA1/round1/Hp7Ap_ngochanpham274@gmail.com_2025-08-05 12_49_42_Lam_RedmiA1_0.02ppm_1_2_NO2_10.8768547_106.6782054.jpg","NO2","0.02","RedmiA1","2025-08-05 12:49:42","train"
"NO2/RedmiA1/round1/Ht9Er_ngochanpham274@gmail.com_2025-08-05 12_04_18_Lam_RedmiA1_0.01ppm_1_2_NO2_10.8768547_106.6782054.jpg","NO2","0.01","RedmiA1","2025-08-05 12:04:18","train"
"NO2/RedmiA1/round1/Idonm_ngochanpham274@gmail.com_2025-08-05 13_16_44_Lam_RedmiA1_0.2ppm_1_3_NO2_10.8768547_106.6782054.jpg","NO2","0.2","RedmiA1","2025-08-05 13:16:44","train"
"NO2/RedmiA1/round1/iOcdY_ngochanpham274@gmail.com_2025-08-05 13_14_27_Lam_RedmiA1_0.1ppm_1_5_NO2_10.8768547_106.6782054.jpg","NO2","0.1","RedmiA1","2025-08-05 13:14:27","train"
"NO2/RedmiA1/round1/IsOHT_ngochanpham274@gmail.com_2025-08-05 13_08_39_Lam_RedmiA1_0.08ppm_1_2_NO2_10.8768547_106.6782054.jpg","NO2","0.08","RedmiA1","2025-08-05 13:08:39","train"
"NO2/RedmiA1/round1/isxz0_ngochanpham274@gmail.com_2025-08-05 13_30_10_Lam_RedmiA1_0.8ppm_1_3_NO2_10.8768547_106.6782054.jpg","NO2","0.8","RedmiA1","2025-08-05 13:30:10","train"
"NO2/RedmiA1/round1/IYQ1U_ngochanpham274@gmail.com_2025-08-05 13_22_23_Lam_RedmiA1_0.5ppm_1_1_NO2_10.8768547_106.6782054.jpg","NO2","0.5","RedmiA1","2025-08-05 13:22:23","train"
"NO2/RedmiA1/round1/jhpNf_ngochanpham274@gmail.com_2025-08-05 13_29_44_Lam_RedmiA1_0.8ppm_1_2_NO2_10.8768547_106.6782054.jpg","NO2","0.8","RedmiA1","2025-08-05 13:29:44","train"
"NO2/RedmiA1/round1/jzqlJ_ngochanpham274@gmail.com_2025-08-05 13_36_08_Lam_RedmiA1_2ppm_1_4_NO2_10.8768547_106.6782054.jpg","NO2","2.0","RedmiA1","2025-08-05 13:36:08","train"
"NO2/RedmiA1/round1/K2GPk_ngochanpham274@gmail.com_2025-08-05 13_26_32_Lam_RedmiA1_0.6ppm_1_4_NO2_10.8768547_106.6782054.jpg","NO2","0.6","RedmiA1","2025-08-05 13:26:32","train"
"NO2/RedmiA1/round1/kDQNT_ngochanpham274@gmail.com_2025-08-05 13_19_59_Lam_RedmiA1_0.4ppm_1_2_NO2_10.8768547_106.6782054.jpg","NO2","0.4","RedmiA1","2025-08-05 13:19:59","train"
"NO2/RedmiA1/round1/kSP0V_ngochanpham274@gmail.com_2025-08-05 13_09_49_Lam_RedmiA1_0.08ppm_1_4_NO2_10.8768547_106.6782054.jpg","NO2","0.08","RedmiA1","2025-08-05 13:09:49","train"
"NO2/RedmiA1/round1/kulxo_ngochanpham274@gmail.com_2025-08-05 13_41_15_Lam_RedmiA1_4ppm_1_4_NO2-_10.8768615_106.6782234.jpg","NO2","4.0","RedmiA1","2025-08-05 13:41:15","train"
"NO2/RedmiA1/round1/kzD7o_ngochanpham274@gmail.com_2025-08-05 13_22_54_Lam_RedmiA1_0.5ppm_1_2_NO2_10.8768547_106.6782054.jpg","NO2","0.5","RedmiA1","2025-08-05 13:22:54","train"
"NO2/RedmiA1/round1/LqpaN_ngochanpham274@gmail.com_2025-08-05 13_10_14_Lam_RedmiA1_0.08ppm_1_5_NO2_10.8768547_106.6782054.jpg","NO2","0.08","RedmiA1","2025-08-05 13:10:14","train"
"NO2/RedmiA1/round1/m1vfN_ngochanpham274@gmail.com_2025-08-05 12_51_23_Lam_RedmiA1_0.02ppm_1_5_NO2_10.8768547_106.6782054.jpg","NO2","0.02","RedmiA1","2025-08-05 12:51:23","train"
"NO2/RedmiA1/round1/mIILY_ngochanpham274@gmail.com_2025-08-05 13_35_24_Lam_RedmiA1_2ppm_1_2_NO2_10.8768547_106.6782054.jpg","NO2","2.0","RedmiA1","2025-08-05 13:35:24","train"
"NO2/RedmiA1/round1/mTm5i_ngochanpham274@gmail.com_2025-08-05 12_04_46_Lam_RedmiA1_0.01ppm_1_3_NO2_10.8768547_106.6782054.jpg","NO2","0.01","RedmiA1","2025-08-05 12:04:46","train"
"NO2/RedmiA1/round1/o1vXF_ngochanpham274@gmail.com_2025-08-05 13_40_02_Lam_RedmiA1_4ppm_1_1_NO2-_10.8768615_106.6782234.jpg","NO2","4.0","RedmiA1","2025-08-05 13:40:02","train"
"NO2/RedmiA1/round1/OJRNS_ngochanpham274@gmail.com_2025-08-05 13_40_52_Lam_RedmiA1_4ppm_1_3_NO2-_10.8768615_106.6782234.jpg","NO2","4.0","RedmiA1","2025-08-05 13:40:52","train"
"NO2/RedmiA1/round1/ONsXO_ngochanpham274@gmail.com_2025-08-05 12_57_22_Lam_RedmiA1_0.04ppm_1_4_NO2_10.8768547_106.6782054.jpg","NO2","0.04","RedmiA1","2025-08-05 12:57:22","train"
"NO2/RedmiA1/round1/OqHVl_ngochanpham274@gmail.com_2025-08-05 13_39_06_Lam_RedmiA1_2ppm_1_5_NO2-_10.8768615_106.6782234.jpg","NO2","2.0","RedmiA1","2025-08-05 13:39:06","train"
"NO2/RedmiA1/round1/q5NhV_ngochanpham274@gmail.com_2025-08-05 13_33_34_Lam_RedmiA1_1ppm_1_5_NO2_10.8768547_106.6782054.jpg","NO2","1.0","RedmiA1","2025-08-05 13:33:34","train"
"NO2/RedmiA1/round1/Q8Uv9_ngochanpham274@gmail.com_2025-08-05 13_32_01_Lam_RedmiA1_1ppm_1_1_NO2_10.8768547_106.6782054.jpg","NO2","1.0","RedmiA1","2025-08-05 13:32:01","train"
"NO2/RedmiA1/round1/qqfev_ngochanpham274@gmail.com_2025-08-05 13_08_02_Lam_RedmiA1_0.08ppm_1_1_NO2_10.8768547_106.6782054.jpg","NO2","0.08","RedmiA1","2025-08-05 13:08:02","train"
"NO2/RedmiA1/round1/qtZ2k_ngochanpham274@gmail.com_2025-08-05 13_06_51_Lam_RedmiA1_0.06ppm_1_5_NO2_10.8768547_106.6782054.jpg","NO2","0.06","RedmiA1","2025-08-05 13:06:51","train"
"NO2/RedmiA1/round1/Rag3B_ngochanpham274@gmail.com_2025-08-05 13_35_03_Lam_RedmiA1_2ppm_1_1_NO2_10.8768547_106.6782054.jpg","NO2","2.0","RedmiA1","2025-08-05 13:35:03","train"
"NO2/RedmiA1/round1/rntGA_ngochanpham274@gmail.com_2025-08-05 13_06_06_Lam_RedmiA1_0.06ppm_1_4_NO2_10.8768547_106.6782054.jpg","NO2","0.06","RedmiA1","2025-08-05 13:06:06","train"
"NO2/RedmiA1/round1/RscrD_ngochanpham274@gmail.com_2025-08-05 13_32_24_Lam_RedmiA1_1ppm_1_2_NO2_10.8768547_106.6782054.jpg","NO2","1.0","RedmiA1","2025-08-05 13:32:24","train"
"NO2/RedmiA1/round1/sGc4n_ngochanpham274@gmail.com_2025-08-05 13_27_00_Lam_RedmiA1_0.6ppm_1_5_NO2_10.8768547_106.6782054.jpg","NO2","0.6","RedmiA1","2025-08-05 13:27:00","train"
"NO2/RedmiA1/round1/sGhRR_ngochanpham274@gmail.com_2025-08-05 13_25_40_Lam_RedmiA1_0.6ppm_1_2_NO2_10.8768547_106.6782054.jpg","NO2","0.6","RedmiA1","2025-08-05 13:25:40","train"
"NO2/RedmiA1/round1/tmkRx_ngochanpham274@gmail.com_2025-08-05 13_05_35_Lam_RedmiA1_0.06ppm_1_3_NO2_10.8768547_106.6782054.jpg","NO2","0.06","RedmiA1","2025-08-05 13:05:35","train"
"NO2/RedmiA1/round1/TuFvD_ngochanpham274@gmail.com_2025-08-05 12_49_09_Lam_RedmiA1_0.02ppm_1_1_NO2_10.8768547_106.6782054.jpg","NO2","0.02","RedmiA1","2025-08-05 12:49:09","train"
"NO2/RedmiA1/round1/UBQu2_ngochanpham274@gmail.com_2025-08-05 13_05_04_Lam_RedmiA1_0.06ppm_1_2_NO2_10.8768547_106.6782054.jpg","NO2","0.06","RedmiA1","2025-08-05 13:05:04","train"
"NO2/RedmiA1/round1/UHhdw_ngochanpham274@gmail.com_2025-08-05 12_06_30_Lam_RedmiA1_0.01ppm_1_5_NO2_10.8768547_106.6782054.jpg","NO2","0.01","RedmiA1","2025-08-05 12:06:30","train"
"NO2/RedmiA1/round1/v6J3k_ngochanpham274@gmail.com_2025-08-05 12_50_19_Lam_RedmiA1_0.02ppm_1_3_NO2_10.8768547_106.6782054.jpg","NO2","0.02","RedmiA1","2025-08-05 12:50:19","train"
"NO2/RedmiA1/round1/vJ1IA_ngochanpham274@gmail.com_2025-08-05 13_20_28_Lam_RedmiA1_0.4ppm_1_3_NO2_10.8768547_106.6782054.jpg","NO2","0.4","RedmiA1","2025-08-05 13:20:28","train"
"NO2/RedmiA1/round1/vRnV0_ngochanpham274@gmail.com_2025-08-05 12_56_26_Lam_RedmiA1_0.04ppm_1_2_NO2_10.8768547_106.6782054.jpg","NO2","0.04","RedmiA1","2025-08-05 12:56:26","train"
"NO2/RedmiA1/round1/wn4dB_ngochanpham274@gmail.com_2025-08-05 13_29_10_Lam_RedmiA1_0.8ppm_1_1_NO2_10.8768547_106.6782054.jpg","NO2","0.8","RedmiA1","2025-08-05 13:29:10","train"
"NO2/RedmiA1/round1/wwZ3I_ngochanpham274@gmail.com_2025-08-05 13_33_10_Lam_RedmiA1_1ppm_1_4_NO2_10.8768547_106.6782054.jpg","NO2","1.0","RedmiA1","2025-08-05 13:33:10","train"
"NO2/RedmiA1/round1/x2jEw_ngochanpham274@gmail.com_2025-08-05 12_59_46_Lam_RedmiA1_0.05ppm_1_1_NO2_10.8768547_106.6782054.jpg","NO2","0.05","RedmiA1","2025-08-05 12:59:46","train"
"NO2/RedmiA1/round1/xxHEY_ngochanpham274@gmail.com_2025-08-05 12_56_56_Lam_RedmiA1_0.04ppm_1_3_NO2_10.8768547_106.6782054.jpg","NO2","0.04","RedmiA1","2025-08-05 12:56:56","train"
"NO2/RedmiA1/round1/XY2Pe_ngochanpham274@gmail.com_2025-08-05 13_30_30_Lam_RedmiA1_0.8ppm_1_4_NO2_10.8768547_106.6782054.jpg","NO2","0.8","RedmiA1","2025-08-05 13:30:30","train"
"NO2/RedmiA1/round1/Y2tRA_ngochanpham274@gmail.com_2025-08-05 13_09_11_Lam_RedmiA1_0.08ppm_1_3_NO2_10.8768547_106.6782054.jpg","NO2","0.08","RedmiA1","2025-08-05 13:09:11","train"
"NO2/RedmiA1/round1/yAUWU_ngochanpham274@gmail.com_2025-08-05 13_32_46_Lam_RedmiA1_1ppm_1_3_NO2_10.8768547_106.6782054.jpg","NO2","1.0","RedmiA1","2025-08-05 13:32:46","train"
"NO2/RedmiA1/round1/YbyiV_ngochanpham274@gmail.com_2025-08-05 13_23_24_Lam_RedmiA1_0.5ppm_1_3_NO2_10.8768547_106.6782054.jpg","NO2","0.5","RedmiA1","2025-08-05 13:23:24","train"
"NO2/RedmiA1/round1/Yg034_ngochanpham274@gmail.com_2025-08-05 13_30_53_Lam_RedmiA1_0.8ppm_1_5_NO2_10.8768547_106.6782054.jpg","NO2","0.8","RedmiA1","2025-08-05 13:30:53","train"
"NO2/RedmiA1/round1/ZTTCU_ngochanpham274@gmail.com_2025-08-05 13_02_37_Lam_RedmiA1_0.05ppm_1_4_NO2_10.8768547_106.6782054.jpg","NO2","0.05","RedmiA1","2025-08-05 13:02:37","train"
"NO2/RedmiA1/round1/zYaDw_ngochanpham274@gmail.com_2025-08-05 12_05_32_Lam_RedmiA1_0.01ppm_1_4_NO2_10.8768547_106.6782054.jpg","NO2","0.01","RedmiA1","2025-08-05 12:05:32","train"
"NO2/RedmiA1/round2/003De_ngochanpham274@gmail.com_2025-08-05 13_55_16_Lam_RedmiA1_0.05ppm_2_5_NO2-_10.8768615_106.6782234.jpg","NO2","0.05","RedmiA1","2025-08-05 13:55:16","train"
"NO2/RedmiA1/round2/0C3e2_ngochanpham274@gmail.com_2025-08-05 14_24_23_Lam_RedmiA1_1ppm_2_3_NO2-_10.8768615_106.6782234.jpg","NO2","1.0","RedmiA1","2025-08-05 14:24:23","train"
"NO2/RedmiA1/round2/0kEUP_ngochanpham274@gmail.com_2025-08-05 13_56_02_Lam_RedmiA1_0.06ppm_2_1_NO2-_10.8768615_106.6782234.jpg","NO2","0.06","RedmiA1","2025-08-05 13:56:02","train"
"NO2/RedmiA1/round2/1IWe2_ngochanpham274@gmail.com_2025-08-05 13_45_05_Lam_RedmiA1_0.01ppm_2_5_NO2-_10.8768615_106.6782234.jpg","NO2","0.01","RedmiA1","2025-08-05 13:45:05","train"
"NO2/RedmiA1/round2/1nXdJ_ngochanpham274@gmail.com_2025-08-05 14_15_36_Lam_RedmiA1_0.8ppm_2_1_NO2-_10.8768615_106.6782234.jpg","NO2","0.8","RedmiA1","2025-08-05 14:15:36","train"
"NO2/RedmiA1/round2/25wMa_ngochanpham274@gmail.com_2025-08-05 14_02_07_Lam_RedmiA1_0.1ppm_2_3_NO2-_10.8768615_106.6782234.jpg","NO2","0.1","RedmiA1","2025-08-05 14:02:07","train"
"NO2/RedmiA1/round2/2akX0_ngochanpham274@gmail.com_2025-08-05 14_01_40_Lam_RedmiA1_0.1ppm_2_2_NO2-_10.8768615_106.6782234.jpg","NO2","0.1","RedmiA1","2025-08-05 14:01:40","train"
"NO2/RedmiA1/round2/4bIoR_ngochanpham274@gmail.com_2025-08-05 14_10_30_Lam_RedmiA1_0.5ppm_2_2_NO2-_10.8768615_106.6782234.jpg","NO2","0.5","RedmiA1","2025-08-05 14:10:30","train"
"NO2/RedmiA1/round2/5D6qN_ngochanpham274@gmail.com_2025-08-05 14_12_59_Lam_RedmiA1_0.6ppm_2_2_NO2-_10.8768615_106.6782234.jpg","NO2","0.6","RedmiA1","2025-08-05 14:12:59","train"
"NO2/RedmiA1/round2/6TAFI_ngochanpham274@gmail.com_2025-08-05 13_53_02_Lam_RedmiA1_0.05ppm_2_1_NO2-_10.8768615_106.6782234.jpg","NO2","0.05","RedmiA1","2025-08-05 13:53:02","train"
"NO2/RedmiA1/round2/6z703_ngochanpham274@gmail.com_2025-08-05 14_06_48_Lam_RedmiA1_0.4ppm_2_1_NO2-_10.8768615_106.6782234.jpg","NO2","0.4","RedmiA1","2025-08-05 14:06:48","train"
"NO2/RedmiA1/round2/7jSEM_ngochanpham274@gmail.com_2025-08-05 14_13_36_Lam_RedmiA1_0.6ppm_2_3_NO2-_10.8768615_106.6782234.jpg","NO2","0.6","RedmiA1","2025-08-05 14:13:36","train"
"NO2/RedmiA1/round2/7MjcV_ngochanpham274@gmail.com_2025-08-05 14_02_58_Lam_RedmiA1_0.1ppm_2_5_NO2-_10.8768615_106.6782234.jpg","NO2","0.1","RedmiA1","2025-08-05 14:02:58","train"
"NO2/RedmiA1/round2/AjlyC_ngochanpham274@gmail.com_2025-08-05 14_33_25_Lam_RedmiA1_4ppm_2_1_NO2-_10.8768719_106.6782069.jpg","NO2","4.0","RedmiA1","2025-08-05 14:33:25","train"
"NO2/RedmiA1/round2/AqKbQ_ngochanpham274@gmail.com_2025-08-05 14_14_28_Lam_RedmiA1_0.6ppm_2_5_NO2-_10.8768615_106.6782234.jpg","NO2","0.6","RedmiA1","2025-08-05 14:14:28","train"
"NO2/RedmiA1/round2/arXc6_ngochanpham274@gmail.com_2025-08-05 13_47_54_Lam_RedmiA1_0.02ppm_2_3_NO2-_10.8768615_106.6782234.jpg","NO2","0.02","RedmiA1","2025-08-05 13:47:54","train"
"NO2/RedmiA1/round2/AWOVt_ngochanpham274@gmail.com_2025-08-05 13_43_20_Lam_RedmiA1_0.01ppm_2_1_NO2-_10.8768615_106.6782234.jpg","NO2","0.01","RedmiA1","2025-08-05 13:43:20","train"
"NO2/RedmiA1/round2/aX1My_ngochanpham274@gmail.com_2025-08-05 14_16_20_Lam_RedmiA1_0.8ppm_2_3_NO2-_10.8768615_106.6782234.jpg","NO2","0.8","RedmiA1","2025-08-05 14:16:20","train"
"NO2/RedmiA1/round2/AYixt_ngochanpham274@gmail.com_2025-08-05 14_11_39_Lam_RedmiA1_0.5ppm_2_5_NO2-_10.8768615_106.6782234.jpg","NO2","0.5","RedmiA1","2025-08-05 14:11:39","train"
"NO2/RedmiA1/round2/aYN6i_ngochanpham274@gmail.com_2025-08-05 14_05_45_Lam_RedmiA1_0.2ppm_2_5_NO2-_10.8768615_106.6782234.jpg","NO2","0.2","RedmiA1","2025-08-05 14:05:45","train"
"NO2/RedmiA1/round2/BvLfD_ngochanpham274@gmail.com_2025-08-05 14_35_08_Lam_RedmiA1_4ppm_2_5_NO2-_10.8768719_106.6782069.jpg","NO2","4.0","RedmiA1","2025-08-05 14:35:08","train"
"NO2/RedmiA1/round2/c31GK_ngochanpham274@gmail.com_2025-08-05 14_28_36_Lam_RedmiA1_2ppm_2_1_NO2-_10.8768719_106.6782069.jpg","NO2","2.0","RedmiA1","2025-08-05 14:28:36","train"
"NO2/RedmiA1/round2/CirCn_ngochanpham274@gmail.com_2025-08-05 14_21_10_Lam_RedmiA1_1ppm_2_1_NO2-_10.8768615_106.6782234.jpg","NO2","1.0","RedmiA1","2025-08-05 14:21:10","train"
"NO2/RedmiA1/round2/Cu3UE_ngochanpham274@gmail.com_2025-08-05 14_33_59_Lam_RedmiA1_4ppm_2_2_NO2-_10.8768719_106.6782069.jpg","NO2","4.0","RedmiA1","2025-08-05 14:33:59","train"
"NO2/RedmiA1/round2/dnonn_ngochanpham274@gmail.com_2025-08-05 13_59_40_Lam_RedmiA1_0.08ppm_2_3_NO2-_10.8768615_106.6782234.jpg","NO2","0.08","RedmiA1","2025-08-05 13:59:40","train"
"NO2/RedmiA1/round2/dZMqD_ngochanpham274@gmail.com_2025-08-05 14_30_30_Lam_RedmiA1_2ppm_2_3_NO2-_10.8768719_106.6782069.jpg","NO2","2.0","RedmiA1","2025-08-05 14:30:30","train"
"NO2/RedmiA1/round2/E5r2x_ngochanpham274@gmail.com_2025-08-05 13_53_28_Lam_RedmiA1_0.05ppm_2_2_NO2-_10.8768615_106.6782234.jpg","NO2","0.05","RedmiA1","2025-08-05 13:53:28","train"
"NO2/RedmiA1/round2/E9vbv_ngochanpham274@gmail.com_2025-08-05 14_27_24_Lam_RedmiA1_1ppm_2_5_NO2-_10.8768719_106.6782069.jpg","NO2","1.0","RedmiA1","2025-08-05 14:27:24","train"
"NO2/RedmiA1/round2/ecFkS_ngochanpham274@gmail.com_2025-08-05 14_05_25_Lam_RedmiA1_0.2ppm_2_4_NO2-_10.8768615_106.6782234.jpg","NO2","0.2","RedmiA1","2025-08-05 14:05:25","train"
"NO2/RedmiA1/round2/F3DfC_ngochanpham274@gmail.com_2025-08-05 14_00_22_Lam_RedmiA1_0.08ppm_2_5_NO2-_10.8768615_106.6782234.jpg","NO2","0.08","RedmiA1","2025-08-05 14:00:22","train"
"NO2/RedmiA1/round2/fdRC3_ngochanpham274@gmail.com_2025-08-05 13_48_38_Lam_RedmiA1_0.02ppm_2_5_NO2-_10.8768615_106.6782234.jpg","NO2","0.02","RedmiA1","2025-08-05 13:48:38","train"
"NO2/RedmiA1/round2/FHnBQ_ngochanpham274@gmail.com_2025-08-05 13_59_17_Lam_RedmiA1_0.08ppm_2_2_NO2-_10.8768615_106.6782234.jpg","NO2","0.08","RedmiA1","2025-08-05 13:59:17","train"
"NO2/RedmiA1/round2/FSsTe_ngochanpham274@gmail.com_2025-08-05 13_56_47_Lam_RedmiA1_0.06ppm_2_3_NO2-_10.8768615_106.6782234.jpg","NO2","0.06","RedmiA1","2025-08-05 13:56:47","train"
"NO2/RedmiA1/round2/GBzfw_ngochanpham274@gmail.com_2025-08-05 14_24_48_Lam_RedmiA1_1ppm_2_4_NO2-_10.8768615_106.6782234.jpg","NO2","1.0","RedmiA1","2025-08-05 14:24:48","train"
"NO2/RedmiA1/round2/gcFxf_ngochanpham274@gmail.com_2025-08-05 14_07_43_Lam_RedmiA1_0.4ppm_2_3_NO2-_10.8768615_106.6782234.jpg","NO2","0.4","RedmiA1","2025-08-05 14:07:43","train"
"NO2/RedmiA1/round2/gou2D_ngochanpham274@gmail.com_2025-08-05 13_51_11_Lam_RedmiA1_0.04ppm_2_3_NO2-_10.8768615_106.6782234.jpg","NO2","0.04","RedmiA1","2025-08-05 13:51:11","train"
"NO2/RedmiA1/round2/gR2Kv_ngochanpham274@gmail.com_2025-08-05 14_31_31_Lam_RedmiA1_2ppm_2_5_NO2-_10.8768719_106.6782069.jpg","NO2","2.0","RedmiA1","2025-08-05 14:31:31","train"
"NO2/RedmiA1/round2/gZDUT_ngochanpham274@gmail.com_2025-08-05 13_50_07_Lam_RedmiA1_0.04ppm_2_1_NO2-_10.8768615_106.6782234.jpg","NO2","0.04","RedmiA1","2025-08-05 13:50:07","train"
"NO2/RedmiA1/round2/iPCkl_ngochanpham274@gmail.com_2025-08-05 14_34_20_Lam_RedmiA1_4ppm_2_3_NO2-_10.8768719_106.6782069.jpg","NO2","4.0","RedmiA1","2025-08-05 14:34:20","train"
"NO2/RedmiA1/round2/IukKA_ngochanpham274@gmail.com_2025-08-05 13_57_09_Lam_RedmiA1_0.06ppm_2_4_NO2-_10.8768615_106.6782234.jpg","NO2","0.06","RedmiA1","2025-08-05 13:57:09","train"
"NO2/RedmiA1/round2/jNem6_ngochanpham274@gmail.com_2025-08-05 14_17_05_Lam_RedmiA1_0.8ppm_2_5_NO2-_10.8768615_106.6782234.jpg","NO2","0.8","RedmiA1","2025-08-05 14:17:05","train"
"NO2/RedmiA1/round2/JR2qH_ngochanpham274@gmail.com_2025-08-05 14_16_45_Lam_RedmiA1_0.8ppm_2_4_NO2-_10.8768615_106.6782234.jpg","NO2","0.8","RedmiA1","2025-08-05 14:16:45","train"
"NO2/RedmiA1/round2/l2vh0_ngochanpham274@gmail.com_2025-08-05 13_58_49_Lam_RedmiA1_0.08ppm_2_1_NO2-_10.8768615_106.6782234.jpg","NO2","0.08","RedmiA1","2025-08-05 13:58:49","train"
"NO2/RedmiA1/round2/Li3wx_ngochanpham274@gmail.com_2025-08-05 14_05_04_Lam_RedmiA1_0.2ppm_2_3_NO2-_10.8768615_106.6782234.jpg","NO2","0.2","RedmiA1","2025-08-05 14:05:04","train"
"NO2/RedmiA1/round2/mBcKK_ngochanpham274@gmail.com_2025-08-05 14_04_37_Lam_RedmiA1_0.2ppm_2_2_NO2-_10.8768615_106.6782234.jpg","NO2","0.2","RedmiA1","2025-08-05 14:04:37","train"
"NO2/RedmiA1/round2/Mk5Yk_ngochanpham274@gmail.com_2025-08-05 14_12_37_Lam_RedmiA1_0.6ppm_2_1_NO2-_10.8768615_106.6782234.jpg","NO2","0.6","RedmiA1","2025-08-05 14:12:37","train"
"NO2/RedmiA1/round2/n6ifD_ngochanpham274@gmail.com_2025-08-05 14_00_02_Lam_RedmiA1_0.08ppm_2_4_NO2-_10.8768615_106.6782234.jpg","NO2","0.08","RedmiA1","2025-08-05 14:00:02","train"
"NO2/RedmiA1/round2/niCtc_ngochanpham274@gmail.com_2025-08-05 14_08_03_Lam_RedmiA1_0.4ppm_2_4_NO2-_10.8768615_106.6782234.jpg","NO2","0.4","RedmiA1","2025-08-05 14:08:03","train"
"NO2/RedmiA1/round2/nISb4_ngochanpham274@gmail.com_2025-08-05 14_08_26_Lam_RedmiA1_0.4ppm_2_5_NO2-_10.8768615_106.6782234.jpg","NO2","0.4","RedmiA1","2025-08-05 14:08:26","train"
"NO2/RedmiA1/round2/njiO2_ngochanpham274@gmail.com_2025-08-05 14_15_57_Lam_RedmiA1_0.8ppm_2_2_NO2-_10.8768615_106.6782234.jpg","NO2","0.8","RedmiA1","2025-08-05 14:15:57","train"
"NO2/RedmiA1/round2/o0drS_ngochanpham274@gmail.com_2025-08-05 13_54_31_Lam_RedmiA1_0.05ppm_2_4_NO2-_10.8768615_106.6782234.jpg","NO2","0.05","RedmiA1","2025-08-05 13:54:31","train"
"NO2/RedmiA1/round2/pmIwI_ngochanpham274@gmail.com_2025-08-05 13_52_07_Lam_RedmiA1_0.04ppm_2_5_NO2-_10.8768615_106.6782234.jpg","NO2","0.04","RedmiA1","2025-08-05 13:52:07","train"
"NO2/RedmiA1/round2/PodMV_ngochanpham274@gmail.com_2025-08-05 13_48_15_Lam_RedmiA1_0.02ppm_2_4_NO2-_10.8768615_106.6782234.jpg","NO2","0.02","RedmiA1","2025-08-05 13:48:15","train"
"NO2/RedmiA1/round2/pOpTZ_ngochanpham274@gmail.com_2025-08-05 13_43_56_Lam_RedmiA1_0.01ppm_2_2_NO2-_10.8768615_106.6782234.jpg","NO2","0.01","RedmiA1","2025-08-05 13:43:56","train"
"NO2/RedmiA1/round2/qD3OL_ngochanpham274@gmail.com_2025-08-05 13_50_32_Lam_RedmiA1_0.04ppm_2_2_NO2-_10.8768615_106.6782234.jpg","NO2","0.04","RedmiA1","2025-08-05 13:50:32","train"
"NO2/RedmiA1/round2/qgBdW_ngochanpham274@gmail.com_2025-08-05 14_10_52_Lam_RedmiA1_0.5ppm_2_3_NO2-_10.8768615_106.6782234.jpg","NO2","0.5","RedmiA1","2025-08-05 14:10:52","train"
"NO2/RedmiA1/round2/QqP0q_ngochanpham274@gmail.com_2025-08-05 13_47_32_Lam_RedmiA1_0.02ppm_2_2_NO2-_10.8768615_106.6782234.jpg","NO2","0.02","RedmiA1","2025-08-05 13:47:32","train"
"NO2/RedmiA1/round2/rCLUj_ngochanpham274@gmail.com_2025-08-05 14_11_13_Lam_RedmiA1_0.5ppm_2_4_NO2-_10.8768615_106.6782234.jpg","NO2","0.5","RedmiA1","2025-08-05 14:11:13","train"
"NO2/RedmiA1/round2/s4P2T_ngochanpham274@gmail.com_2025-08-05 13_57_31_Lam_RedmiA1_0.06ppm_2_5_NO2-_10.8768615_106.6782234.jpg","NO2","0.06","RedmiA1","2025-08-05 13:57:31","train"
"NO2/RedmiA1/round2/SXSVm_ngochanpham274@gmail.com_2025-08-05 13_56_26_Lam_RedmiA1_0.06ppm_2_2_NO2-_10.8768615_106.6782234.jpg","NO2","0.06","RedmiA1","2025-08-05 13:56:26","train"
"NO2/RedmiA1/round2/sY3xl_ngochanpham274@gmail.com_2025-08-05 14_01_17_Lam_RedmiA1_0.1ppm_2_1_NO2-_10.8768615_106.6782234.jpg","NO2","0.1","RedmiA1","2025-08-05 14:01:17","train"
"NO2/RedmiA1/round2/TESx7_ngochanpham274@gmail.com_2025-08-05 14_14_05_Lam_RedmiA1_0.6ppm_2_4_NO2-_10.8768615_106.6782234.jpg","NO2","0.6","RedmiA1","2025-08-05 14:14:05","train"
"NO2/RedmiA1/round2/u9LFc_ngochanpham274@gmail.com_2025-08-05 13_44_19_Lam_RedmiA1_0.01ppm_2_3_NO2-_10.8768615_106.6782234.jpg","NO2","0.01","RedmiA1","2025-08-05 13:44:19","train"
"NO2/RedmiA1/round2/uMExX_ngochanpham274@gmail.com_2025-08-05 14_23_46_Lam_RedmiA1_1ppm_2_2_NO2-_10.8768615_106.6782234.jpg","NO2","1.0","RedmiA1","2025-08-05 14:23:46","train"
"NO2/RedmiA1/round2/v7i33_ngochanpham274@gmail.com_2025-08-05 14_10_09_Lam_RedmiA1_0.5ppm_2_1_NO2-_10.8768615_106.6782234.jpg","NO2","0.5","RedmiA1","2025-08-05 14:10:09","train"
"NO2/RedmiA1/round2/WbAtE_ngochanpham274@gmail.com_2025-08-05 14_34_44_Lam_RedmiA1_4ppm_2_4_NO2-_10.8768719_106.6782069.jpg","NO2","4.0","RedmiA1","2025-08-05 14:34:44","train"
"NO2/RedmiA1/round2/wcaCQ_ngochanpham274@gmail.com_2025-08-05 13_44_40_Lam_RedmiA1_0.01ppm_2_4_NO2-_10.8768615_106.6782234.jpg","NO2","0.01","RedmiA1","2025-08-05 13:44:40","train"
"NO2/RedmiA1/round2/wk8BG_ngochanpham274@gmail.com_2025-08-05 13_53_53_Lam_RedmiA1_0.05ppm_2_3_NO2-_10.8768615_106.6782234.jpg","NO2","0.05","RedmiA1","2025-08-05 13:53:53","train"
"NO2/RedmiA1/round2/WlYyF_ngochanpham274@gmail.com_2025-08-05 13_51_31_Lam_RedmiA1_0.04ppm_2_4_NO2-_10.8768615_106.6782234.jpg","NO2","0.04","RedmiA1","2025-08-05 13:51:31","train"
"NO2/RedmiA1/round2/x50FR_ngochanpham274@gmail.com_2025-08-05 14_32_24_Lam_RedmiA1_2ppm_2_4_NO2-_10.8768719_106.6782069.jpg","NO2","2.0","RedmiA1","2025-08-05 14:32:24","train"
"NO2/RedmiA1/round2/YeQWY_ngochanpham274@gmail.com_2025-08-05 14_04_16_Lam_RedmiA1_0.2ppm_2_1_NO2-_10.8768615_106.6782234.jpg","NO2","0.2","RedmiA1","2025-08-05 14:04:16","train"
"NO2/RedmiA1/round2/yUlv5_ngochanpham274@gmail.com_2025-08-05 14_02_34_Lam_RedmiA1_0.1ppm_2_4_NO2-_10.8768615_106.6782234.jpg","NO2","0.1","RedmiA1","2025-08-05 14:02:34","train"
"NO2/RedmiA1/round2/zQcUL_ngochanpham274@gmail.com_2025-08-05 13_47_11_Lam_RedmiA1_0.02ppm_2_1_NO2-_10.8768615_106.6782234.jpg","NO2","0.02","RedmiA1","2025-08-05 13:47:11","train"
"NO2/RedmiA1/round2/ZQPdM_ngochanpham274@gmail.com_2025-08-05 14_30_06_Lam_RedmiA1_2ppm_2_2_NO2-_10.8768719_106.6782069.jpg","NO2","2.0","RedmiA1","2025-08-05 14:30:06","train"
"NO2/RedmiA1/round2/zVrpR_ngochanpham274@gmail.com_2025-08-05 14_07_12_Lam_RedmiA1_0.4ppm_2_2_NO2-_10.8768615_106.6782234.jpg","NO2","0.4","RedmiA1","2025-08-05 14:07:12","train"
"NO2/RedmiA1/round3/01ICd_ngochanpham274@gmail.com_2025-08-06 12_52_52_An_RedmiA1_4ppm_3_1_NO2-_10.8768696_106.6781968.jpg","NO2","4.0","RedmiA1","2025-08-06 12:52:52","train"
"NO2/RedmiA1/round3/0ne1c_ngochanpham274@gmail.com_2025-08-06 12_21_56_An_RedmiA1_0.4ppm_3_4_NO2-_10.8768739_106.6781992.jpg","NO2","0.4","RedmiA1","2025-08-06 12:21:56","train"
"NO2/RedmiA1/round3/1X3t2_ngochanpham274@gmail.com_2025-08-06 12_30_41_An_RedmiA1_0.6ppm_3_4_NO2-_10.8768739_106.6781992.jpg","NO2","0.6","RedmiA1","2025-08-06 12:30:41","train"
"NO2/RedmiA1/round3/2dO5w_ngochanpham274@gmail.com_2025-08-06 12_05_20_An_RedmiA1_0.06ppm_3_1_NO2-_10.8768739_106.6781992.jpg","NO2","0.06","RedmiA1","2025-08-06 12:05:20","train"
"NO2/RedmiA1/round3/2x3lP_ngochanpham274@gmail.com_2025-08-06 11_49_45_An_RedmiA1_0.02ppm_3_4_NO2-_10.8768739_106.6781992.jpg","NO2","0.02","RedmiA1","2025-08-06 11:49:45","train"
"NO2/RedmiA1/round3/4IQFl_ngochanpham274@gmail.com_2025-08-06 12_11_00_An_RedmiA1_0.08ppm_3_4_NO2-_10.8768739_106.6781992.jpg","NO2","0.08","RedmiA1","2025-08-06 12:11:00","train"
"NO2/RedmiA1/round3/7AYz1_ngochanpham274@gmail.com_2025-08-06 12_18_05_An_RedmiA1_0.2ppm_3_4_NO2-_10.8768739_106.6781992.jpg","NO2","0.2","RedmiA1","2025-08-06 12:18:05","train"
"NO2/RedmiA1/round3/7CLSu_ngochanpham274@gmail.com_2025-08-06 12_53_26_An_RedmiA1_4ppm_3_2_NO2-_10.8768696_106.6781968.jpg","NO2","4.0","RedmiA1","2025-08-06 12:53:26","train"
"NO2/RedmiA1/round3/7SM9C_ngochanpham274@gmail.com_2025-08-06 12_18_28_An_RedmiA1_0.2ppm_3_5_NO2-_10.8768739_106.6781992.jpg","NO2","0.2","RedmiA1","2025-08-06 12:18:28","train"
"NO2/RedmiA1/round3/7XaSD_ngochanpham274@gmail.com_2025-08-06 11_45_12_An_RedmiA1_0.02ppm_3_1_NO2-_10.8768739_106.6781992.jpg","NO2","0.02","RedmiA1","2025-08-06 11:45:12","train"
"NO2/RedmiA1/round3/8C74U_ngochanpham274@gmail.com_2025-08-06 12_00_14_An_RedmiA1_0.05ppm_3_1_NO2-_10.8768739_106.6781992.jpg","NO2","0.05","RedmiA1","2025-08-06 12:00:14","train"
"NO2/RedmiA1/round3/8Uc87_ngochanpham274@gmail.com_2025-08-06 12_12_57_An_RedmiA1_0.1ppm_3_1_NO2-_10.8768739_106.6781992.jpg","NO2","0.1","RedmiA1","2025-08-06 12:12:57","train"
"NO2/RedmiA1/round3/A5sgR_ngochanpham274@gmail.com_2025-08-06 11_58_53_An_RedmiA1_0.04ppm_3_5_NO2-_10.8768739_106.6781992.jpg","NO2","0.04","RedmiA1","2025-08-06 11:58:53","train"
"NO2/RedmiA1/round3/abuJI_ngochanpham274@gmail.com_2025-08-06 11_49_02_An_RedmiA1_0.02ppm_3_3_NO2-_10.8768739_106.6781992.jpg","NO2","0.02","RedmiA1","2025-08-06 11:49:02","train"
"NO2/RedmiA1/round3/aTqwK_ngochanpham274@gmail.com_2025-08-06 12_25_35_An_RedmiA1_0.5ppm_3_2_NO2-_10.8768739_106.6781992.jpg","NO2","0.5","RedmiA1","2025-08-06 12:25:35","train"
"NO2/RedmiA1/round3/bsxRG_ngochanpham274@gmail.com_2025-08-06 12_14_23_An_RedmiA1_0.1ppm_3_3_NO2-_10.8768739_106.6781992.jpg","NO2","0.1","RedmiA1","2025-08-06 12:14:23","train"
"NO2/RedmiA1/round3/bzP2M_ngochanpham274@gmail.com_2025-08-06 12_30_13_An_RedmiA1_0.6ppm_3_3_NO2-_10.8768739_106.6781992.jpg","NO2","0.6","RedmiA1","2025-08-06 12:30:13","train"
"NO2/RedmiA1/round3/c1joz_ngochanpham274@gmail.com_2025-08-06 12_20_11_An_RedmiA1_0.4ppm_3_1_NO2-_10.8768739_106.6781992.jpg","NO2","0.4","RedmiA1","2025-08-06 12:20:11","train"
"NO2/RedmiA1/round3/cOkV1_ngochanpham274@gmail.com_2025-08-06 12_26_36_An_RedmiA1_0.5ppm_3_4_NO2-_10.8768739_106.6781992.jpg","NO2","0.5","RedmiA1","2025-08-06 12:26:36","train"
"NO2/RedmiA1/round3/cp4MD_ngochanpham274@gmail.com_2025-08-06 12_09_28_An_RedmiA1_0.08ppm_3_2_NO2-_10.8768739_106.6781992.jpg","NO2","0.08","RedmiA1","2025-08-06 12:09:28","train"
"NO2/RedmiA1/round3/CY8iQ_ngochanpham274@gmail.com_2025-08-06 12_17_37_An_RedmiA1_0.2ppm_3_3_NO2-_10.8768739_106.6781992.jpg","NO2","0.2","RedmiA1","2025-08-06 12:17:37","train"
"NO2/RedmiA1/round3/dpOhJ_ngochanpham274@gmail.com_2025-08-06 12_43_47_An_RedmiA1_1ppm_3_3_NO2-_10.8768696_106.6781968.jpg","NO2","1.0","RedmiA1","2025-08-06 12:43:47","train"
"NO2/RedmiA1/round3/EavCg_ngochanpham274@gmail.com_2025-08-06 12_11_27_An_RedmiA1_0.08ppm_3_5_NO2-_10.8768739_106.6781992.jpg","NO2","0.08","RedmiA1","2025-08-06 12:11:27","train"
"NO2/RedmiA1/round3/Eclt2_ngochanpham274@gmail.com_2025-08-06 12_46_30_An_RedmiA1_2ppm_3_1_NO2-_10.8768696_106.6781968.jpg","NO2","2.0","RedmiA1","2025-08-06 12:46:30","train"
"NO2/RedmiA1/round3/edJHL_ngochanpham274@gmail.com_2025-08-06 11_52_04_An_RedmiA1_0.01ppm_3_1_NO2-_10.8768739_106.6781992.jpg","NO2","0.01","RedmiA1","2025-08-06 11:52:04","train"
"NO2/RedmiA1/round3/edSPd_ngochanpham274@gmail.com_2025-08-06 12_06_56_An_RedmiA1_0.06ppm_3_5_NO2-_10.8768739_106.6781992.jpg","NO2","0.06","RedmiA1","2025-08-06 12:06:56","train"
"NO2/RedmiA1/round3/EXKnt_ngochanpham274@gmail.com_2025-08-06 12_28_24_An_RedmiA1_0.5ppm_3_5_NO2-_10.8768739_106.6781992.jpg","NO2","0.5","RedmiA1","2025-08-06 12:28:24","train"
"NO2/RedmiA1/round3/FGkCt_ngochanpham274@gmail.com_2025-08-06 11_53_00_An_RedmiA1_0.01ppm_3_2_NO2-_10.8768739_106.6781992.jpg","NO2","0.01","RedmiA1","2025-08-06 11:53:00","train"
"NO2/RedmiA1/round3/g8nMY_ngochanpham274@gmail.com_2025-08-06 12_16_33_An_RedmiA1_0.2ppm_3_1_NO2-_10.8768739_106.6781992.jpg","NO2","0.2","RedmiA1","2025-08-06 12:16:33","train"
"NO2/RedmiA1/round3/gLrLB_ngochanpham274@gmail.com_2025-08-06 12_35_23_An_RedmiA1_0.8ppm_3_1_NO2-_10.8768696_106.6781968.jpg","NO2","0.8","RedmiA1","2025-08-06 12:35:23","train"
"NO2/RedmiA1/round3/gvhs2_ngochanpham274@gmail.com_2025-08-06 11_58_27_An_RedmiA1_0.04ppm_3_4_NO2-_10.8768739_106.6781992.jpg","NO2","0.04","RedmiA1","2025-08-06 11:58:27","train"
"NO2/RedmiA1/round3/H7R6Y_ngochanpham274@gmail.com_2025-08-06 11_53_37_An_RedmiA1_0.01ppm_3_3_NO2-_10.8768739_106.6781992.jpg","NO2","0.01","RedmiA1","2025-08-06 11:53:37","train"
"NO2/RedmiA1/round3/HFUrV_ngochanpham274@gmail.com_2025-08-06 11_48_11_An_RedmiA1_0.02ppm_3_2_NO2-_10.8768739_106.6781992.jpg","NO2","0.02","RedmiA1","2025-08-06 11:48:11","train"
"NO2/RedmiA1/round3/hXLym_ngochanpham274@gmail.com_2025-08-06 12_20_53_An_RedmiA1_0.4ppm_3_2_NO2-_10.8768739_106.6781992.jpg","NO2","0.4","RedmiA1","2025-08-06 12:20:53","train"
"NO2/RedmiA1/round3/II6XX_ngochanpham274@gmail.com_2025-08-06 12_26_10_An_RedmiA1_0.5ppm_3_3_NO2-_10.8768739_106.6781992.jpg","NO2","0.5","RedmiA1","2025-08-06 12:26:10","train"
"NO2/RedmiA1/round3/iRVBS_ngochanpham274@gmail.com_2025-08-06 12_14_47_An_RedmiA1_0.1ppm_3_4_NO2-_10.8768739_106.6781992.jpg","NO2","0.1","RedmiA1","2025-08-06 12:14:47","train"
"NO2/RedmiA1/round3/iT3ED_ngochanpham274@gmail.com_2025-08-06 12_15_11_An_RedmiA1_0.1ppm_3_5_NO2-_10.8768739_106.6781992.jpg","NO2","0.1","RedmiA1","2025-08-06 12:15:11","train"
"NO2/RedmiA1/round3/iUqEe_ngochanpham274@gmail.com_2025-08-06 12_47_45_An_RedmiA1_2ppm_3_3_NO2-_10.8768696_106.6781968.jpg","NO2","2.0","RedmiA1","2025-08-06 12:47:45","train"
"NO2/RedmiA1/round3/jfF9U_ngochanpham274@gmail.com_2025-08-06 12_02_07_An_RedmiA1_0.05ppm_3_3_NO2-_10.8768739_106.6781992.jpg","NO2","0.05","RedmiA1","2025-08-06 12:02:07","train"
"NO2/RedmiA1/round3/JLbkL_ngochanpham274@gmail.com_2025-08-06 12_35_57_An_RedmiA1_0.8ppm_3_2_NO2-_10.8768696_106.6781968.jpg","NO2","0.8","RedmiA1","2025-08-06 12:35:57","train"
"NO2/RedmiA1/round3/Jr5bH_ngochanpham274@gmail.com_2025-08-06 12_29_11_An_RedmiA1_0.6ppm_3_1_NO2-_10.8768739_106.6781992.jpg","NO2","0.6","RedmiA1","2025-08-06 12:29:11","train"
"NO2/RedmiA1/round3/koMMF_ngochanpham274@gmail.com_2025-08-06 12_24_53_An_RedmiA1_0.5ppm_3_1_NO2-_10.8768739_106.6781992.jpg","NO2","0.5","RedmiA1","2025-08-06 12:24:53","train"
"NO2/RedmiA1/round3/KqNJo_ngochanpham274@gmail.com_2025-08-06 12_06_11_An_RedmiA1_0.06ppm_3_3_NO2-_10.8768739_106.6781992.jpg","NO2","0.06","RedmiA1","2025-08-06 12:06:11","train"
"NO2/RedmiA1/round3/LCJa5_ngochanpham274@gmail.com_2025-08-06 12_13_28_An_RedmiA1_0.1ppm_3_2_NO2-_10.8768739_106.6781992.jpg","NO2","0.1","RedmiA1","2025-08-06 12:13:28","train"
"NO2/RedmiA1/round3/Lz6vt_ngochanpham274@gmail.com_2025-08-06 12_39_23_An_RedmiA1_0.8ppm_3_4_NO2-_10.8768696_106.6781968.jpg","NO2","0.8","RedmiA1","2025-08-06 12:39:23","train"
"NO2/RedmiA1/round3/NAfZh_ngochanpham274@gmail.com_2025-08-06 11_50_24_An_RedmiA1_0.02ppm_3_5_NO2-_10.8768739_106.6781992.jpg","NO2","0.02","RedmiA1","2025-08-06 11:50:24","train"
"NO2/RedmiA1/round3/nkqAV_ngochanpham274@gmail.com_2025-08-06 12_54_45_An_RedmiA1_4ppm_3_5_NO2-_10.8768696_106.6781968.jpg","NO2","4.0","RedmiA1","2025-08-06 12:54:45","train"
"NO2/RedmiA1/round3/oDkJp_ngochanpham274@gmail.com_2025-08-06 12_44_27_An_RedmiA1_1ppm_3_4_NO2-_10.8768696_106.6781968.jpg","NO2","1.0","RedmiA1","2025-08-06 12:44:27","train"
"NO2/RedmiA1/round3/oeu0k_ngochanpham274@gmail.com_2025-08-06 11_57_51_An_RedmiA1_0.04ppm_3_3_NO2-_10.8768739_106.6781992.jpg","NO2","0.04","RedmiA1","2025-08-06 11:57:51","train"
"NO2/RedmiA1/round3/pfZ0I_ngochanpham274@gmail.com_2025-08-06 12_03_14_An_RedmiA1_0.05ppm_3_5_NO2-_10.8768739_106.6781992.jpg","NO2","0.05","RedmiA1","2025-08-06 12:03:14","train"
"NO2/RedmiA1/round3/pQneX_ngochanpham274@gmail.com_2025-08-06 12_38_35_An_RedmiA1_0.8ppm_3_3_NO2-_10.8768696_106.6781968.jpg","NO2","0.8","RedmiA1","2025-08-06 12:38:35","train"
"NO2/RedmiA1/round3/PtLb5_ngochanpham274@gmail.com_2025-08-06 12_29_45_An_RedmiA1_0.6ppm_3_2_NO2-_10.8768739_106.6781992.jpg","NO2","0.6","RedmiA1","2025-08-06 12:29:45","train"
"NO2/RedmiA1/round3/pwtrd_ngochanpham274@gmail.com_2025-08-06 12_45_13_An_RedmiA1_1ppm_3_5_NO2-_10.8768696_106.6781968.jpg","NO2","1.0","RedmiA1","2025-08-06 12:45:13","train"
"NO2/RedmiA1/round3/Qd2Ag_ngochanpham274@gmail.com_2025-08-06 12_42_08_An_RedmiA1_1ppm_3_1_NO2-_10.8768696_106.6781968.jpg","NO2","1.0","RedmiA1","2025-08-06 12:42:08","train"
"NO2/RedmiA1/round3/QL2sT_ngochanpham274@gmail.com_2025-08-06 12_40_02_An_RedmiA1_0.8ppm_3_5_NO2-_10.8768696_106.6781968.jpg","NO2","0.8","RedmiA1","2025-08-06 12:40:02","train"
"NO2/RedmiA1/round3/qprFn_ngochanpham274@gmail.com_2025-08-06 11_57_12_An_RedmiA1_0.04ppm_3_2_NO2-_10.8768739_106.6781992.jpg","NO2","0.04","RedmiA1","2025-08-06 11:57:12","train"
"NO2/RedmiA1/round3/qWCiV_ngochanpham274@gmail.com_2025-08-06 12_54_08_An_RedmiA1_4ppm_3_4_NO2-_10.8768696_106.6781968.jpg","NO2","4.0","RedmiA1","2025-08-06 12:54:08","train"
"NO2/RedmiA1/round3/QzzDT_ngochanpham274@gmail.com_2025-08-06 12_31_04_An_RedmiA1_0.6ppm_3_5_NO2-_10.8768739_106.6781992.jpg","NO2","0.6","RedmiA1","2025-08-06 12:31:04","train"
"NO2/RedmiA1/round3/rJvod_ngochanpham274@gmail.com_2025-08-06 12_10_29_An_RedmiA1_0.08ppm_3_3_NO2-_10.8768739_106.6781992.jpg","NO2","0.08","RedmiA1","2025-08-06 12:10:29","train"
"NO2/RedmiA1/round3/t4bmv_ngochanpham274@gmail.com_2025-08-06 12_06_32_An_RedmiA1_0.06ppm_3_4_NO2-_10.8768739_106.6781992.jpg","NO2","0.06","RedmiA1","2025-08-06 12:06:32","train"
"NO2/RedmiA1/round3/TM7xl_ngochanpham274@gmail.com_2025-08-06 12_01_09_An_RedmiA1_0.05ppm_3_2_NO2-_10.8768739_106.6781992.jpg","NO2","0.05","RedmiA1","2025-08-06 12:01:09","train"
"NO2/RedmiA1/round3/uqy9t_ngochanpham274@gmail.com_2025-08-06 12_47_15_An_RedmiA1_2ppm_3_2_NO2-_10.8768696_106.6781968.jpg","NO2","2.0","RedmiA1","2025-08-06 12:47:15","train"
"NO2/RedmiA1/round3/uxcyQ_ngochanpham274@gmail.com_2025-08-06 11_56_33_An_RedmiA1_0.04ppm_3_1_NO2-_10.8768739_106.6781992.jpg","NO2","0.04","RedmiA1","2025-08-06 11:56:33","train"
"NO2/RedmiA1/round3/UyMXh_ngochanpham274@gmail.com_2025-08-06 11_55_07_An_RedmiA1_0.01ppm_3_5_NO2-_10.8768739_106.6781992.jpg","NO2","0.01","RedmiA1","2025-08-06 11:55:07","train"
"NO2/RedmiA1/round3/VDKqr_ngochanpham274@gmail.com_2025-08-06 12_05_45_An_RedmiA1_0.06ppm_3_2_NO2-_10.8768739_106.6781992.jpg","NO2","0.06","RedmiA1","2025-08-06 12:05:45","train"
"NO2/RedmiA1/round3/Ve6kF_ngochanpham274@gmail.com_2025-08-06 12_53_48_An_RedmiA1_4ppm_3_3_NO2-_10.8768696_106.6781968.jpg","NO2","4.0","RedmiA1","2025-08-06 12:53:48","train"
"NO2/RedmiA1/round3/wDET0_ngochanpham274@gmail.com_2025-08-06 12_50_50_An_RedmiA1_2ppm_3_4_NO2-_10.8768696_106.6781968.jpg","NO2","2.0","RedmiA1","2025-08-06 12:50:50","train"
"NO2/RedmiA1/round3/XEvJo_ngochanpham274@gmail.com_2025-08-06 12_02_46_An_RedmiA1_0.05ppm_3_4_NO2-_10.8768739_106.6781992.jpg","NO2","0.05","RedmiA1","2025-08-06 12:02:46","train"
"NO2/RedmiA1/round3/XnwBy_ngochanpham274@gmail.com_2025-08-06 12_23_02_An_RedmiA1_0.4ppm_3_5_NO2-_10.8768739_106.6781992.jpg","NO2","0.4","RedmiA1","2025-08-06 12:23:02","train"
"NO2/RedmiA1/round3/Y1nBZ_ngochanpham274@gmail.com_2025-08-06 12_21_30_An_RedmiA1_0.4ppm_3_3_NO2-_10.8768739_106.6781992.jpg","NO2","0.4","RedmiA1","2025-08-06 12:21:30","train"
"NO2/RedmiA1/round3/yg5YQ_ngochanpham274@gmail.com_2025-08-06 12_51_44_An_RedmiA1_2ppm_3_5_NO2-_10.8768696_106.6781968.jpg","NO2","2.0","RedmiA1","2025-08-06 12:51:44","train"
"NO2/RedmiA1/round3/yKF3B_ngochanpham274@gmail.com_2025-08-06 12_17_07_An_RedmiA1_0.2ppm_3_2_NO2-_10.8768739_106.6781992.jpg","NO2","0.2","RedmiA1","2025-08-06 12:17:07","train"
"NO2/RedmiA1/round3/yxwiY_ngochanpham274@gmail.com_2025-08-06 12_08_14_An_RedmiA1_0.08ppm_3_1_NO2-_10.8768739_106.6781992.jpg","NO2","0.08","RedmiA1","2025-08-06 12:08:14","train"
"NO2/RedmiA1/round3/zFBN0_ngochanpham274@gmail.com_2025-08-06 12_42_52_An_RedmiA1_1ppm_3_2_NO2-_10.8768696_106.6781968.jpg","NO2","1.0","RedmiA1","2025-08-06 12:42:52","train"
"NO2/RedmiA1/round3/ZPH8X_ngochanpham274@gmail.com_2025-08-06 11_54_14_An_RedmiA1_0.01ppm_3_4_NO2-_10.8768739_106.6781992.jpg","NO2","0.01","RedmiA1","2025-08-06 11:54:14","train"
"NO2/RedmiA1/round4/0hLyY_ngochanpham274@gmail.com_2025-08-06 16_22_39_Tran_RedmiA1_0.04ppm_4_2_NO2-_10.8768696_106.6781968.jpg","NO2","0.04","RedmiA1","2025-08-06 16:22:39","train"
"NO2/RedmiA1/round4/0kBjD_ngochanpham274@gmail.com_2025-08-06 16_40_11_Tran_RedmiA1_0.1ppm_4_1_NO2-_10.8768568_106.6782066.jpg","NO2","0.1","RedmiA1","2025-08-06 16:40:11","train"
"NO2/RedmiA1/round4/2cRXh_ngochanpham274@gmail.com_2025-08-06 16_29_37_Tran_RedmiA1_0.06ppm_4_2_NO2-_10.8768568_106.6782066.jpg","NO2","0.06","RedmiA1","2025-08-06 16:29:37","train"
"NO2/RedmiA1/round4/2xbuZ_ngochanpham274@gmail.com_2025-08-06 17_08_53_Tran_RedmiA1_1ppm_4_2_NO2-_10.8768609_106.6782039.jpg","NO2","1.0","RedmiA1","2025-08-06 17:08:53","train"
"NO2/RedmiA1/round4/3FnCv_ngochanpham274@gmail.com_2025-08-06 16_58_28_Tran_RedmiA1_0.5ppm_4_2_NO2-_10.8768609_106.6782039.jpg","NO2","0.5","RedmiA1","2025-08-06 16:58:28","train"
"NO2/RedmiA1/round4/3yaYu_ngochanpham274@gmail.com_2025-08-06 16_23_38_Tran_RedmiA1_0.04ppm_4_4_NO2-_10.8768696_106.6781968.jpg","NO2","0.04","RedmiA1","2025-08-06 16:23:38","train"
"NO2/RedmiA1/round4/5S8n1_ngochanpham274@gmail.com_2025-08-06 17_14_05_Tran_RedmiA1_2ppm_4_5_NO2-_10.8768609_106.6782039.jpg","NO2","2.0","RedmiA1","2025-08-06 17:14:05","train"
"NO2/RedmiA1/round4/608gK_ngochanpham274@gmail.com_2025-08-06 17_01_57_Tran_RedmiA1_0.6ppm_4_1_NO2-_10.8768609_106.6782039.jpg","NO2","0.6","RedmiA1","2025-08-06 17:01:57","train"
"NO2/RedmiA1/round4/8UVVJ_ngochanpham274@gmail.com_2025-08-06 16_45_52_Tran_RedmiA1_0.2ppm_4_2_NO2-_10.8768568_106.6782066.jpg","NO2","0.2","RedmiA1","2025-08-06 16:45:52","train"
"NO2/RedmiA1/round4/8ys0n_ngochanpham274@gmail.com_2025-08-06 16_19_58_Tran_RedmiA1_0.02ppm_4_5_NO2-_10.8768696_106.6781968.jpg","NO2","0.02","RedmiA1","2025-08-06 16:19:58","train"
"NO2/RedmiA1/round4/Abq8t_ngochanpham274@gmail.com_2025-08-06 16_13_56_Tran_RedmiA1_0.01ppm_4_2_NO2-_10.8768696_106.6781968.jpg","NO2","0.01","RedmiA1","2025-08-06 16:13:56","train"
"NO2/RedmiA1/round4/aBUMK_ngochanpham274@gmail.com_2025-08-06 16_19_16_Tran_RedmiA1_0.02ppm_4_4_NO2-_10.8768696_106.6781968.jpg","NO2","0.02","RedmiA1","2025-08-06 16:19:16","train"
"NO2/RedmiA1/round4/AIQRv_ngochanpham274@gmail.com_2025-08-06 16_26_43_Tran_RedmiA1_0.05ppm_4_3_NO2-_10.8768568_106.6782066.jpg","NO2","0.05","RedmiA1","2025-08-06 16:26:43","train"
"NO2/RedmiA1/round4/b4GyU_ngochanpham274@gmail.com_2025-08-06 16_45_10_Tran_RedmiA1_0.2ppm_4_1_NO2-_10.8768568_106.6782066.jpg","NO2","0.2","RedmiA1","2025-08-06 16:45:10","train"
"NO2/RedmiA1/round4/bQsbU_ngochanpham274@gmail.com_2025-08-06 16_58_03_Tran_RedmiA1_0.5ppm_4_1_NO2-_10.8768609_106.6782039.jpg","NO2","0.5","RedmiA1","2025-08-06 16:58:03","train"
"NO2/RedmiA1/round4/brxbS_ngochanpham274@gmail.com_2025-08-06 16_30_11_Tran_RedmiA1_0.06ppm_4_3_NO2-_10.8768568_106.6782066.jpg","NO2","0.06","RedmiA1","2025-08-06 16:30:11","train"
"NO2/RedmiA1/round4/c7KgP_ngochanpham274@gmail.com_2025-08-06 16_24_14_Tran_RedmiA1_0.04ppm_4_5_NO2-_10.8768568_106.6782066.jpg","NO2","0.04","RedmiA1","2025-08-06 16:24:14","train"
"NO2/RedmiA1/round4/CjybH_ngochanpham274@gmail.com_2025-08-06 17_08_20_Tran_RedmiA1_1ppm_4_1_NO2-_10.8768609_106.6782039.jpg","NO2","1.0","RedmiA1","2025-08-06 17:08:20","train"
"NO2/RedmiA1/round4/CKinx_ngochanpham274@gmail.com_2025-08-06 16_54_53_Tran_RedmiA1_0.4ppm_4_3_NO2-_10.8768609_106.6782039.jpg","NO2","0.4","RedmiA1","2025-08-06 16:54:53","train"
"NO2/RedmiA1/round4/CvKsv_ngochanpham274@gmail.com_2025-08-06 17_15_37_Tran_RedmiA1_4ppm_4_1_NO2-_10.8768609_106.6782039.jpg","NO2","4.0","RedmiA1","2025-08-06 17:15:37","train"
"NO2/RedmiA1/round4/dB2cA_ngochanpham274@gmail.com_2025-08-06 16_17_10_Tran_RedmiA1_0.02ppm_4_1_NO2-_10.8768696_106.6781968.jpg","NO2","0.02","RedmiA1","2025-08-06 16:17:10","train"
"NO2/RedmiA1/round4/e7TlK_ngochanpham274@gmail.com_2025-08-06 16_13_31_Tran_RedmiA1_0.01ppm_4_1_NO2-_10.8768696_106.6781968.jpg","NO2","0.01","RedmiA1","2025-08-06 16:13:31","train"
"NO2/RedmiA1/round4/edXX4_ngochanpham274@gmail.com_2025-08-06 16_30_51_Tran_RedmiA1_0.06ppm_4_4_NO2-_10.8768568_106.6782066.jpg","NO2","0.06","RedmiA1","2025-08-06 16:30:51","train"
"NO2/RedmiA1/round4/epbpT_ngochanpham274@gmail.com_2025-08-06 16_21_28_Tran_RedmiA1_0.04ppm_4_1_NO2-_10.8768696_106.6781968.jpg","NO2","0.04","RedmiA1","2025-08-06 16:21:28","train"
"NO2/RedmiA1/round4/FFJbE_ngochanpham274@gmail.com_2025-08-06 16_27_04_Tran_RedmiA1_0.05ppm_4_4_NO2-_10.8768568_106.6782066.jpg","NO2","0.05","RedmiA1","2025-08-06 16:27:04","train"
"NO2/RedmiA1/round4/FQnDM_ngochanpham274@gmail.com_2025-08-06 16_14_35_Tran_RedmiA1_0.01ppm_4_3_NO2-_10.8768696_106.6781968.jpg","NO2","0.01","RedmiA1","2025-08-06 16:14:35","train"
"NO2/RedmiA1/round4/Fu4jM_ngochanpham274@gmail.com_2025-08-06 16_41_23_Tran_RedmiA1_0.1ppm_4_2_NO2-_10.8768568_106.6782066.jpg","NO2","0.1","RedmiA1","2025-08-06 16:41:23","train"
"NO2/RedmiA1/round4/fV1c8_ngochanpham274@gmail.com_2025-08-06 16_34_03_Tran_RedmiA1_0.08ppm_4_2_NO2-_10.8768568_106.6782066.jpg","NO2","0.08","RedmiA1","2025-08-06 16:34:03","train"
"NO2/RedmiA1/round4/HMnTP_ngochanpham274@gmail.com_2025-08-06 16_47_05_Tran_RedmiA1_0.2ppm_4_4_NO2-_10.8768568_106.6782066.jpg","NO2","0.2","RedmiA1","2025-08-06 16:47:05","train"
"NO2/RedmiA1/round4/HSDhh_ngochanpham274@gmail.com_2025-08-06 16_38_28_Tran_RedmiA1_0.08ppm_4_5_NO2-_10.8768568_106.6782066.jpg","NO2","0.08","RedmiA1","2025-08-06 16:38:28","train"
"NO2/RedmiA1/round4/I0KIR_ngochanpham274@gmail.com_2025-08-06 16_46_20_Tran_RedmiA1_0.2ppm_4_3_NO2-_10.8768568_106.6782066.jpg","NO2","0.2","RedmiA1","2025-08-06 16:46:20","train"
"NO2/RedmiA1/round4/Id6Q2_ngochanpham274@gmail.com_2025-08-06 16_53_32_Tran_RedmiA1_0.4ppm_4_1_NO2-_10.8768609_106.6782039.jpg","NO2","0.4","RedmiA1","2025-08-06 16:53:32","train"
"NO2/RedmiA1/round4/iY9bm_ngochanpham274@gmail.com_2025-08-06 16_35_01_Tran_RedmiA1_0.08ppm_4_4_NO2-_10.8768568_106.6782066.jpg","NO2","0.08","RedmiA1","2025-08-06 16:35:01","train"
"NO2/RedmiA1/round4/jFHFY_ngochanpham274@gmail.com_2025-08-06 17_06_16_Tran_RedmiA1_0.8ppm_4_3_NO2-_10.8768609_106.6782039.jpg","NO2","0.8","RedmiA1","2025-08-06 17:06:16","train"
"NO2/RedmiA1/round4/Js2sj_ngochanpham274@gmail.com_2025-08-06 16_18_42_Tran_RedmiA1_0.02ppm_4_3_NO2-_10.8768696_106.6781968.jpg","NO2","0.02","RedmiA1","2025-08-06 16:18:42","train"
"NO2/RedmiA1/round4/k5ZlN_ngochanpham274@gmail.com_2025-08-06 17_03_08_Tran_RedmiA1_0.6ppm_4_3_NO2-_10.8768609_106.6782039.jpg","NO2","0.6","RedmiA1","2025-08-06 17:03:08","train"
"NO2/RedmiA1/round4/kNqNH_ngochanpham274@gmail.com_2025-08-06 16_15_03_Tran_RedmiA1_0.01ppm_4_4_NO2-_10.8768696_106.6781968.jpg","NO2","0.01","RedmiA1","2025-08-06 16:15:03","train"
"NO2/RedmiA1/round4/kXVy8_ngochanpham274@gmail.com_2025-08-06 16_58_51_Tran_RedmiA1_0.5ppm_4_3_NO2-_10.8768609_106.6782039.jpg","NO2","0.5","RedmiA1","2025-08-06 16:58:51","train"
"NO2/RedmiA1/round4/LHs1v_ngochanpham274@gmail.com_2025-08-06 17_07_06_Tran_RedmiA1_0.8ppm_4_5_NO2-_10.8768609_106.6782039.jpg","NO2","0.8","RedmiA1","2025-08-06 17:07:06","train"
"NO2/RedmiA1/round4/mQ6T3_ngochanpham274@gmail.com_2025-08-06 17_03_46_Tran_RedmiA1_0.6ppm_4_4_NO2-_10.8768609_106.6782039.jpg","NO2","0.6","RedmiA1","2025-08-06 17:03:46","train"
"NO2/RedmiA1/round4/nKVhH_ngochanpham274@gmail.com_2025-08-06 16_29_06_Tran_RedmiA1_0.06ppm_4_1_NO2-_10.8768568_106.6782066.jpg","NO2","0.06","RedmiA1","2025-08-06 16:29:06","train"
"NO2/RedmiA1/round4/nY9ev_ngochanpham274@gmail.com_2025-08-06 17_05_54_Tran_RedmiA1_0.8ppm_4_2_NO2-_10.8768609_106.6782039.jpg","NO2","0.8","RedmiA1","2025-08-06 17:05:54","train"
"NO2/RedmiA1/round4/O9kGl_ngochanpham274@gmail.com_2025-08-06 16_31_16_Tran_RedmiA1_0.06ppm_4_5_NO2-_10.8768568_106.6782066.jpg","NO2","0.06","RedmiA1","2025-08-06 16:31:16","train"
"NO2/RedmiA1/round4/Oam7l_ngochanpham274@gmail.com_2025-08-06 17_00_22_Tran_RedmiA1_0.5ppm_4_5_NO2-_10.8768609_106.6782039.jpg","NO2","0.5","RedmiA1","2025-08-06 17:00:22","train"
"NO2/RedmiA1/round4/OIetu_ngochanpham274@gmail.com_2025-08-06 17_06_42_Tran_RedmiA1_0.8ppm_4_4_NO2-_10.8768609_106.6782039.jpg","NO2","0.8","RedmiA1","2025-08-06 17:06:42","train"
"NO2/RedmiA1/round4/PFAZH_ngochanpham274@gmail.com_2025-08-06 17_10_34_Tran_RedmiA1_1ppm_4_5_NO2-_10.8768609_106.6782039.jpg","NO2","1.0","RedmiA1","2025-08-06 17:10:34","train"
"NO2/RedmiA1/round4/pie9J_ngochanpham274@gmail.com_2025-08-06 17_16_00_Tran_RedmiA1_4ppm_4_2_NO2-_10.8768609_106.6782039.jpg","NO2","4.0","RedmiA1","2025-08-06 17:16:00","train"
"NO2/RedmiA1/round4/pijiw_ngochanpham274@gmail.com_2025-08-06 17_09_27_Tran_RedmiA1_1ppm_4_3_NO2-_10.8768609_106.6782039.jpg","NO2","1.0","RedmiA1","2025-08-06 17:09:27","train"
"NO2/RedmiA1/round4/pQIHL_ngochanpham274@gmail.com_2025-08-06 16_54_13_Tran_RedmiA1_0.4ppm_4_2_NO2-_10.8768609_106.6782039.jpg","NO2","0.4","RedmiA1","2025-08-06 16:54:13","train"
"NO2/RedmiA1/round4/PTNFC_ngochanpham274@gmail.com_2025-08-06 17_02_24_Tran_RedmiA1_0.6ppm_4_2_NO2-_10.8768609_106.6782039.jpg","NO2","0.6","RedmiA1","2025-08-06 17:02:24","train"
"NO2/RedmiA1/round4/pwGBg_ngochanpham274@gmail.com_2025-08-06 16_55_24_Tran_RedmiA1_0.4ppm_4_4_NO2-_10.8768609_106.6782039.jpg","NO2","0.4","RedmiA1","2025-08-06 16:55:24","train"
"NO2/RedmiA1/round4/pZOUU_ngochanpham274@gmail.com_2025-08-06 16_41_57_Tran_RedmiA1_0.1ppm_4_3_NO2-_10.8768568_106.6782066.jpg","NO2","0.1","RedmiA1","2025-08-06 16:41:57","train"
"NO2/RedmiA1/round4/Qpn3G_ngochanpham274@gmail.com_2025-08-06 17_18_19_Tran_RedmiA1_4ppm_4_4_NO2-_10.8768609_106.6782039.jpg","NO2","4.0","RedmiA1","2025-08-06 17:18:19","train"
"NO2/RedmiA1/round4/rWxFN_ngochanpham274@gmail.com_2025-08-06 16_42_42_Tran_RedmiA1_0.1ppm_4_4_NO2-_10.8768568_106.6782066.jpg","NO2","0.1","RedmiA1","2025-08-06 16:42:42","train"
"NO2/RedmiA1/round4/SQvAg_ngochanpham274@gmail.com_2025-08-06 17_12_28_Tran_RedmiA1_2ppm_4_2_NO2-_10.8768609_106.6782039.jpg","NO2","2.0","RedmiA1","2025-08-06 17:12:28","train"
"NO2/RedmiA1/round4/TMKUm_ngochanpham274@gmail.com_2025-08-06 17_18_49_Tran_RedmiA1_4ppm_4_5_NO2-_10.8768609_106.6782039.jpg","NO2","4.0","RedmiA1","2025-08-06 17:18:49","train"
"NO2/RedmiA1/round4/tyQbK_ngochanpham274@gmail.com_2025-08-06 16_27_53_Tran_RedmiA1_0.05ppm_4_5_NO2-_10.8768568_106.6782066.jpg","NO2","0.05","RedmiA1","2025-08-06 16:27:53","train"
"NO2/RedmiA1/round4/uoFgU_ngochanpham274@gmail.com_2025-08-06 16_56_22_Tran_RedmiA1_0.4ppm_4_5_NO2-_10.8768609_106.6782039.jpg","NO2","0.4","RedmiA1","2025-08-06 16:56:22","train"
"NO2/RedmiA1/round4/uWcBc_ngochanpham274@gmail.com_2025-08-06 17_13_33_Tran_RedmiA1_2ppm_4_4_NO2-_10.8768609_106.6782039.jpg","NO2","2.0","RedmiA1","2025-08-06 17:13:33","train"
"NO2/RedmiA1/round4/Uz6Bv_ngochanpham274@gmail.com_2025-08-06 16_59_54_Tran_RedmiA1_0.5ppm_4_4_NO2-_10.8768609_106.6782039.jpg","NO2","0.5","RedmiA1","2025-08-06 16:59:54","train"
"NO2/RedmiA1/round4/vEnq9_ngochanpham274@gmail.com_2025-08-06 16_33_30_Tran_RedmiA1_0.08ppm_4_1_NO2-_10.8768568_106.6782066.jpg","NO2","0.08","RedmiA1","2025-08-06 16:33:30","train"
"NO2/RedmiA1/round4/VhFdy_ngochanpham274@gmail.com_2025-08-06 16_47_45_Tran_RedmiA1_0.2ppm_4_5_NO2-_10.8768568_106.6782066.jpg","NO2","0.2","RedmiA1","2025-08-06 16:47:45","train"
"NO2/RedmiA1/round4/vRoSo_ngochanpham274@gmail.com_2025-08-06 16_34_33_Tran_RedmiA1_0.08ppm_4_3_NO2-_10.8768568_106.6782066.jpg","NO2","0.08","RedmiA1","2025-08-06 16:34:33","train"
"NO2/RedmiA1/round4/vrWAB_ngochanpham274@gmail.com_2025-08-06 16_15_39_Tran_RedmiA1_0.01ppm_4_5_NO2-_10.8768696_106.6781968.jpg","NO2","0.01","RedmiA1","2025-08-06 16:15:39","train"
"NO2/RedmiA1/round4/WK5Wp_ngochanpham274@gmail.com_2025-08-06 17_09_58_Tran_RedmiA1_1ppm_4_4_NO2-_10.8768609_106.6782039.jpg","NO2","1.0","RedmiA1","2025-08-06 17:09:58","train"
"NO2/RedmiA1/round4/wsTMn_ngochanpham274@gmail.com_2025-08-06 16_18_03_Tran_RedmiA1_0.02ppm_4_2_NO2-_10.8768696_106.6781968.jpg","NO2","0.02","RedmiA1","2025-08-06 16:18:03","train"
"NO2/RedmiA1/round4/XuIds_ngochanpham274@gmail.com_2025-08-06 16_23_13_Tran_RedmiA1_0.04ppm_4_3_NO2-_10.8768696_106.6781968.jpg","NO2","0.04","RedmiA1","2025-08-06 16:23:13","train"
"NO2/RedmiA1/round4/XuVRl_ngochanpham274@gmail.com_2025-08-06 17_04_19_Tran_RedmiA1_0.6ppm_4_5_NO2-_10.8768609_106.6782039.jpg","NO2","0.6","RedmiA1","2025-08-06 17:04:19","train"
"NO2/RedmiA1/round4/y3jQO_ngochanpham274@gmail.com_2025-08-06 16_26_10_Tran_RedmiA1_0.05ppm_4_2_NO2-_10.8768568_106.6782066.jpg","NO2","0.05","RedmiA1","2025-08-06 16:26:10","train"
"NO2/RedmiA1/round4/Y6X4y_ngochanpham274@gmail.com_2025-08-06 16_43_15_Tran_RedmiA1_0.1ppm_4_5_NO2-_10.8768568_106.6782066.jpg","NO2","0.1","RedmiA1","2025-08-06 16:43:15","train"
"NO2/RedmiA1/round4/YfUuh_ngochanpham274@gmail.com_2025-08-06 17_17_54_Tran_RedmiA1_4ppm_4_3_NO2-_10.8768609_106.6782039.jpg","NO2","4.0","RedmiA1","2025-08-06 17:17:54","train"
"NO2/RedmiA1/round4/yKvm2_ngochanpham274@gmail.com_2025-08-06 17_12_55_Tran_RedmiA1_2ppm_4_3_NO2-_10.8768609_106.6782039.jpg","NO2","2.0","RedmiA1","2025-08-06 17:12:55","train"
"NO2/RedmiA1/round4/yPh5w_ngochanpham274@gmail.com_2025-08-06 16_25_38_Tran_RedmiA1_0.05ppm_4_1_NO2-_10.8768568_106.6782066.jpg","NO2","0.05","RedmiA1","2025-08-06 16:25:38","train"
"NO2/RedmiA1/round4/ypueL_ngochanpham274@gmail.com_2025-08-06 17_05_25_Tran_RedmiA1_0.8ppm_4_1_NO2-_10.8768609_106.6782039.jpg","NO2","0.8","RedmiA1","2025-08-06 17:05:25","train"
"NO2/RedmiA1/round4/z8eoS_ngochanpham274@gmail.com_2025-08-06 17_11_44_Tran_RedmiA1_2ppm_4_1_NO2-_10.8768609_106.6782039.jpg","NO2","2.0","RedmiA1","2025-08-06 17:11:44","train"
"NO2/SamsungS20/round1/0fbTB_ngochanpham274@gmail.com_2025-08-29 12_23_27_An_SamsungS20_0.1ppm_1_5_NO2-_10.8768675_106.6781983.jpg","NO2","0.1","SamsungS20","2025-08-29 12:23:27","train"
"NO2/SamsungS20/round1/1i35o_ngochanpham274@gmail.com_2025-08-29 12_05_35_An_SamsungS20_0.02ppm_1_4_NO2-_10.8769559_106.6784029.jpg","NO2","0.02","SamsungS20","2025-08-29 12:05:35","train"
"NO2/SamsungS20/round1/1ZYLT_ngochanpham274@gmail.com_2025-08-29 12_15_01_An_SamsungS20_0.06ppm_1_5_NO2-_10.8769559_106.6784029.jpg","NO2","0.06","SamsungS20","2025-08-29 12:15:01","train"
"NO2/SamsungS20/round1/37HxR_ngochanpham274@gmail.com_2025-08-29 12_48_46_An_SamsungS20_4ppm_1_5_NO2-_10.8768744_106.678203.jpg","NO2","4.0","SamsungS20","2025-08-29 12:48:46","train"
"NO2/SamsungS20/round1/47vXW_ngochanpham274@gmail.com_2025-08-29 12_08_41_An_SamsungS20_0.04ppm_1_5_NO2-_10.8769559_106.6784029.jpg","NO2","0.04","SamsungS20","2025-08-29 12:08:41","train"
"NO2/SamsungS20/round1/4OA2l_ngochanpham274@gmail.com_2025-08-29 12_46_54_An_SamsungS20_4ppm_1_2_NO2-_10.8768744_106.678203.jpg","NO2","4.0","SamsungS20","2025-08-29 12:46:54","train"
"NO2/SamsungS20/round1/7a4tv_ngochanpham274@gmail.com_2025-08-29 12_14_03_An_SamsungS20_0.06ppm_1_2_NO2-_10.8769559_106.6784029.jpg","NO2","0.06","SamsungS20","2025-08-29 12:14:03","train"
"NO2/SamsungS20/round1/7JYNk_ngochanpham274@gmail.com_2025-08-29 12_46_09_An_SamsungS20_4ppm_1_1_NO2-_10.8768744_106.678203.jpg","NO2","4.0","SamsungS20","2025-08-29 12:46:09","train"
"NO2/SamsungS20/round1/8uFs7_ngochanpham274@gmail.com_2025-08-29 12_23_01_An_SamsungS20_0.1ppm_1_4_NO2-_10.8768675_106.6781983.jpg","NO2","0.1","SamsungS20","2025-08-29 12:23:01","train"
"NO2/SamsungS20/round1/9Hq7g_ngochanpham274@gmail.com_2025-08-29 12_33_12_An_SamsungS20_0.5ppm_1_2_NO2-_10.8768675_106.6781983.jpg","NO2","0.5","SamsungS20","2025-08-29 12:33:12","train"
"NO2/SamsungS20/round1/9JVro_ngochanpham274@gmail.com_2025-08-29 12_04_03_An_SamsungS20_0.02ppm_1_1_NO2-_10.8769559_106.6784029.jpg","NO2","0.02","SamsungS20","2025-08-29 12:04:03","train"
"NO2/SamsungS20/round1/a79SI_ngochanpham274@gmail.com_2025-08-29 12_45_28_An_SamsungS20_2ppm_1_5_NO2-_10.8768744_106.678203.jpg","NO2","2.0","SamsungS20","2025-08-29 12:45:28","train"
"NO2/SamsungS20/round1/ACY89_ngochanpham274@gmail.com_2025-08-29 12_47_13_An_SamsungS20_4ppm_1_3_NO2-_10.8768744_106.678203.jpg","NO2","4.0","SamsungS20","2025-08-29 12:47:13","train"
"NO2/SamsungS20/round1/b03lT_ngochanpham274@gmail.com_2025-08-29 12_06_08_An_SamsungS20_0.02ppm_1_5_NO2-_10.8769559_106.6784029.jpg","NO2","0.02","SamsungS20","2025-08-29 12:06:08","train"
"NO2/SamsungS20/round1/B5rwi_ngochanpham274@gmail.com_2025-08-29 12_11_32_An_SamsungS20_0.05ppm_1_4_NO2-_10.8769559_106.6784029.jpg","NO2","0.05","SamsungS20","2025-08-29 12:11:32","train"
"NO2/SamsungS20/round1/b7Zbl_ngochanpham274@gmail.com_2025-08-29 12_45_06_An_SamsungS20_2ppm_1_4_NO2-_10.8768744_106.678203.jpg","NO2","2.0","SamsungS20","2025-08-29 12:45:06","train"
"NO2/SamsungS20/round1/CG09o_ngochanpham274@gmail.com_2025-08-29 12_16_24_An_SamsungS20_0.08ppm_1_1_NO2-_10.8769559_106.6784029.jpg","NO2","0.08","SamsungS20","2025-08-29 12:16:24","train"
"NO2/SamsungS20/round1/cMGD3_ngochanpham274@gmail.com_2025-08-29 12_44_42_An_SamsungS20_2ppm_1_3_NO2-_10.8768744_106.678203.jpg","NO2","2.0","SamsungS20","2025-08-29 12:44:42","train"
"NO2/SamsungS20/round1/ESj5b_ngochanpham274@gmail.com_2025-08-29 12_05_15_An_SamsungS20_0.02ppm_1_3_NO2-_10.8769559_106.6784029.jpg","NO2","0.02","SamsungS20","2025-08-29 12:05:15","train"
"NO2/SamsungS20/round1/EsVO4_ngochanpham274@gmail.com_2025-08-29 12_36_31_An_SamsungS20_0.6ppm_1_4_NO2-_10.8768675_106.6781983.jpg","NO2","0.6","SamsungS20","2025-08-29 12:36:31","train"
"NO2/SamsungS20/round1/eZj6f_ngochanpham274@gmail.com_2025-08-29 12_27_31_An_SamsungS20_0.2ppm_1_3_NO2-_10.8768675_106.6781983.jpg","NO2","0.2","SamsungS20","2025-08-29 12:27:31","train"
"NO2/SamsungS20/round1/FB0tq_ngochanpham274@gmail.com_2025-08-29 12_34_49_An_SamsungS20_0.6ppm_1_1_NO2-_10.8768675_106.6781983.jpg","NO2","0.6","SamsungS20","2025-08-29 12:34:49","train"
"NO2/SamsungS20/round1/FK10O_ngochanpham274@gmail.com_2025-08-29 12_01_57_An_SamsungS20_0.01ppm_1_1_NO2-_10.8769559_106.6784029.jpg","NO2","0.01","SamsungS20","2025-08-29 12:01:57","train"
"NO2/SamsungS20/round1/gLDK3_ngochanpham274@gmail.com_2025-08-29 12_39_46_An_SamsungS20_0.8ppm_1_3_NO2-_10.8768744_106.678203.jpg","NO2","0.8","SamsungS20","2025-08-29 12:39:46","train"
"NO2/SamsungS20/round1/Hd8fM_ngochanpham274@gmail.com_2025-08-29 12_42_50_An_SamsungS20_1ppm_1_5_NO2-_10.8768744_106.678203.jpg","NO2","1.0","SamsungS20","2025-08-29 12:42:50","train"
"NO2/SamsungS20/round1/hpRDM_ngochanpham274@gmail.com_2025-08-29 12_27_01_An_SamsungS20_0.2ppm_1_2_NO2-_10.8768675_106.6781983.jpg","NO2","0.2","SamsungS20","2025-08-29 12:27:01","train"
"NO2/SamsungS20/round1/hrz7b_ngochanpham274@gmail.com_2025-08-29 12_17_44_An_SamsungS20_0.08ppm_1_2_NO2-_10.8769559_106.6784029.jpg","NO2","0.08","SamsungS20","2025-08-29 12:17:44","train"
"NO2/SamsungS20/round1/HuOzd_ngochanpham274@gmail.com_2025-08-29 12_10_39_An_SamsungS20_0.05ppm_1_1_NO2-_10.8769559_106.6784029.jpg","NO2","0.05","SamsungS20","2025-08-29 12:10:39","train"
"NO2/SamsungS20/round1/i0Bsv_ngochanpham274@gmail.com_2025-08-29 12_21_38_An_SamsungS20_0.1ppm_1_1_NO2-_10.8768675_106.6781983.jpg","NO2","0.1","SamsungS20","2025-08-29 12:21:38","train"
"NO2/SamsungS20/round1/i9Os8_ngochanpham274@gmail.com_2025-08-29 12_26_27_An_SamsungS20_0.2ppm_1_1_NO2-_10.8768675_106.6781983.jpg","NO2","0.2","SamsungS20","2025-08-29 12:26:27","train"
"NO2/SamsungS20/round1/IMRw9_ngochanpham274@gmail.com_2025-08-29 12_29_07_An_SamsungS20_0.2ppm_1_5_NO2-_10.8768675_106.6781983.jpg","NO2","0.2","SamsungS20","2025-08-29 12:29:07","train"
"NO2/SamsungS20/round1/iqK1f_ngochanpham274@gmail.com_2025-08-29 12_43_43_An_SamsungS20_2ppm_1_1_NO2-_10.8768744_106.678203.jpg","NO2","2.0","SamsungS20","2025-08-29 12:43:43","train"
"NO2/SamsungS20/round1/iQXVS_ngochanpham274@gmail.com_2025-08-29 12_14_44_An_SamsungS20_0.06ppm_1_4_NO2-_10.8769559_106.6784029.jpg","NO2","0.06","SamsungS20","2025-08-29 12:14:44","train"
"NO2/SamsungS20/round1/IxELt_ngochanpham274@gmail.com_2025-08-29 12_41_55_An_SamsungS20_1ppm_1_2_NO2-_10.8768744_106.678203.jpg","NO2","1.0","SamsungS20","2025-08-29 12:41:55","train"
"NO2/SamsungS20/round1/JZGSo_ngochanpham274@gmail.com_2025-08-29 12_07_05_An_SamsungS20_0.04ppm_1_1_NO2-_10.8769559_106.6784029.jpg","NO2","0.04","SamsungS20","2025-08-29 12:07:05","train"
"NO2/SamsungS20/round1/KCZKd_ngochanpham274@gmail.com_2025-08-29 12_11_15_An_SamsungS20_0.05ppm_1_3_NO2-_10.8769559_106.6784029.jpg","NO2","0.05","SamsungS20","2025-08-29 12:11:15","train"
"NO2/SamsungS20/round1/kobrn_ngochanpham274@gmail.com_2025-08-29 12_22_27_An_SamsungS20_0.1ppm_1_2_NO2-_10.8768675_106.6781983.jpg","NO2","0.1","SamsungS20","2025-08-29 12:22:27","train"
"NO2/SamsungS20/round1/lhSdi_ngochanpham274@gmail.com_2025-08-29 12_47_41_An_SamsungS20_4ppm_1_4_NO2-_10.8768744_106.678203.jpg","NO2","4.0","SamsungS20","2025-08-29 12:47:41","train"
"NO2/SamsungS20/round1/LSVdY_ngochanpham274@gmail.com_2025-08-29 12_22_44_An_SamsungS20_0.1ppm_1_3_NO2-_10.8768675_106.6781983.jpg","NO2","0.1","SamsungS20","2025-08-29 12:22:44","train"
"NO2/SamsungS20/round1/lWsk5_ngochanpham274@gmail.com_2025-08-29 12_13_18_An_SamsungS20_0.06ppm_1_1_NO2-_10.8769559_106.6784029.jpg","NO2","0.06","SamsungS20","2025-08-29 12:13:18","train"
"NO2/SamsungS20/round1/mFkYN_ngochanpham274@gmail.com_2025-08-29 12_31_20_An_SamsungS20_0.4ppm_1_4_NO2-_10.8768675_106.6781983.jpg","NO2","0.4","SamsungS20","2025-08-29 12:31:20","train"
"NO2/SamsungS20/round1/mfM9C_ngochanpham274@gmail.com_2025-08-29 12_39_29_An_SamsungS20_0.8ppm_1_2_NO2-_10.8768744_106.678203.jpg","NO2","0.8","SamsungS20","2025-08-29 12:39:29","train"
"NO2/SamsungS20/round1/Ml8SR_ngochanpham274@gmail.com_2025-08-29 12_02_57_An_SamsungS20_0.01ppm_1_4_NO2-_10.8769559_106.6784029.jpg","NO2","0.01","SamsungS20","2025-08-29 12:02:57","train"
"NO2/SamsungS20/round1/Mq1Q4_ngochanpham274@gmail.com_2025-08-29 12_11_52_An_SamsungS20_0.05ppm_1_5_NO2-_10.8769559_106.6784029.jpg","NO2","0.05","SamsungS20","2025-08-29 12:11:52","train"
"NO2/SamsungS20/round1/MSGal_ngochanpham274@gmail.com_2025-08-29 12_31_02_An_SamsungS20_0.4ppm_1_3_NO2-_10.8768675_106.6781983.jpg","NO2","0.4","SamsungS20","2025-08-29 12:31:02","train"
"NO2/SamsungS20/round1/mU6pR_ngochanpham274@gmail.com_2025-08-29 12_32_23_An_SamsungS20_0.5ppm_1_1_NO2-_10.8768675_106.6781983.jpg","NO2","0.5","SamsungS20","2025-08-29 12:32:23","train"
"NO2/SamsungS20/round1/N7RpC_ngochanpham274@gmail.com_2025-08-29 12_41_08_An_SamsungS20_1ppm_1_1_NO2-_10.8768744_106.678203.jpg","NO2","1.0","SamsungS20","2025-08-29 12:41:08","train"
"NO2/SamsungS20/round1/nbpOC_ngochanpham274@gmail.com_2025-08-29 12_33_47_An_SamsungS20_0.5ppm_1_4_NO2-_10.8768675_106.6781983.jpg","NO2","0.5","SamsungS20","2025-08-29 12:33:47","train"
"NO2/SamsungS20/round1/NJecp_ngochanpham274@gmail.com_2025-08-29 12_42_30_An_SamsungS20_1ppm_1_4_NO2-_10.8768744_106.678203.jpg","NO2","1.0","SamsungS20","2025-08-29 12:42:30","train"
"NO2/SamsungS20/round1/nK9sV_ngochanpham274@gmail.com_2025-08-29 12_02_35_An_SamsungS20_0.01ppm_1_3_NO2-_10.8769559_106.6784029.jpg","NO2","0.01","SamsungS20","2025-08-29 12:02:35","train"
"NO2/SamsungS20/round1/ODrEK_ngochanpham274@gmail.com_2025-08-29 12_19_49_An_SamsungS20_0.08ppm_1_5_NO2-_10.8768675_106.6781983.jpg","NO2","0.08","SamsungS20","2025-08-29 12:19:49","train"
"NO2/SamsungS20/round1/oUnq3_ngochanpham274@gmail.com_2025-08-29 12_34_05_An_SamsungS20_0.5ppm_1_5_NO2-_10.8768675_106.6781983.jpg","NO2","0.5","SamsungS20","2025-08-29 12:34:05","train"
"NO2/SamsungS20/round1/oYoP9_ngochanpham274@gmail.com_2025-08-29 12_04_37_An_SamsungS20_0.02ppm_1_2_NO2-_10.8769559_106.6784029.jpg","NO2","0.02","SamsungS20","2025-08-29 12:04:37","train"
"NO2/SamsungS20/round1/PC0in_ngochanpham274@gmail.com_2025-08-29 12_18_47_An_SamsungS20_0.08ppm_1_4_NO2-_10.8768675_106.6781983.jpg","NO2","0.08","SamsungS20","2025-08-29 12:18:47","train"
"NO2/SamsungS20/round1/PGZ9s_ngochanpham274@gmail.com_2025-08-29 12_29_58_An_SamsungS20_0.4ppm_1_1_NO2-_10.8768675_106.6781983.jpg","NO2","0.4","SamsungS20","2025-08-29 12:29:58","train"
"NO2/SamsungS20/round1/PNT7g_ngochanpham274@gmail.com_2025-08-29 12_08_02_An_SamsungS20_0.04ppm_1_3_NO2-_10.8769559_106.6784029.jpg","NO2","0.04","SamsungS20","2025-08-29 12:08:02","train"
"NO2/SamsungS20/round1/PTdNA_ngochanpham274@gmail.com_2025-08-29 12_18_03_An_SamsungS20_0.08ppm_1_3_NO2-_10.8769559_106.6784029.jpg","NO2","0.08","SamsungS20","2025-08-29 12:18:03","train"
"NO2/SamsungS20/round1/rDSa0_ngochanpham274@gmail.com_2025-08-29 12_44_25_An_SamsungS20_2ppm_1_2_NO2-_10.8768744_106.678203.jpg","NO2","2.0","SamsungS20","2025-08-29 12:44:25","train"
"NO2/SamsungS20/round1/rMEPR_ngochanpham274@gmail.com_2025-08-29 12_28_50_An_SamsungS20_0.2ppm_1_4_NO2-_10.8768675_106.6781983.jpg","NO2","0.2","SamsungS20","2025-08-29 12:28:50","train"
"NO2/SamsungS20/round1/RsCKs_ngochanpham274@gmail.com_2025-08-29 12_39_13_An_SamsungS20_0.8ppm_1_1_NO2-_10.8768744_106.678203.jpg","NO2","0.8","SamsungS20","2025-08-29 12:39:13","train"
"NO2/SamsungS20/round1/sA8Og_ngochanpham274@gmail.com_2025-08-29 12_35_54_An_SamsungS20_0.6ppm_1_3_NO2-_10.8768675_106.6781983.jpg","NO2","0.6","SamsungS20","2025-08-29 12:35:54","train"
"NO2/SamsungS20/round1/sbYrQ_ngochanpham274@gmail.com_2025-08-29 12_35_36_An_SamsungS20_0.6ppm_1_2_NO2-_10.8768675_106.6781983.jpg","NO2","0.6","SamsungS20","2025-08-29 12:35:36","train"
"NO2/SamsungS20/round1/SDL6Z_ngochanpham274@gmail.com_2025-08-29 12_36_53_An_SamsungS20_0.6ppm_1_5_NO2-_10.8768675_106.6781983.jpg","NO2","0.6","SamsungS20","2025-08-29 12:36:53","train"
"NO2/SamsungS20/round1/SObqh_ngochanpham274@gmail.com_2025-08-29 12_10_56_An_SamsungS20_0.05ppm_1_2_NO2-_10.8769559_106.6784029.jpg","NO2","0.05","SamsungS20","2025-08-29 12:10:56","train"
"NO2/SamsungS20/round1/Sw0t9_ngochanpham274@gmail.com_2025-08-29 12_07_45_An_SamsungS20_0.04ppm_1_2_NO2-_10.8769559_106.6784029.jpg","NO2","0.04","SamsungS20","2025-08-29 12:07:45","train"
"NO2/SamsungS20/round1/tFMnP_ngochanpham274@gmail.com_2025-08-29 12_08_23_An_SamsungS20_0.04ppm_1_4_NO2-_10.8769559_106.6784029.jpg","NO2","0.04","SamsungS20","2025-08-29 12:08:23","train"
"NO2/SamsungS20/round1/UI6oV_ngochanpham274@gmail.com_2025-08-29 12_14_20_An_SamsungS20_0.06ppm_1_3_NO2-_10.8769559_106.6784029.jpg","NO2","0.06","SamsungS20","2025-08-29 12:14:20","train"
"NO2/SamsungS20/round1/VsYn9_ngochanpham274@gmail.com_2025-08-29 12_42_13_An_SamsungS20_1ppm_1_3_NO2-_10.8768744_106.678203.jpg","NO2","1.0","SamsungS20","2025-08-29 12:42:13","train"
"NO2/SamsungS20/round1/WRO3w_ngochanpham274@gmail.com_2025-08-29 12_40_20_An_SamsungS20_0.8ppm_1_5_NO2-_10.8768744_106.678203.jpg","NO2","0.8","SamsungS20","2025-08-29 12:40:20","train"
"NO2/SamsungS20/round1/X9Xgx_ngochanpham274@gmail.com_2025-08-29 12_30_46_An_SamsungS20_0.4ppm_1_2_NO2-_10.8768675_106.6781983.jpg","NO2","0.4","SamsungS20","2025-08-29 12:30:46","train"
"NO2/SamsungS20/round1/Y92Vf_ngochanpham274@gmail.com_2025-08-29 12_31_38_An_SamsungS20_0.4ppm_1_5_NO2-_10.8768675_106.6781983.jpg","NO2","0.4","SamsungS20","2025-08-29 12:31:38","train"
"NO2/SamsungS20/round1/Yqbl1_ngochanpham274@gmail.com_2025-08-29 12_03_20_An_SamsungS20_0.01ppm_1_5_NO2-_10.8769559_106.6784029.jpg","NO2","0.01","SamsungS20","2025-08-29 12:03:20","train"
"NO2/SamsungS20/round1/YzlOi_ngochanpham274@gmail.com_2025-08-29 12_02_16_An_SamsungS20_0.01ppm_1_2_NO2-_10.8769559_106.6784029.jpg","NO2","0.01","SamsungS20","2025-08-29 12:02:16","train"
"NO2/SamsungS20/round1/zD0V7_ngochanpham274@gmail.com_2025-08-29 12_33_30_An_SamsungS20_0.5ppm_1_3_NO2-_10.8768675_106.6781983.jpg","NO2","0.5","SamsungS20","2025-08-29 12:33:30","train"
"NO2/SamsungS20/round1/zvNhr_ngochanpham274@gmail.com_2025-08-29 12_40_03_An_SamsungS20_0.8ppm_1_4_NO2-_10.8768744_106.678203.jpg","NO2","0.8","SamsungS20","2025-08-29 12:40:03","train"
"NO2/SamsungS20/round3/2tsNU_ngochanpham274@gmail.com_2025-08-29 14_47_30_An_SamsungS20_0.08ppm_3_2_NO2-_10.8768765_106.6781989.jpg","NO2","0.08","SamsungS20","2025-08-29 14:47:30","train"
"NO2/SamsungS20/round3/2XrIT_ngochanpham274@gmail.com_2025-08-29 15_04_57_An_SamsungS20_1ppm_3_1_NO2-_10.8768763_106.6782044.jpg","NO2","1.0","SamsungS20","2025-08-29 15:04:57","train"
"NO2/SamsungS20/round3/4jOIe_ngochanpham274@gmail.com_2025-08-29 14_56_44_An_SamsungS20_0.4ppm_3_3_NO2-_10.8768765_106.6781989.jpg","NO2","0.4","SamsungS20","2025-08-29 14:56:44","train"
"NO2/SamsungS20/round3/6IdqW_ngochanpham274@gmail.com_2025-08-29 14_52_39_An_SamsungS20_0.2ppm_3_2_NO2-_10.8768765_106.6781989.jpg","NO2","0.2","SamsungS20","2025-08-29 14:52:39","train"
"NO2/SamsungS20/round3/6ZLT3_ngochanpham274@gmail.com_2025-08-29 15_01_17_An_SamsungS20_0.5ppm_3_4_NO2_10.8768763_106.6782044.jpg","NO2","0.5","SamsungS20","2025-08-29 15:01:17","train"
"NO2/SamsungS20/round3/7KE38_ngochanpham274@gmail.com_2025-08-29 14_37_47_An_SamsungS20_0.04ppm_3_1_NO2-_10.8768661_106.6781983.jpg","NO2","0.04","SamsungS20","2025-08-29 14:37:47","train"
"NO2/SamsungS20/round3/7KUyd_ngochanpham274@gmail.com_2025-08-29 15_00_43_An_SamsungS20_0.5ppm_3_2_NO2_10.8768763_106.6782044.jpg","NO2","0.5","SamsungS20","2025-08-29 15:00:43","train"
"NO2/SamsungS20/round3/7vT1B_ngochanpham274@gmail.com_2025-08-29 14_48_24_An_SamsungS20_0.08ppm_3_5_NO2-_10.8768765_106.6781989.jpg","NO2","0.08","SamsungS20","2025-08-29 14:48:24","train"
"NO2/SamsungS20/round3/8CJts_ngochanpham274@gmail.com_2025-08-29 14_41_38_An_SamsungS20_0.05ppm_3_2_NO2-_10.8768765_106.6781989.jpg","NO2","0.05","SamsungS20","2025-08-29 14:41:38","train"
"NO2/SamsungS20/round3/8LMmL_ngochanpham274@gmail.com_2025-08-29 15_08_46_An_SamsungS20_2ppm_3_4_NO2-_10.8768763_106.6782044.jpg","NO2","2.0","SamsungS20","2025-08-29 15:08:46","train"
"NO2/SamsungS20/round3/8Nnxd_ngochanpham274@gmail.com_2025-08-29 14_46_47_An_SamsungS20_0.08ppm_3_1_NO2-_10.8768765_106.6781989.jpg","NO2","0.08","SamsungS20","2025-08-29 14:46:47","train"
"NO2/SamsungS20/round3/aBorV_ngochanpham274@gmail.com_2025-08-29 14_32_27_An_SamsungS20_0.01ppm_3_1_NO2-_10.8768661_106.6781983.jpg","NO2","0.01","SamsungS20","2025-08-29 14:32:27","train"
"NO2/SamsungS20/round3/b84GD_ngochanpham274@gmail.com_2025-08-29 14_40_59_An_SamsungS20_0.05ppm_3_1_NO2-_10.8768765_106.6781989.jpg","NO2","0.05","SamsungS20","2025-08-29 14:40:59","train"
"NO2/SamsungS20/round3/baQJu_ngochanpham274@gmail.com_2025-08-29 15_01_00_An_SamsungS20_0.5ppm_3_3_NO2_10.8768763_106.6782044.jpg","NO2","0.5","SamsungS20","2025-08-29 15:01:00","train"
"NO2/SamsungS20/round3/bV6ZL_ngochanpham274@gmail.com_2025-08-29 14_53_11_An_SamsungS20_0.2ppm_3_4_NO2-_10.8768765_106.6781989.jpg","NO2","0.2","SamsungS20","2025-08-29 14:53:11","train"
"NO2/SamsungS20/round3/daRed_ngochanpham274@gmail.com_2025-08-29 14_52_55_An_SamsungS20_0.2ppm_3_3_NO2-_10.8768765_106.6781989.jpg","NO2","0.2","SamsungS20","2025-08-29 14:52:55","train"
"NO2/SamsungS20/round3/DpyJK_ngochanpham274@gmail.com_2025-08-29 15_09_03_An_SamsungS20_2ppm_3_5_NO2-_10.8768763_106.6782044.jpg","NO2","2.0","SamsungS20","2025-08-29 15:09:03","train"
"NO2/SamsungS20/round3/dteZQ_ngochanpham274@gmail.com_2025-08-29 15_12_06_An_SamsungS20_4ppm_3_5_NO2-_10.8768763_106.6782044.jpg","NO2","4.0","SamsungS20","2025-08-29 15:12:06","train"
"NO2/SamsungS20/round3/EKMvS_ngochanpham274@gmail.com_2025-08-29 14_57_39_An_SamsungS20_0.5ppm_3_1_NO2_10.8768763_106.6782044.jpg","NO2","0.5","SamsungS20","2025-08-29 14:57:39","train"
"NO2/SamsungS20/round3/EPU5k_ngochanpham274@gmail.com_2025-08-29 15_01_37_An_SamsungS20_0.5ppm_3_5_NO2_10.8768763_106.6782044.jpg","NO2","0.5","SamsungS20","2025-08-29 15:01:37","train"
"NO2/SamsungS20/round3/FLhM1_ngochanpham274@gmail.com_2025-08-29 14_34_51_An_SamsungS20_0.02ppm_3_1_NO2-_10.8768661_106.6781983.jpg","NO2","0.02","SamsungS20","2025-08-29 14:34:51","train"
"NO2/SamsungS20/round3/FODYU_ngochanpham274@gmail.com_2025-08-29 14_33_33_An_SamsungS20_0.01ppm_3_3_NO2-_10.8768661_106.6781983.jpg","NO2","0.01","SamsungS20","2025-08-29 14:33:33","train"
"NO2/SamsungS20/round3/gByEE_ngochanpham274@gmail.com_2025-08-29 15_04_07_An_SamsungS20_0.6ppm_3_5_NO2-_10.8768763_106.6782044.jpg","NO2","0.6","SamsungS20","2025-08-29 15:04:07","train"
"NO2/SamsungS20/round3/gjvRw_ngochanpham274@gmail.com_2025-08-29 14_34_07_An_SamsungS20_0.01ppm_3_5_NO2-_10.8768661_106.6781983.jpg","NO2","0.01","SamsungS20","2025-08-29 14:34:07","train"
"NO2/SamsungS20/round3/HVcg8_ngochanpham274@gmail.com_2025-08-29 14_36_12_An_SamsungS20_0.02ppm_3_3_NO2-_10.8768661_106.6781983.jpg","NO2","0.02","SamsungS20","2025-08-29 14:36:12","train"
"NO2/SamsungS20/round3/HvMLY_ngochanpham274@gmail.com_2025-08-29 14_39_09_An_SamsungS20_0.04ppm_3_4_NO2-_10.8768661_106.6781983.jpg","NO2","0.04","SamsungS20","2025-08-29 14:39:09","train"
"NO2/SamsungS20/round3/IN9Xk_ngochanpham274@gmail.com_2025-08-29 14_50_52_An_SamsungS20_0.1ppm_3_4_NO2-_10.8768765_106.6781989.jpg","NO2","0.1","SamsungS20","2025-08-29 14:50:52","train"
"NO2/SamsungS20/round3/InT7V_ngochanpham274@gmail.com_2025-08-29 15_11_03_An_SamsungS20_4ppm_3_3_NO2-_10.8768763_106.6782044.jpg","NO2","4.0","SamsungS20","2025-08-29 15:11:03","train"
"NO2/SamsungS20/round3/ioMti_ngochanpham274@gmail.com_2025-08-29 14_48_04_An_SamsungS20_0.08ppm_3_4_NO2-_10.8768765_106.6781989.jpg","NO2","0.08","SamsungS20","2025-08-29 14:48:04","train"
"NO2/SamsungS20/round3/IvV6L_ngochanpham274@gmail.com_2025-08-29 14_38_52_An_SamsungS20_0.04ppm_3_3_NO2-_10.8768661_106.6781983.jpg","NO2","0.04","SamsungS20","2025-08-29 14:38:52","train"
"NO2/SamsungS20/round3/JSc6G_ngochanpham274@gmail.com_2025-08-29 15_07_24_An_SamsungS20_2ppm_3_1_NO2-_10.8768763_106.6782044.jpg","NO2","2.0","SamsungS20","2025-08-29 15:07:24","train"
"NO2/SamsungS20/round3/JzRB8_ngochanpham274@gmail.com_2025-08-29 14_49_17_An_SamsungS20_0.1ppm_3_1_NO2-_10.8768765_106.6781989.jpg","NO2","0.1","SamsungS20","2025-08-29 14:49:17","train"
"NO2/SamsungS20/round3/KaZtB_ngochanpham274@gmail.com_2025-08-29 14_45_11_An_SamsungS20_0.06ppm_3_2_NO2-_10.8768765_106.6781989.jpg","NO2","0.06","SamsungS20","2025-08-29 14:45:11","train"
"NO2/SamsungS20/round3/LXEKH_ngochanpham274@gmail.com_2025-08-29 14_41_54_An_SamsungS20_0.05ppm_3_3_NO2-_10.8768765_106.6781989.jpg","NO2","0.05","SamsungS20","2025-08-29 14:41:54","train"
"NO2/SamsungS20/round3/mI2dh_ngochanpham274@gmail.com_2025-08-29 14_35_53_An_SamsungS20_0.02ppm_3_2_NO2-_10.8768661_106.6781983.jpg","NO2","0.02","SamsungS20","2025-08-29 14:35:53","train"
"NO2/SamsungS20/round3/mktMe_ngochanpham274@gmail.com_2025-08-29 14_37_06_An_SamsungS20_0.02ppm_3_5_NO2-_10.8768661_106.6781983.jpg","NO2","0.02","SamsungS20","2025-08-29 14:37:06","train"
"NO2/SamsungS20/round3/MoZJA_ngochanpham274@gmail.com_2025-08-29 14_47_47_An_SamsungS20_0.08ppm_3_3_NO2-_10.8768765_106.6781989.jpg","NO2","0.08","SamsungS20","2025-08-29 14:47:47","train"
"NO2/SamsungS20/round3/n6Z2H_ngochanpham274@gmail.com_2025-08-29 14_33_16_An_SamsungS20_0.01ppm_3_2_NO2-_10.8768661_106.6781983.jpg","NO2","0.01","SamsungS20","2025-08-29 14:33:16","train"
"NO2/SamsungS20/round3/NCfdh_ngochanpham274@gmail.com_2025-08-29 14_45_28_An_SamsungS20_0.06ppm_3_3_NO2-_10.8768765_106.6781989.jpg","NO2","0.06","SamsungS20","2025-08-29 14:45:28","train"
"NO2/SamsungS20/round3/oR2Qb_ngochanpham274@gmail.com_2025-08-29 14_36_30_An_SamsungS20_0.02ppm_3_4_NO2-_10.8768661_106.6781983.jpg","NO2","0.02","SamsungS20","2025-08-29 14:36:30","train"
"NO2/SamsungS20/round3/Oy13b_ngochanpham274@gmail.com_2025-08-29 14_51_08_An_SamsungS20_0.1ppm_3_5_NO2-_10.8768765_106.6781989.jpg","NO2","0.1","SamsungS20","2025-08-29 14:51:08","train"
"NO2/SamsungS20/round3/ozthN_ngochanpham274@gmail.com_2025-08-29 14_50_17_An_SamsungS20_0.1ppm_3_2_NO2-_10.8768765_106.6781989.jpg","NO2","0.1","SamsungS20","2025-08-29 14:50:17","train"
"NO2/SamsungS20/round3/Pky5v_ngochanpham274@gmail.com_2025-08-29 14_38_34_An_SamsungS20_0.04ppm_3_2_NO2-_10.8768661_106.6781983.jpg","NO2","0.04","SamsungS20","2025-08-29 14:38:34","train"
"NO2/SamsungS20/round3/q9zYz_ngochanpham274@gmail.com_2025-08-29 15_08_08_An_SamsungS20_2ppm_3_2_NO2-_10.8768763_106.6782044.jpg","NO2","2.0","SamsungS20","2025-08-29 15:08:08","train"
"NO2/SamsungS20/round3/qPzkZ_ngochanpham274@gmail.com_2025-08-29 14_45_45_An_SamsungS20_0.06ppm_3_4_NO2-_10.8768765_106.6781989.jpg","NO2","0.06","SamsungS20","2025-08-29 14:45:45","train"
"NO2/SamsungS20/round3/QTbGN_ngochanpham274@gmail.com_2025-08-29 15_10_02_An_SamsungS20_4ppm_3_1_NO2-_10.8768763_106.6782044.jpg","NO2","4.0","SamsungS20","2025-08-29 15:10:02","train"
"NO2/SamsungS20/round3/QwNnr_ngochanpham274@gmail.com_2025-08-29 15_06_18_An_SamsungS20_1ppm_3_4_NO2-_10.8768763_106.6782044.jpg","NO2","1.0","SamsungS20","2025-08-29 15:06:18","train"
"NO2/SamsungS20/round3/QymZl_ngochanpham274@gmail.com_2025-08-29 15_08_26_An_SamsungS20_2ppm_3_3_NO2-_10.8768763_106.6782044.jpg","NO2","2.0","SamsungS20","2025-08-29 15:08:26","train"
"NO2/SamsungS20/round3/R320M_ngochanpham274@gmail.com_2025-08-29 15_03_33_An_SamsungS20_0.6ppm_3_3_NO2-_10.8768763_106.6782044.jpg","NO2","0.6","SamsungS20","2025-08-29 15:03:33","train"
"NO2/SamsungS20/round3/rN2yv_ngochanpham274@gmail.com_2025-08-29 14_59_57_An_SamsungS20_0.5ppm_3_1_NO2_10.8768763_106.6782044.jpg","NO2","0.5","SamsungS20","2025-08-29 14:59:57","train"
"NO2/SamsungS20/round3/rXvWM_ngochanpham274@gmail.com_2025-08-29 15_03_49_An_SamsungS20_0.6ppm_3_4_NO2-_10.8768763_106.6782044.jpg","NO2","0.6","SamsungS20","2025-08-29 15:03:49","train"
"NO2/SamsungS20/round3/sCtO0_ngochanpham274@gmail.com_2025-08-29 14_52_00_An_SamsungS20_0.2ppm_3_1_NO2-_10.8768765_106.6781989.jpg","NO2","0.2","SamsungS20","2025-08-29 14:52:00","train"
"NO2/SamsungS20/round3/sfijD_ngochanpham274@gmail.com_2025-08-29 14_44_20_An_SamsungS20_0.06ppm_3_1_NO2-_10.8768765_106.6781989.jpg","NO2","0.06","SamsungS20","2025-08-29 14:44:20","train"
"NO2/SamsungS20/round3/szlTM_ngochanpham274@gmail.com_2025-08-29 14_57_01_An_SamsungS20_0.4ppm_3_4_NO2-_10.8768765_106.6781989.jpg","NO2","0.4","SamsungS20","2025-08-29 14:57:01","train"
"NO2/SamsungS20/round3/TDJ45_ngochanpham274@gmail.com_2025-08-29 14_50_34_An_SamsungS20_0.1ppm_3_3_NO2-_10.8768765_106.6781989.jpg","NO2","0.1","SamsungS20","2025-08-29 14:50:34","train"
"NO2/SamsungS20/round3/tFHSm_ngochanpham274@gmail.com_2025-08-29 15_05_43_An_SamsungS20_1ppm_3_2_NO2-_10.8768763_106.6782044.jpg","NO2","1.0","SamsungS20","2025-08-29 15:05:43","train"
"NO2/SamsungS20/round3/Trp6M_ngochanpham274@gmail.com_2025-08-29 15_02_46_An_SamsungS20_0.6ppm_3_2_NO2-_10.8768763_106.6782044.jpg","NO2","0.6","SamsungS20","2025-08-29 15:02:46","train"
"NO2/SamsungS20/round3/v45HI_ngochanpham274@gmail.com_2025-08-29 14_56_12_An_SamsungS20_0.4ppm_3_2_NO2-_10.8768765_106.6781989.jpg","NO2","0.4","SamsungS20","2025-08-29 14:56:12","train"
"NO2/SamsungS20/round3/Viws4_ngochanpham274@gmail.com_2025-08-29 14_42_31_An_SamsungS20_0.05ppm_3_5_NO2-_10.8768765_106.6781989.jpg","NO2","0.05","SamsungS20","2025-08-29 14:42:31","train"
"NO2/SamsungS20/round3/VJdYp_ngochanpham274@gmail.com_2025-08-29 14_46_02_An_SamsungS20_0.06ppm_3_5_NO2-_10.8768765_106.6781989.jpg","NO2","0.06","SamsungS20","2025-08-29 14:46:02","train"
"NO2/SamsungS20/round3/vlqN6_ngochanpham274@gmail.com_2025-08-29 14_39_28_An_SamsungS20_0.04ppm_3_5_NO2-_10.8768661_106.6781983.jpg","NO2","0.04","SamsungS20","2025-08-29 14:39:28","train"
"NO2/SamsungS20/round3/VuvOK_ngochanpham274@gmail.com_2025-08-29 14_58_56_An_SamsungS20_0.4ppm_3_5_NO2_10.8768763_106.6782044.jpg","NO2","0.4","SamsungS20","2025-08-29 14:58:56","train"
"NO2/SamsungS20/round3/WdsCK_ngochanpham274@gmail.com_2025-08-29 14_33_50_An_SamsungS20_0.01ppm_3_4_NO2-_10.8768661_106.6781983.jpg","NO2","0.01","SamsungS20","2025-08-29 14:33:50","train"
"NO2/SamsungS20/round3/Wjm1v_ngochanpham274@gmail.com_2025-08-29 15_11_21_An_SamsungS20_4ppm_3_4_NO2-_10.8768763_106.6782044.jpg","NO2","4.0","SamsungS20","2025-08-29 15:11:21","train"
"NO2/SamsungS20/round3/WZRQi_ngochanpham274@gmail.com_2025-08-29 15_02_29_An_SamsungS20_0.6ppm_3_1_NO2-_10.8768763_106.6782044.jpg","NO2","0.6","SamsungS20","2025-08-29 15:02:29","train"
"NO2/SamsungS20/round3/Xb15W_ngochanpham274@gmail.com_2025-08-29 15_06_00_An_SamsungS20_1ppm_3_3_NO2-_10.8768763_106.6782044.jpg","NO2","1.0","SamsungS20","2025-08-29 15:06:00","train"
"NO2/SamsungS20/round3/xm7IW_ngochanpham274@gmail.com_2025-08-29 15_10_46_An_SamsungS20_4ppm_3_2_NO2-_10.8768763_106.6782044.jpg","NO2","4.0","SamsungS20","2025-08-29 15:10:46","train"
"NO2/SamsungS20/round3/yA0re_ngochanpham274@gmail.com_2025-08-29 14_53_29_An_SamsungS20_0.2ppm_3_5_NO2-_10.8768765_106.6781989.jpg","NO2","0.2","SamsungS20","2025-08-29 14:53:29","train"
"NO2/SamsungS20/round3/yctoU_ngochanpham274@gmail.com_2025-08-29 14_55_20_An_SamsungS20_0.4ppm_3_1_NO2-_10.8768765_106.6781989.jpg","NO2","0.4","SamsungS20","2025-08-29 14:55:20","train"
"NO2/SamsungS20/round3/yGes0_ngochanpham274@gmail.com_2025-08-29 14_42_13_An_SamsungS20_0.05ppm_3_4_NO2-_10.8768765_106.6781989.jpg","NO2","0.05","SamsungS20","2025-08-29 14:42:13","train"
"NO2/SamsungS20/round3/zagcg_ngochanpham274@gmail.com_2025-08-29 15_06_35_An_SamsungS20_1ppm_3_5_NO2-_10.8768763_106.6782044.jpg","NO2","1.0","SamsungS20","2025-08-29 15:06:35","train"
"NO2/SamsungS22/round1/1ngRo_ngochanpham274@gmail.com_2025-08-07 16_07_35_An_SamsungS22_0.05ppm_1_5_NO2-_10.8768091_106.6782277.jpg","NO2","0.05","SamsungS22","2025-08-07 16:07:35","train"
"NO2/SamsungS22/round1/2C6jN_ngochanpham274@gmail.com_2025-08-07 16_33_38_An_SamsungS22_0.6ppm_1_1_NO2-_10.8768593_106.6781914.jpg","NO2","0.6","SamsungS22","2025-08-07 16:33:38","train"
"NO2/SamsungS22/round1/2kAfP_ngochanpham274@gmail.com_2025-08-07 15_55_06_An_SamsungS22_0.01ppm_1_3_NO2-_10.8768091_106.6782277.jpg","NO2","0.01","SamsungS22","2025-08-07 15:55:06","train"
"NO2/SamsungS22/round1/2s1GI_ngochanpham274@gmail.com_2025-08-07 16_15_56_An_SamsungS22_0.1ppm_1_1_NO2-_10.8768811_106.6782127.jpg","NO2","0.1","SamsungS22","2025-08-07 16:15:56","train"
"NO2/SamsungS22/round1/4nDCd_ngochanpham274@gmail.com_2025-08-07 16_00_58_An_SamsungS22_0.04ppm_1_1_NO2-_10.8768091_106.6782277.jpg","NO2","0.04","SamsungS22","2025-08-07 16:00:58","train"
"NO2/SamsungS22/round1/5Vx6C_ngochanpham274@gmail.com_2025-08-07 16_50_01_An_SamsungS22_4ppm_1_3_NO2-_10.8768593_106.6781914.jpg","NO2","4.0","SamsungS22","2025-08-07 16:50:01","train"
"NO2/SamsungS22/round1/6FeTs_ngochanpham274@gmail.com_2025-08-07 16_31_21_An_SamsungS22_0.5ppm_1_3_NO2-_10.8768593_106.6781914.jpg","NO2","0.5","SamsungS22","2025-08-07 16:31:21","train"
"NO2/SamsungS22/round1/80Qgm_ngochanpham274@gmail.com_2025-08-07 16_17_45_An_SamsungS22_0.1ppm_1_2_NO2-_10.8768811_106.6782127.jpg","NO2","0.1","SamsungS22","2025-08-07 16:17:45","train"
"NO2/SamsungS22/round1/9acfr_ngochanpham274@gmail.com_2025-08-07 16_40_58_An_SamsungS22_0.8ppm_1_5_NO2-_10.8768593_106.6781914.jpg","NO2","0.8","SamsungS22","2025-08-07 16:40:58","train"
"NO2/SamsungS22/round1/ARR6M_ngochanpham274@gmail.com_2025-08-07 16_13_52_An_SamsungS22_0.08ppm_1_3_NO2-_10.8768811_106.6782127.jpg","NO2","0.08","SamsungS22","2025-08-07 16:13:52","train"
"NO2/SamsungS22/round1/BdIKv_ngochanpham274@gmail.com_2025-08-07 16_18_15_An_SamsungS22_0.1ppm_1_4_NO2-_10.8768811_106.6782127.jpg","NO2","0.1","SamsungS22","2025-08-07 16:18:15","train"
"NO2/SamsungS22/round1/c8FLz_ngochanpham274@gmail.com_2025-08-07 16_29_08_An_SamsungS22_0.4ppm_1_5_NO2-_10.8768593_106.6781914.jpg","NO2","0.4","SamsungS22","2025-08-07 16:29:08","train"
"NO2/SamsungS22/round1/EBXAm_ngochanpham274@gmail.com_2025-08-07 16_43_11_An_SamsungS22_1ppm_1_3_NO2-_10.8768593_106.6781914.jpg","NO2","1.0","SamsungS22","2025-08-07 16:43:11","train"
"NO2/SamsungS22/round1/eFxqp_ngochanpham274@gmail.com_2025-08-07 16_09_18_An_SamsungS22_0.06ppm_1_2_NO2-_10.8768091_106.6782277.jpg","NO2","0.06","SamsungS22","2025-08-07 16:09:18","train"
"NO2/SamsungS22/round1/em1pm_ngochanpham274@gmail.com_2025-08-07 16_06_44_An_SamsungS22_0.05ppm_1_3_NO2-_10.8768091_106.6782277.jpg","NO2","1.0","SamsungS22","2025-08-07 16:06:44","train"
"NO2/SamsungS22/round1/ewO63_ngochanpham274@gmail.com_2025-08-07 16_42_39_An_SamsungS22_1ppm_1_2_NO2-_10.8768593_106.6781914.jpg","NO2","1.0","SamsungS22","2025-08-07 16:42:39","train"
"NO2/SamsungS22/round1/fC16G_ngochanpham274@gmail.com_2025-08-07 16_49_34_An_SamsungS22_4ppm_1_2_NO2-_10.8768593_106.6781914.jpg","NO2","4.0","SamsungS22","2025-08-07 16:49:34","train"
"NO2/SamsungS22/round1/fNYHQ_ngochanpham274@gmail.com_2025-08-07 16_21_31_An_SamsungS22_0.2ppm_1_2_NO2-_10.8768811_106.6782127.jpg","NO2","0.2","SamsungS22","2025-08-07 16:21:31","train"
"NO2/SamsungS22/round1/Fpmo2_ngochanpham274@gmail.com_2025-08-07 16_47_23_An_SamsungS22_2ppm_1_4_NO2-_10.8768593_106.6781914.jpg","NO2","2.0","SamsungS22","2025-08-07 16:47:23","train"
"NO2/SamsungS22/round1/fwv4B_ngochanpham274@gmail.com_2025-08-07 16_08_50_An_SamsungS22_0.06ppm_1_1_NO2-_10.8768091_106.6782277.jpg","NO2","0.06","SamsungS22","2025-08-07 16:08:50","train"
"NO2/SamsungS22/round1/gKvhH_ngochanpham274@gmail.com_2025-08-07 16_05_39_An_SamsungS22_0.05ppm_1_1_NO2-_10.8768091_106.6782277.jpg","NO2","0.05","SamsungS22","2025-08-07 16:05:39","train"
"NO2/SamsungS22/round1/GRyxF_ngochanpham274@gmail.com_2025-08-07 15_59_15_An_SamsungS22_0.02ppm_1_4_NO2-_10.8768091_106.6782277.jpg","NO2","0.02","SamsungS22","2025-08-07 15:59:15","train"
"NO2/SamsungS22/round1/gwF1K_ngochanpham274@gmail.com_2025-08-07 16_22_49_An_SamsungS22_0.2ppm_1_3_NO2-_10.8768811_106.6782127.jpg","NO2","0.2","SamsungS22","2025-08-07 16:22:49","train"
"NO2/SamsungS22/round1/h9onX_ngochanpham274@gmail.com_2025-08-07 16_11_18_An_SamsungS22_0.06ppm_1_5_NO2-_10.8768811_106.6782127.jpg","NO2","0.06","SamsungS22","2025-08-07 16:11:18","train"
"NO2/SamsungS22/round1/Hb6kO_ngochanpham274@gmail.com_2025-08-07 16_45_13_An_SamsungS22_2ppm_1_1_NO2-_10.8768593_106.6781914.jpg","NO2","2.0","SamsungS22","2025-08-07 16:45:13","train"
"NO2/SamsungS22/round1/HioQl_ngochanpham274@gmail.com_2025-08-07 16_34_27_An_SamsungS22_0.6ppm_1_3_NO2-_10.8768593_106.6781914.jpg","NO2","0.6","SamsungS22","2025-08-07 16:34:27","train"
"NO2/SamsungS22/round1/hO0Pz_ngochanpham274@gmail.com_2025-08-07 15_53_41_An_SamsungS22_0.01ppm_1_2_NO2-_10.8768091_106.6782277.jpg","NO2","0.01","SamsungS22","2025-08-07 15:53:41","train"
"NO2/SamsungS22/round1/i77VJ_ngochanpham274@gmail.com_2025-08-07 16_14_54_An_SamsungS22_0.08ppm_1_5_NO2-_10.8768811_106.6782127.jpg","NO2","0.08","SamsungS22","2025-08-07 16:14:54","train"
"NO2/SamsungS22/round1/iNbIl_ngochanpham274@gmail.com_2025-08-07 16_34_50_An_SamsungS22_0.6ppm_1_4_NO2-_10.8768593_106.6781914.jpg","NO2","0.6","SamsungS22","2025-08-07 16:34:50","train"
"NO2/SamsungS22/round1/ISDUK_ngochanpham274@gmail.com_2025-08-07 16_50_26_An_SamsungS22_4ppm_1_4_NO2-_10.8768593_106.6781914.jpg","NO2","4.0","SamsungS22","2025-08-07 16:50:26","train"
"NO2/SamsungS22/round1/jMmzI_ngochanpham274@gmail.com_2025-08-07 16_32_26_An_SamsungS22_0.5ppm_1_5_NO2-_10.8768593_106.6781914.jpg","NO2","0.5","SamsungS22","2025-08-07 16:32:26","train"
"NO2/SamsungS22/round1/jvPt0_ngochanpham274@gmail.com_2025-08-07 15_55_41_An_SamsungS22_0.01ppm_1_4_NO2-_10.8768091_106.6782277.jpg","NO2","0.01","SamsungS22","2025-08-07 15:55:41","train"
"NO2/SamsungS22/round1/jvVjl_ngochanpham274@gmail.com_2025-08-07 16_31_58_An_SamsungS22_0.5ppm_1_4_NO2-_10.8768593_106.6781914.jpg","NO2","0.5","SamsungS22","2025-08-07 16:31:58","train"
"NO2/SamsungS22/round1/JXNva_ngochanpham274@gmail.com_2025-08-07 16_42_10_An_SamsungS22_1ppm_1_1_NO2-_10.8768593_106.6781914.jpg","NO2","1.0","SamsungS22","2025-08-07 16:42:10","train"
"NO2/SamsungS22/round1/Jzk03_ngochanpham274@gmail.com_2025-08-07 16_12_27_An_SamsungS22_0.08ppm_1_1_NO2-_10.8768811_106.6782127.jpg","NO2","0.08","SamsungS22","2025-08-07 16:12:27","train"
"NO2/SamsungS22/round1/kcGNR_ngochanpham274@gmail.com_2025-08-07 16_51_09_An_SamsungS22_4ppm_1_5_NO2-_10.8768593_106.6781914.jpg","NO2","4.0","SamsungS22","2025-08-07 16:51:09","train"
"NO2/SamsungS22/round1/kJjZ0_ngochanpham274@gmail.com_2025-08-07 16_03_29_An_SamsungS22_0.04ppm_1_4_NO2-_10.8768091_106.6782277.jpg","NO2","0.04","SamsungS22","2025-08-07 16:03:29","train"
"NO2/SamsungS22/round1/kZFpB_ngochanpham274@gmail.com_2025-08-07 16_40_27_An_SamsungS22_0.8ppm_1_4_NO2-_10.8768593_106.6781914.jpg","NO2","0.8","SamsungS22","2025-08-07 16:40:27","train"
"NO2/SamsungS22/round1/LcmZm_ngochanpham274@gmail.com_2025-08-07 16_13_03_An_SamsungS22_0.08ppm_1_2_NO2-_10.8768811_106.6782127.jpg","NO2","0.08","SamsungS22","2025-08-07 16:13:03","train"
"NO2/SamsungS22/round1/LI3b4_ngochanpham274@gmail.com_2025-08-07 16_01_51_An_SamsungS22_0.04ppm_1_3_NO2-_10.8768091_106.6782277.jpg","NO2","0.04","SamsungS22","2025-08-07 16:01:51","train"
"NO2/SamsungS22/round1/LMz5A_ngochanpham274@gmail.com_2025-08-07 16_30_29_An_SamsungS22_0.5ppm_1_1_NO2-_10.8768593_106.6781914.jpg","NO2","0.5","SamsungS22","2025-08-07 16:30:29","train"
"NO2/SamsungS22/round1/melUB_ngochanpham274@gmail.com_2025-08-07 16_37_13_An_SamsungS22_0.8ppm_1_2_NO2-_10.8768593_106.6781914.jpg","NO2","0.8","SamsungS22","2025-08-07 16:37:13","train"
"NO2/SamsungS22/round1/MTqUr_ngochanpham274@gmail.com_2025-08-07 16_26_47_An_SamsungS22_0.4ppm_1_2_NO2-_10.8768811_106.6782127.jpg","NO2","0.4","SamsungS22","2025-08-07 16:26:47","train"
"NO2/SamsungS22/round1/n5eF4_ngochanpham274@gmail.com_2025-08-07 16_28_43_An_SamsungS22_0.4ppm_1_4_NO2-_10.8768593_106.6781914.jpg","NO2","0.4","SamsungS22","2025-08-07 16:28:43","train"
"NO2/SamsungS22/round1/Nf8BI_ngochanpham274@gmail.com_2025-08-07 15_56_04_An_SamsungS22_0.01ppm_1_5_NO2-_10.8768091_106.6782277.jpg","NO2","0.01","SamsungS22","2025-08-07 15:56:04","train"
"NO2/SamsungS22/round1/nhXAT_ngochanpham274@gmail.com_2025-08-07 16_43_37_An_SamsungS22_1ppm_1_4_NO2-_10.8768593_106.6781914.jpg","NO2","1.0","SamsungS22","2025-08-07 16:43:37","train"
"NO2/SamsungS22/round1/OscrK_ngochanpham274@gmail.com_2025-08-07 15_53_13_An_SamsungS22_0.01ppm_1_1_NO2-_10.8768091_106.6782277.jpg","NO2","0.01","SamsungS22","2025-08-07 15:53:13","train"
"NO2/SamsungS22/round1/pB1Vc_ngochanpham274@gmail.com_2025-08-07 16_20_54_An_SamsungS22_0.2ppm_1_1_NO2-_10.8768811_106.6782127.jpg","NO2","0.2","SamsungS22","2025-08-07 16:20:54","train"
"NO2/SamsungS22/round1/pOdlc_ngochanpham274@gmail.com_2025-08-07 15_58_29_An_SamsungS22_0.02ppm_1_3_NO2-_10.8768091_106.6782277.jpg","NO2","0.02","SamsungS22","2025-08-07 15:58:29","train"
"NO2/SamsungS22/round1/pQscP_ngochanpham274@gmail.com_2025-08-07 16_30_53_An_SamsungS22_0.5ppm_1_2_NO2-_10.8768593_106.6781914.jpg","NO2","0.5","SamsungS22","2025-08-07 16:30:53","train"
"NO2/SamsungS22/round1/QO8QG_ngochanpham274@gmail.com_2025-08-07 16_07_09_An_SamsungS22_0.05ppm_1_4_NO2-_10.8768091_106.6782277.jpg","NO2","0.05","SamsungS22","2025-08-07 16:07:09","train"
"NO2/SamsungS22/round1/qRKFs_ngochanpham274@gmail.com_2025-08-07 16_23_22_An_SamsungS22_0.2ppm_1_4_NO2-_10.8768811_106.6782127.jpg","NO2","0.2","SamsungS22","2025-08-07 16:23:22","train"
"NO2/SamsungS22/round1/qVQji_ngochanpham274@gmail.com_2025-08-07 16_10_32_An_SamsungS22_0.06ppm_1_4_NO2-_10.8768811_106.6782127.jpg","NO2","0.06","SamsungS22","2025-08-07 16:10:32","train"
"NO2/SamsungS22/round1/S48Ga_ngochanpham274@gmail.com_2025-08-07 15_59_44_An_SamsungS22_0.02ppm_1_5_NO2-_10.8768091_106.6782277.jpg","NO2","0.02","SamsungS22","2025-08-07 15:59:44","train"
"NO2/SamsungS22/round1/sDPMe_ngochanpham274@gmail.com_2025-08-07 16_34_01_An_SamsungS22_0.6ppm_1_2_NO2-_10.8768593_106.6781914.jpg","NO2","0.6","SamsungS22","2025-08-07 16:34:01","train"
"NO2/SamsungS22/round1/Sfluh_ngochanpham274@gmail.com_2025-08-07 16_46_50_An_SamsungS22_2ppm_1_3_NO2-_10.8768593_106.6781914.jpg","NO2","2.0","SamsungS22","2025-08-07 16:46:50","train"
"NO2/SamsungS22/round1/sJNwp_ngochanpham274@gmail.com_2025-08-07 16_35_37_An_SamsungS22_0.6ppm_1_5_NO2-_10.8768593_106.6781914.jpg","NO2","0.6","SamsungS22","2025-08-07 16:35:37","train"
"NO2/SamsungS22/round1/SNbUP_ngochanpham274@gmail.com_2025-08-07 16_01_25_An_SamsungS22_0.04ppm_1_2_NO2-_10.8768091_106.6782277.jpg","NO2","0.04","SamsungS22","2025-08-07 16:01:25","train"
"NO2/SamsungS22/round1/spZRI_ngochanpham274@gmail.com_2025-08-07 16_24_13_An_SamsungS22_0.2ppm_1_5_NO2-_10.8768811_106.6782127.jpg","NO2","0.2","SamsungS22","2025-08-07 16:24:13","train"
"NO2/SamsungS22/round1/sWPfc_ngochanpham274@gmail.com_2025-08-07 16_06_07_An_SamsungS22_0.05ppm_1_2_NO2-_10.8768091_106.6782277.jpg","NO2","0.05","SamsungS22","2025-08-07 16:06:07","train"
"NO2/SamsungS22/round1/ThXTS_ngochanpham274@gmail.com_2025-08-07 16_03_52_An_SamsungS22_0.04ppm_1_5_NO2-_10.8768091_106.6782277.jpg","NO2","0.04","SamsungS22","2025-08-07 16:03:52","train"
"NO2/SamsungS22/round1/U45f5_ngochanpham274@gmail.com_2025-08-07 15_56_55_An_SamsungS22_0.02ppm_1_1_NO2-_10.8768091_106.6782277.jpg","NO2","0.02","SamsungS22","2025-08-07 15:56:55","train"
"NO2/SamsungS22/round1/VyucD_ngochanpham274@gmail.com_2025-08-07 16_09_54_An_SamsungS22_0.06ppm_1_3_NO2-_10.8768811_106.6782127.jpg","NO2","0.06","SamsungS22","2025-08-07 16:09:54","train"
"NO2/SamsungS22/round1/w8Hdh_ngochanpham274@gmail.com_2025-08-07 16_18_42_An_SamsungS22_0.1ppm_1_5_NO2-_10.8768811_106.6782127.jpg","NO2","0.1","SamsungS22","2025-08-07 16:18:42","train"
"NO2/SamsungS22/round1/wl42D_ngochanpham274@gmail.com_2025-08-07 16_17_04_An_SamsungS22_0.1ppm_1_3_NO2-_10.8768811_106.6782127.jpg","NO2","0.1","SamsungS22","2025-08-07 16:17:04","train"
"NO2/SamsungS22/round1/WLkrw_ngochanpham274@gmail.com_2025-08-07 15_58_02_An_SamsungS22_0.02ppm_1_2_NO2-_10.8768091_106.6782277.jpg","NO2","0.02","SamsungS22","2025-08-07 15:58:02","train"
"NO2/SamsungS22/round1/WlMcP_ngochanpham274@gmail.com_2025-08-07 16_37_46_An_SamsungS22_0.8ppm_1_3_NO2-_10.8768593_106.6781914.jpg","NO2","0.8","SamsungS22","2025-08-07 16:37:46","train"
"NO2/SamsungS22/round1/WS157_ngochanpham274@gmail.com_2025-08-07 16_46_23_An_SamsungS22_2ppm_1_2_NO2-_10.8768593_106.6781914.jpg","NO2","2.0","SamsungS22","2025-08-07 16:46:23","train"
"NO2/SamsungS22/round1/XghNL_ngochanpham274@gmail.com_2025-08-07 16_14_30_An_SamsungS22_0.08ppm_1_4_NO2-_10.8768811_106.6782127.jpg","NO2","0.08","SamsungS22","2025-08-07 16:14:30","train"
"NO2/SamsungS22/round1/xhzxe_ngochanpham274@gmail.com_2025-08-07 16_48_49_An_SamsungS22_4ppm_1_1_NO2-_10.8768593_106.6781914.jpg","NO2","4.0","SamsungS22","2025-08-07 16:48:49","train"
"NO2/SamsungS22/round1/xKII8_ngochanpham274@gmail.com_2025-08-07 16_27_15_An_SamsungS22_0.4ppm_1_3_NO2-_10.8768811_106.6782127.jpg","NO2","0.4","SamsungS22","2025-08-07 16:27:15","train"
"NO2/SamsungS22/round1/xOmpl_ngochanpham274@gmail.com_2025-08-07 16_36_45_An_SamsungS22_0.8ppm_1_1_NO2-_10.8768593_106.6781914.jpg","NO2","0.8","SamsungS22","2025-08-07 16:36:45","train"
"NO2/SamsungS22/round1/YHIEE_ngochanpham274@gmail.com_2025-08-07 16_47_50_An_SamsungS22_2ppm_1_5_NO2-_10.8768593_106.6781914.jpg","NO2","2.0","SamsungS22","2025-08-07 16:47:50","train"
"NO2/SamsungS22/round1/YmAf7_ngochanpham274@gmail.com_2025-08-07 16_44_10_An_SamsungS22_1ppm_1_5_NO2-_10.8768593_106.6781914.jpg","NO2","1.0","SamsungS22","2025-08-07 16:44:10","train"
"NO2/SamsungS22/round1/yofPD_ngochanpham274@gmail.com_2025-08-07 16_25_33_An_SamsungS22_0.4ppm_1_1_NO2-_10.8768811_106.6782127.jpg","NO2","0.4","SamsungS22","2025-08-07 16:25:33","train"
"NO2/Xiaomi8lite/round1/1Vjgp_ngochanpham274@gmail.com_2025-08-05 15_02_24_An_Xiaomi8lite_0.08ppm_1_4_NO2-_10.8768822_106.6782141.jpg","NO2","0.08","Xiaomi8lite","2025-08-05 15:02:24","train"
"NO2/Xiaomi8lite/round1/3JhpN_ngochanpham274@gmail.com_2025-08-05 14_50_53_An_Xiaomi8lite_0.02ppm_1_5_NO2-_10.8768822_106.6782141.jpg","NO2","0.02","Xiaomi8lite","2025-08-05 14:50:53","train"
"NO2/Xiaomi8lite/round1/4IY9p_ngochanpham274@gmail.com_2025-08-05 15_17_16_An_Xiaomi8lite_0.6ppm_1_1_NO2-_10.8768822_106.6782141.jpg","NO2","0.6","Xiaomi8lite","2025-08-05 15:17:16","train"
"NO2/Xiaomi8lite/round1/84XH3_ngochanpham274@gmail.com_2025-08-05 15_14_52_An_Xiaomi8lite_0.5ppm_1_2_NO2-_10.8768822_106.6782141.jpg","NO2","0.5","Xiaomi8lite","2025-08-05 15:14:52","train"
"NO2/Xiaomi8lite/round1/8aas0_ngochanpham274@gmail.com_2025-08-05 15_13_08_An_Xiaomi8lite_0.4ppm_1_5_NO2-_10.8768822_106.6782141.jpg","NO2","0.4","Xiaomi8lite","2025-08-05 15:13:08","train"
"NO2/Xiaomi8lite/round1/a8Qgn_ngochanpham274@gmail.com_2025-08-05 15_23_46_An_Xiaomi8lite_0.8ppm_1_5_NO2-_10.8768822_106.6782141.jpg","NO2","0.8","Xiaomi8lite","2025-08-05 15:23:46","train"
"NO2/Xiaomi8lite/round1/AqGSg_ngochanpham274@gmail.com_2025-08-05 15_35_06_An_Xiaomi8lite_2ppm_1_4_NO2-_10.8768539_106.678215.jpg","NO2","2.0","Xiaomi8lite","2025-08-05 15:35:06","train"
"NO2/Xiaomi8lite/round1/aVzWi_ngochanpham274@gmail.com_2025-08-05 15_12_22_An_Xiaomi8lite_0.4ppm_1_3_NO2-_10.8768822_106.6782141.jpg","NO2","0.4","Xiaomi8lite","2025-08-05 15:12:22","train"
"NO2/Xiaomi8lite/round1/AWf7n_ngochanpham274@gmail.com_2025-08-05 14_58_26_An_Xiaomi8lite_0.06ppm_1_1_NO2-_10.8768822_106.6782141.jpg","NO2","0.06","Xiaomi8lite","2025-08-05 14:58:26","train"
"NO2/Xiaomi8lite/round1/BFszy_ngochanpham274@gmail.com_2025-08-05 15_11_56_An_Xiaomi8lite_0.4ppm_1_2_NO2-_10.8768822_106.6782141.jpg","NO2","0.4","Xiaomi8lite","2025-08-05 15:11:56","train"
"NO2/Xiaomi8lite/round1/bi19N_ngochanpham274@gmail.com_2025-08-05 14_59_15_An_Xiaomi8lite_0.06ppm_1_3_NO2-_10.8768822_106.6782141.jpg","NO2","0.06","Xiaomi8lite","2025-08-05 14:59:15","train"
"NO2/Xiaomi8lite/round1/BiEoR_ngochanpham274@gmail.com_2025-08-05 15_34_01_An_Xiaomi8lite_2ppm_1_2_NO2-_10.8768539_106.678215.jpg","NO2","2.0","Xiaomi8lite","2025-08-05 15:34:01","train"
"NO2/Xiaomi8lite/round1/bKfrP_ngochanpham274@gmail.com_2025-08-05 15_38_50_An_Xiaomi8lite_4ppm_1_4_NO2-_10.8768539_106.678215.jpg","NO2","4.0","Xiaomi8lite","2025-08-05 15:38:50","train"
"NO2/Xiaomi8lite/round1/brfTw_ngochanpham274@gmail.com_2025-08-05 14_46_53_An_Xiaomi8lite_0.01ppm_1_4_NO2-_10.876878_106.6782241.jpg","NO2","0.01","Xiaomi8lite","2025-08-05 14:46:53","train"
"NO2/Xiaomi8lite/round1/CajrQ_ngochanpham274@gmail.com_2025-08-05 15_37_27_An_Xiaomi8lite_4ppm_1_1_NO2-_10.8768539_106.678215.jpg","NO2","4.0","Xiaomi8lite","2025-08-05 15:37:27","train"
"NO2/Xiaomi8lite/round1/CCaIS_ngochanpham274@gmail.com_2025-08-05 14_45_12_An_Xiaomi8lite_0.01ppm_1_1_NO2-_10.876878_106.6782241.jpg","NO2","0.01","Xiaomi8lite","2025-08-05 14:45:12","train"
"NO2/Xiaomi8lite/round1/cejPO_ngochanpham274@gmail.com_2025-08-05 15_21_46_An_Xiaomi8lite_0.8ppm_1_2_NO2-_10.8768822_106.6782141.jpg","NO2","0.8","Xiaomi8lite","2025-08-05 15:21:46","train"
"NO2/Xiaomi8lite/round1/CISXb_ngochanpham274@gmail.com_2025-08-05 15_16_01_An_Xiaomi8lite_0.5ppm_1_5_NO2-_10.8768822_106.6782141.jpg","NO2","0.5","Xiaomi8lite","2025-08-05 15:16:01","train"
"NO2/Xiaomi8lite/round1/DEj1s_ngochanpham274@gmail.com_2025-08-05 15_34_29_An_Xiaomi8lite_2ppm_1_3_NO2-_10.8768539_106.678215.jpg","NO2","2.0","Xiaomi8lite","2025-08-05 15:34:29","train"
"NO2/Xiaomi8lite/round1/DiUbY_ngochanpham274@gmail.com_2025-08-05 14_55_38_An_Xiaomi8lite_0.05ppm_1_2_NO2-_10.8768822_106.6782141.jpg","NO2","0.05","Xiaomi8lite","2025-08-05 14:55:38","train"
"NO2/Xiaomi8lite/round1/DRrNB_ngochanpham274@gmail.com_2025-08-05 15_00_14_An_Xiaomi8lite_0.06ppm_1_5_NO2-_10.8768822_106.6782141.jpg","NO2","0.06","Xiaomi8lite","2025-08-05 15:00:14","train"
"NO2/Xiaomi8lite/round1/e9qmr_ngochanpham274@gmail.com_2025-08-05 15_29_49_An_Xiaomi8lite_1ppm_1_2_NO2-_10.8768539_106.678215.jpg","NO2","1.0","Xiaomi8lite","2025-08-05 15:29:49","train"
"NO2/Xiaomi8lite/round1/flgPc_ngochanpham274@gmail.com_2025-08-05 14_53_53_An_Xiaomi8lite_0.04ppm_1_5_NO2-_10.8768822_106.6782141.jpg","NO2","0.04","Xiaomi8lite","2025-08-05 14:53:53","train"
"NO2/Xiaomi8lite/round1/FNCGu_ngochanpham274@gmail.com_2025-08-05 15_03_53_An_Xiaomi8lite_0.1ppm_1_1_NO2-_10.8768822_106.6782141.jpg","NO2","0.1","Xiaomi8lite","2025-08-05 15:03:53","train"
"NO2/Xiaomi8lite/round1/FstIi_ngochanpham274@gmail.com_2025-08-05 14_56_09_An_Xiaomi8lite_0.05ppm_1_3_NO2-_10.8768822_106.6782141.jpg","NO2","0.05","Xiaomi8lite","2025-08-05 14:56:09","train"
"NO2/Xiaomi8lite/round1/GIsDa_ngochanpham274@gmail.com_2025-08-05 14_52_21_An_Xiaomi8lite_0.04ppm_1_2_NO2-_10.8768822_106.6782141.jpg","NO2","0.04","Xiaomi8lite","2025-08-05 14:52:21","train"
"NO2/Xiaomi8lite/round1/GiYW2_ngochanpham274@gmail.com_2025-08-05 15_06_00_An_Xiaomi8lite_0.1ppm_1_4_NO2-_10.8768822_106.6782141.jpg","NO2","0.1","Xiaomi8lite","2025-08-05 15:06:00","train"
"NO2/Xiaomi8lite/round1/gq2kK_ngochanpham274@gmail.com_2025-08-05 14_46_18_An_Xiaomi8lite_0.01ppm_1_3_NO2-_10.876878_106.6782241.jpg","NO2","0.01","Xiaomi8lite","2025-08-05 14:46:18","train"
"NO2/Xiaomi8lite/round1/gXbZo_ngochanpham274@gmail.com_2025-08-05 15_37_57_An_Xiaomi8lite_4ppm_1_2_NO2-_10.8768539_106.678215.jpg","NO2","4.0","Xiaomi8lite","2025-08-05 15:37:57","train"
"NO2/Xiaomi8lite/round1/hksxM_ngochanpham274@gmail.com_2025-08-05 15_18_58_An_Xiaomi8lite_0.6ppm_1_4_NO2-_10.8768822_106.6782141.jpg","NO2","0.6","Xiaomi8lite","2025-08-05 15:18:58","train"
"NO2/Xiaomi8lite/round1/IDG7s_ngochanpham274@gmail.com_2025-08-05 15_02_45_An_Xiaomi8lite_0.08ppm_1_5_NO2-_10.8768822_106.6782141.jpg","NO2","0.08","Xiaomi8lite","2025-08-05 15:02:45","train"
"NO2/Xiaomi8lite/round1/igVl9_ngochanpham274@gmail.com_2025-08-05 15_31_08_An_Xiaomi8lite_1ppm_1_3_NO2-_10.8768539_106.678215.jpg","NO2","1.0","Xiaomi8lite","2025-08-05 15:31:08","train"
"NO2/Xiaomi8lite/round1/JukB4_ngochanpham274@gmail.com_2025-08-05 15_28_14_An_Xiaomi8lite_1ppm_1_1_NO2-_10.8768539_106.678215.jpg","NO2","1.0","Xiaomi8lite","2025-08-05 15:28:14","train"
"NO2/Xiaomi8lite/round1/Kg58L_ngochanpham274@gmail.com_2025-08-05 14_50_04_An_Xiaomi8lite_0.02ppm_1_3_NO2-_10.8768822_106.6782141.jpg","NO2","0.02","Xiaomi8lite","2025-08-05 14:50:04","train"
"NO2/Xiaomi8lite/round1/KGgjB_ngochanpham274@gmail.com_2025-08-05 15_39_26_An_Xiaomi8lite_4ppm_1_5_NO2-_10.8768539_106.678215.jpg","NO2","4.0","Xiaomi8lite","2025-08-05 15:39:26","train"
"NO2/Xiaomi8lite/round1/LicSA_ngochanpham274@gmail.com_2025-08-05 15_04_49_An_Xiaomi8lite_0.1ppm_1_3_NO2-_10.8768822_106.6782141.jpg","NO2","0.1","Xiaomi8lite","2025-08-05 15:04:49","train"
"NO2/Xiaomi8lite/round1/lPsFn_ngochanpham274@gmail.com_2025-08-05 14_59_45_An_Xiaomi8lite_0.06ppm_1_4_NO2-_10.8768822_106.6782141.jpg","NO2","0.06","Xiaomi8lite","2025-08-05 14:59:45","train"
"NO2/Xiaomi8lite/round1/mGccN_ngochanpham274@gmail.com_2025-08-05 15_01_36_An_Xiaomi8lite_0.08ppm_1_2_NO2-_10.8768822_106.6782141.jpg","NO2","0.08","Xiaomi8lite","2025-08-05 15:01:36","train"
"NO2/Xiaomi8lite/round1/Mjpsx_ngochanpham274@gmail.com_2025-08-05 14_51_55_An_Xiaomi8lite_0.04ppm_1_1_NO2-_10.8768822_106.6782141.jpg","NO2","0.04","Xiaomi8lite","2025-08-05 14:51:55","train"
"NO2/Xiaomi8lite/round1/mRXOY_ngochanpham274@gmail.com_2025-08-05 15_11_32_An_Xiaomi8lite_0.4ppm_1_1_NO2-_10.8768822_106.6782141.jpg","NO2","0.4","Xiaomi8lite","2025-08-05 15:11:32","train"
"NO2/Xiaomi8lite/round1/mzGk9_ngochanpham274@gmail.com_2025-08-05 15_04_19_An_Xiaomi8lite_0.1ppm_1_2_NO2-_10.8768822_106.6782141.jpg","NO2","0.1","Xiaomi8lite","2025-08-05 15:04:19","train"
"NO2/Xiaomi8lite/round1/nG9LA_ngochanpham274@gmail.com_2025-08-05 14_58_52_An_Xiaomi8lite_0.06ppm_1_2_NO2-_10.8768822_106.6782141.jpg","NO2","0.06","Xiaomi8lite","2025-08-05 14:58:52","train"
"NO2/Xiaomi8lite/round1/NOqCh_ngochanpham274@gmail.com_2025-08-05 15_32_00_An_Xiaomi8lite_1ppm_1_5_NO2-_10.8768539_106.678215.jpg","NO2","1.0","Xiaomi8lite","2025-08-05 15:32:00","train"
"NO2/Xiaomi8lite/round1/O3sQT_ngochanpham274@gmail.com_2025-08-05 15_38_21_An_Xiaomi8lite_4ppm_1_3_NO2-_10.8768539_106.678215.jpg","NO2","4.0","Xiaomi8lite","2025-08-05 15:38:21","train"
"NO2/Xiaomi8lite/round1/o43R4_ngochanpham274@gmail.com_2025-08-05 14_48_25_An_Xiaomi8lite_0.02ppm_1_1_NO2-_10.8768822_106.6782141.jpg","NO2","0.02","Xiaomi8lite","2025-08-05 14:48:25","train"
"NO2/Xiaomi8lite/round1/ODmds_ngochanpham274@gmail.com_2025-08-05 15_19_31_An_Xiaomi8lite_0.6ppm_1_5_NO2-_10.8768822_106.6782141.jpg","NO2","0.6","Xiaomi8lite","2025-08-05 15:19:31","train"
"NO2/Xiaomi8lite/round1/ohJqn_ngochanpham274@gmail.com_2025-08-05 15_29_12_An_Xiaomi8lite_1ppm_1_1_NO2-_10.8768539_106.678215.jpg","NO2","1.0","Xiaomi8lite","2025-08-05 15:29:12","train"
"NO2/Xiaomi8lite/round1/QasAT_ngochanpham274@gmail.com_2025-08-05 14_50_29_An_Xiaomi8lite_0.02ppm_1_4_NO2-_10.8768822_106.6782141.jpg","NO2","0.02","Xiaomi8lite","2025-08-05 14:50:29","train"
"NO2/Xiaomi8lite/round1/QngMR_ngochanpham274@gmail.com_2025-08-05 15_18_31_An_Xiaomi8lite_0.6ppm_1_3_NO2-_10.8768822_106.6782141.jpg","NO2","0.6","Xiaomi8lite","2025-08-05 15:18:31","train"
"NO2/Xiaomi8lite/round1/Ro4v2_ngochanpham274@gmail.com_2025-08-05 15_22_55_An_Xiaomi8lite_0.8ppm_1_4_NO2-_10.8768822_106.6782141.jpg","NO2","0.8","Xiaomi8lite","2025-08-05 15:22:55","train"
"NO2/Xiaomi8lite/round1/RytiO_ngochanpham274@gmail.com_2025-08-05 15_02_00_An_Xiaomi8lite_0.08ppm_1_3_NO2-_10.8768822_106.6782141.jpg","NO2","0.08","Xiaomi8lite","2025-08-05 15:02:00","train"
"NO2/Xiaomi8lite/round1/S6llh_ngochanpham274@gmail.com_2025-08-05 15_12_46_An_Xiaomi8lite_0.4ppm_1_4_NO2-_10.8768822_106.6782141.jpg","NO2","0.4","Xiaomi8lite","2025-08-05 15:12:46","train"
"NO2/Xiaomi8lite/round1/SgE4a_ngochanpham274@gmail.com_2025-08-05 15_08_23_An_Xiaomi8lite_0.2ppm_1_1_NO2-_10.8768822_106.6782141.jpg","NO2","0.2","Xiaomi8lite","2025-08-05 15:08:23","train"
"NO2/Xiaomi8lite/round1/STWdu_ngochanpham274@gmail.com_2025-08-05 14_52_47_An_Xiaomi8lite_0.04ppm_1_3_NO2-_10.8768822_106.6782141.jpg","NO2","0.04","Xiaomi8lite","2025-08-05 14:52:47","train"
"NO2/Xiaomi8lite/round1/TlgdT_ngochanpham274@gmail.com_2025-08-05 14_53_28_An_Xiaomi8lite_0.04ppm_1_4_NO2-_10.8768822_106.6782141.jpg","NO2","0.04","Xiaomi8lite","2025-08-05 14:53:28","train"
"NO2/Xiaomi8lite/round1/TsS2U_ngochanpham274@gmail.com_2025-08-05 15_14_17_An_Xiaomi8lite_0.5ppm_1_1_NO2-_10.8768822_106.6782141.jpg","NO2","0.5","Xiaomi8lite","2025-08-05 15:14:17","train"
"NO2/Xiaomi8lite/round1/U1xz1_ngochanpham274@gmail.com_2025-08-05 15_18_06_An_Xiaomi8lite_0.6ppm_1_2_NO2-_10.8768822_106.6782141.jpg","NO2","0.6","Xiaomi8lite","2025-08-05 15:18:06","train"
"NO2/Xiaomi8lite/round1/U5LTA_ngochanpham274@gmail.com_2025-08-05 15_20_46_An_Xiaomi8lite_0.8ppm_1_1_NO2-_10.8768822_106.6782141.jpg","NO2","0.8","Xiaomi8lite","2025-08-05 15:20:46","train"
"NO2/Xiaomi8lite/round1/ujozp_ngochanpham274@gmail.com_2025-08-05 15_09_20_An_Xiaomi8lite_0.2ppm_1_3_NO2-_10.8768822_106.6782141.jpg","NO2","0.2","Xiaomi8lite","2025-08-05 15:09:20","train"
"NO2/Xiaomi8lite/round1/utToZ_ngochanpham274@gmail.com_2025-08-05 15_06_52_An_Xiaomi8lite_0.1ppm_1_5_NO2-_10.8768822_106.6782141.jpg","NO2","0.1","Xiaomi8lite","2025-08-05 15:06:52","train"
"NO2/Xiaomi8lite/round1/UTY24_ngochanpham274@gmail.com_2025-08-05 14_55_13_An_Xiaomi8lite_0.05ppm_1_1_NO2-_10.8768822_106.6782141.jpg","NO2","0.05","Xiaomi8lite","2025-08-05 14:55:13","train"
"NO2/Xiaomi8lite/round1/v3vXy_ngochanpham274@gmail.com_2025-08-05 15_15_12_An_Xiaomi8lite_0.5ppm_1_3_NO2-_10.8768822_106.6782141.jpg","NO2","0.5","Xiaomi8lite","2025-08-05 15:15:12","train"
"NO2/Xiaomi8lite/round1/vcyUP_ngochanpham274@gmail.com_2025-08-05 14_56_48_An_Xiaomi8lite_0.05ppm_1_4_NO2-_10.8768822_106.6782141.jpg","NO2","0.05","Xiaomi8lite","2025-08-05 14:56:48","train"
"NO2/Xiaomi8lite/round1/vrqA0_ngochanpham274@gmail.com_2025-08-05 15_01_13_An_Xiaomi8lite_0.08ppm_1_1_NO2-_10.8768822_106.6782141.jpg","NO2","0.08","Xiaomi8lite","2025-08-05 15:01:13","train"
"NO2/Xiaomi8lite/round1/W6XYO_ngochanpham274@gmail.com_2025-08-05 15_35_32_An_Xiaomi8lite_2ppm_1_5_NO2-_10.8768539_106.678215.jpg","NO2","2.0","Xiaomi8lite","2025-08-05 15:35:32","train"
"NO2/Xiaomi8lite/round1/wRPsy_ngochanpham274@gmail.com_2025-08-05 14_47_21_An_Xiaomi8lite_0.01ppm_1_5_NO2-_10.876878_106.6782241.jpg","NO2","0.01","Xiaomi8lite","2025-08-05 14:47:21","train"
"NO2/Xiaomi8lite/round1/WsITK_ngochanpham274@gmail.com_2025-08-05 15_10_16_An_Xiaomi8lite_0.2ppm_1_5_NO2-_10.8768822_106.6782141.jpg","NO2","0.2","Xiaomi8lite","2025-08-05 15:10:16","train"
"NO2/Xiaomi8lite/round1/WuiC6_ngochanpham274@gmail.com_2025-08-05 15_33_32_An_Xiaomi8lite_2ppm_1_1_NO2-_10.8768539_106.678215.jpg","NO2","2.0","Xiaomi8lite","2025-08-05 15:33:32","train"
"NO2/Xiaomi8lite/round1/X4trQ_ngochanpham274@gmail.com_2025-08-05 14_45_46_An_Xiaomi8lite_0.01ppm_1_2_NO2-_10.876878_106.6782241.jpg","NO2","0.01","Xiaomi8lite","2025-08-05 14:45:46","train"
"NO2/Xiaomi8lite/round1/XKwmd_ngochanpham274@gmail.com_2025-08-05 14_57_12_An_Xiaomi8lite_0.05ppm_1_5_NO2-_10.8768822_106.6782141.jpg","NO2","0.05","Xiaomi8lite","2025-08-05 14:57:12","train"
"NO2/Xiaomi8lite/round1/YGYzz_ngochanpham274@gmail.com_2025-08-05 15_09_54_An_Xiaomi8lite_0.2ppm_1_4_NO2-_10.8768822_106.6782141.jpg","NO2","0.2","Xiaomi8lite","2025-08-05 15:09:54","train"
"NO2/Xiaomi8lite/round1/YO0UN_ngochanpham274@gmail.com_2025-08-05 15_22_16_An_Xiaomi8lite_0.8ppm_1_3_NO2-_10.8768822_106.6782141.jpg","NO2","0.8","Xiaomi8lite","2025-08-05 15:22:16","train"
"NO2/Xiaomi8lite/round1/YOBWq_ngochanpham274@gmail.com_2025-08-05 15_08_55_An_Xiaomi8lite_0.2ppm_1_2_NO2-_10.8768822_106.6782141.jpg","NO2","0.2","Xiaomi8lite","2025-08-05 15:08:55","train"
"NO2/Xiaomi8lite/round1/yUyi5_ngochanpham274@gmail.com_2025-08-05 14_49_34_An_Xiaomi8lite_0.02ppm_1_2_NO2-_10.8768822_106.6782141.jpg","NO2","0.02","Xiaomi8lite","2025-08-05 14:49:34","train"
"NO2/Xiaomi8lite/round1/ZAOt4_ngochanpham274@gmail.com_2025-08-05 15_15_39_An_Xiaomi8lite_0.5ppm_1_4_NO2-_10.8768822_106.6782141.jpg","NO2","0.5","Xiaomi8lite","2025-08-05 15:15:39","train"
"NO2/Xiaomi8lite/round1/ZeioS_ngochanpham274@gmail.com_2025-08-05 15_31_32_An_Xiaomi8lite_1ppm_1_4_NO2-_10.8768539_106.678215.jpg","NO2","1.0","Xiaomi8lite","2025-08-05 15:31:32","train"
"NO2/Xiaomi8lite/round3/58zcy_ngochanpham274@gmail.com_2025-08-06 13_11_30_An_Xiaomi8lite_0.01ppm_3_5_NO2-_10.87699885_106.67839984.jpg","NO2","0.01","Xiaomi8lite","2025-08-06 13:11:30","train"
"NO2/Xiaomi8lite/round3/5cLaz_ngochanpham274@gmail.com_2025-08-06 13_36_11_An_Xiaomi8lite_0.1ppm_3_5_NO2-_10.87699885_106.67839984.jpg","NO2","0.1","Xiaomi8lite","2025-08-06 13:36:11","train"
"NO2/Xiaomi8lite/round3/5dvxT_ngochanpham274@gmail.com_2025-08-06 13_22_02_An_Xiaomi8lite_0.05ppm_3_3_NO2-_10.87699885_106.67839984.jpg","NO2","0.05","Xiaomi8lite","2025-08-06 13:22:02","train"
"NO2/Xiaomi8lite/round3/6ABj9_ngochanpham274@gmail.com_2025-08-06 14_09_39_An_Xiaomi8lite_4ppm_3_2_NO2-_10.8770575_106.6784934.jpg","NO2","4.0","Xiaomi8lite","2025-08-06 14:09:39","train"
"NO2/Xiaomi8lite/round3/6wxC3_ngochanpham274@gmail.com_2025-08-06 13_51_24_An_Xiaomi8lite_0.8ppm_3_3_NO2-_10.87699885_106.67839984.jpg","NO2","0.8","Xiaomi8lite","2025-08-06 13:51:24","train"
"NO2/Xiaomi8lite/round3/735eS_ngochanpham274@gmail.com_2025-08-06 13_17_05_An_Xiaomi8lite_0.04ppm_3_1_NO2-_10.87699885_106.67839984.jpg","NO2","0.04","Xiaomi8lite","2025-08-06 13:17:05","train"
"NO2/Xiaomi8lite/round3/7EM1f_ngochanpham274@gmail.com_2025-08-06 14_10_28_An_Xiaomi8lite_4ppm_3_3_NO2-_10.8770575_106.6784934.jpg","NO2","4.0","Xiaomi8lite","2025-08-06 14:10:28","train"
"NO2/Xiaomi8lite/round3/7zNfD_ngochanpham274@gmail.com_2025-08-06 13_32_46_An_Xiaomi8lite_0.08ppm_3_5_NO2-_10.87699885_106.67839984.jpg","NO2","0.08","Xiaomi8lite","2025-08-06 13:32:46","train"
"NO2/Xiaomi8lite/round3/8K6bH_ngochanpham274@gmail.com_2025-08-06 13_51_03_An_Xiaomi8lite_0.8ppm_3_2_NO2-_10.87699885_106.67839984.jpg","NO2","0.8","Xiaomi8lite","2025-08-06 13:51:03","train"
"NO2/Xiaomi8lite/round3/8SNwr_ngochanpham274@gmail.com_2025-08-06 13_17_50_An_Xiaomi8lite_0.04ppm_3_2_NO2-_10.87699885_106.67839984.jpg","NO2","0.04","Xiaomi8lite","2025-08-06 13:17:50","train"
"NO2/Xiaomi8lite/round3/9o7jU_ngochanpham274@gmail.com_2025-08-06 13_35_02_An_Xiaomi8lite_0.1ppm_3_3_NO2-_10.87699885_106.67839984.jpg","NO2","0.1","Xiaomi8lite","2025-08-06 13:35:02","train"
"NO2/Xiaomi8lite/round3/bs0Hs_ngochanpham274@gmail.com_2025-08-06 14_04_10_An_Xiaomi8lite_1ppm_3_5_NO2-_10.8770575_106.6784934.jpg","NO2","1.0","Xiaomi8lite","2025-08-06 14:04:10","train"
"NO2/Xiaomi8lite/round3/CD7N8_ngochanpham274@gmail.com_2025-08-06 13_35_33_An_Xiaomi8lite_0.1ppm_3_4_NO2-_10.87699885_106.67839984.jpg","NO2","0.1","Xiaomi8lite","2025-08-06 13:35:33","train"
"NO2/Xiaomi8lite/round3/cKxma_ngochanpham274@gmail.com_2025-08-06 14_02_17_An_Xiaomi8lite_1ppm_3_3_NO2-_10.8770575_106.6784934.jpg","NO2","1.0","Xiaomi8lite","2025-08-06 14:02:17","train"
"NO2/Xiaomi8lite/round3/cSsl9_ngochanpham274@gmail.com_2025-08-06 13_33_54_An_Xiaomi8lite_0.1ppm_3_1_NO2-_10.87699885_106.67839984.jpg","NO2","0.1","Xiaomi8lite","2025-08-06 13:33:54","train"
"NO2/Xiaomi8lite/round3/Cw94p_ngochanpham274@gmail.com_2025-08-06 13_34_33_An_Xiaomi8lite_0.1ppm_3_2_NO2-_10.87699885_106.67839984.jpg","NO2","0.1","Xiaomi8lite","2025-08-06 13:34:33","train"
"NO2/Xiaomi8lite/round3/eAI8D_ngochanpham274@gmail.com_2025-08-06 13_51_47_An_Xiaomi8lite_0.8ppm_3_4_NO2-_10.87699885_106.67839984.jpg","NO2","0.8","Xiaomi8lite","2025-08-06 13:51:47","train"
"NO2/Xiaomi8lite/round3/fhffc_ngochanpham274@gmail.com_2025-08-06 14_10_49_An_Xiaomi8lite_4ppm_3_4_NO2-_10.8770575_106.6784934.jpg","NO2","4.0","Xiaomi8lite","2025-08-06 14:10:49","train"
"NO2/Xiaomi8lite/round3/FNqml_ngochanpham274@gmail.com_2025-08-06 13_13_47_An_Xiaomi8lite_0.02ppm_3_2_NO2-_10.87699885_106.67839984.jpg","NO2","0.02","Xiaomi8lite","2025-08-06 13:13:47","train"
"NO2/Xiaomi8lite/round3/gi23h_ngochanpham274@gmail.com_2025-08-06 13_19_19_An_Xiaomi8lite_0.04ppm_3_4_NO2-_10.87699885_106.67839984.jpg","NO2","0.04","Xiaomi8lite","2025-08-06 13:19:19","train"
"NO2/Xiaomi8lite/round3/GNJWv_ngochanpham274@gmail.com_2025-08-06 13_10_21_An_Xiaomi8lite_0.01ppm_3_3_NO2-_10.87699885_106.67839984.jpg","NO2","0.01","Xiaomi8lite","2025-08-06 13:10:21","train"
"NO2/Xiaomi8lite/round3/GSBJp_ngochanpham274@gmail.com_2025-08-06 14_07_03_An_Xiaomi8lite_2ppm_3_4_NO2-_10.8770575_106.6784934.jpg","NO2","2.0","Xiaomi8lite","2025-08-06 14:07:03","train"
"NO2/Xiaomi8lite/round3/H1ZHB_ngochanpham274@gmail.com_2025-08-06 13_07_43_An_Xiaomi8lite_0.01ppm_3_1_NO2-_10.87699885_106.67839984.jpg","NO2","0.01","Xiaomi8lite","2025-08-06 13:07:43","train"
"NO2/Xiaomi8lite/round3/HDrhI_ngochanpham274@gmail.com_2025-08-06 13_45_13_An_Xiaomi8lite_0.5ppm_3_4_NO2-_10.87699885_106.67839984.jpg","NO2","0.5","Xiaomi8lite","2025-08-06 13:45:13","train"
"NO2/Xiaomi8lite/round3/hfJRb_ngochanpham274@gmail.com_2025-08-06 13_22_56_An_Xiaomi8lite_0.05ppm_3_5_NO2-_10.87699885_106.67839984.jpg","NO2","0.05","Xiaomi8lite","2025-08-06 13:22:56","train"
"NO2/Xiaomi8lite/round3/I2P6T_ngochanpham274@gmail.com_2025-08-06 14_11_13_An_Xiaomi8lite_4ppm_3_5_NO2-_10.8770575_106.6784934.jpg","NO2","4.0","Xiaomi8lite","2025-08-06 14:11:13","train"
"NO2/Xiaomi8lite/round3/IAui8_ngochanpham274@gmail.com_2025-08-06 13_49_18_An_Xiaomi8lite_0.6ppm_3_5_NO2-_10.87699885_106.67839984.jpg","NO2","0.6","Xiaomi8lite","2025-08-06 13:49:18","train"
"NO2/Xiaomi8lite/round3/J6u93_ngochanpham274@gmail.com_2025-08-06 13_15_38_An_Xiaomi8lite_0.02ppm_3_5_NO2-_10.87699885_106.67839984.jpg","NO2","0.02","Xiaomi8lite","2025-08-06 13:15:38","train"
"NO2/Xiaomi8lite/round3/k329x_ngochanpham274@gmail.com_2025-08-06 13_43_55_An_Xiaomi8lite_0.5ppm_3_2_NO2-_10.87699885_106.67839984.jpg","NO2","0.5","Xiaomi8lite","2025-08-06 13:43:55","train"
"NO2/Xiaomi8lite/round3/k7V6t_ngochanpham274@gmail.com_2025-08-06 13_37_08_An_Xiaomi8lite_0.2ppm_3_1_NO2-_10.87699885_106.67839984.jpg","NO2","0.2","Xiaomi8lite","2025-08-06 13:37:08","train"
"NO2/Xiaomi8lite/round3/KlzY2_ngochanpham274@gmail.com_2025-08-06 14_19_02_An_Xiaomi8lite_0.8ppm_3_5_NO2-_10.8770575_106.6784934.jpg","NO2","0.8","Xiaomi8lite","2025-08-06 14:19:02","train"
"NO2/Xiaomi8lite/round3/kUbR0_ngochanpham274@gmail.com_2025-08-06 13_42_04_An_Xiaomi8lite_0.4ppm_3_5_NO2-_10.87699885_106.67839984.jpg","NO2","0.4","Xiaomi8lite","2025-08-06 13:42:04","train"
"NO2/Xiaomi8lite/round3/ljDST_ngochanpham274@gmail.com_2025-08-06 13_08_32_An_Xiaomi8lite_0.01ppm_3_2_NO2-_10.87699885_106.67839984.jpg","NO2","0.01","Xiaomi8lite","2025-08-06 13:08:32","train"
"NO2/Xiaomi8lite/round3/LpdQn_ngochanpham274@gmail.com_2025-08-06 14_05_27_An_Xiaomi8lite_2ppm_3_1_NO2-_10.8770575_106.6784934.jpg","NO2","2.0","Xiaomi8lite","2025-08-06 14:05:27","train"
"NO2/Xiaomi8lite/round3/MGyZE_ngochanpham274@gmail.com_2025-08-06 13_54_08_An_Xiaomi8lite_0.8ppm_3_5_NO2-_10.8768562_106.6782009.jpg","NO2","0.8","Xiaomi8lite","2025-08-06 13:54:08","train"
"NO2/Xiaomi8lite/round3/mLjXI_ngochanpham274@gmail.com_2025-08-06 13_48_39_An_Xiaomi8lite_0.6ppm_3_4_NO2-_10.87699885_106.67839984.jpg","NO2","0.6","Xiaomi8lite","2025-08-06 13:48:39","train"
"NO2/Xiaomi8lite/round3/mVMfl_ngochanpham274@gmail.com_2025-08-06 13_41_15_An_Xiaomi8lite_0.4ppm_3_3_NO2-_10.87699885_106.67839984.jpg","NO2","0.4","Xiaomi8lite","2025-08-06 13:41:15","train"
"NO2/Xiaomi8lite/round3/N9dE5_ngochanpham274@gmail.com_2025-08-06 13_11_08_An_Xiaomi8lite_0.01ppm_3_4_NO2-_10.87699885_106.67839984.jpg","NO2","0.01","Xiaomi8lite","2025-08-06 13:11:08","train"
"NO2/Xiaomi8lite/round3/nB30N_ngochanpham274@gmail.com_2025-08-06 13_37_29_An_Xiaomi8lite_0.2ppm_3_2_NO2-_10.87699885_106.67839984.jpg","NO2","0.2","Xiaomi8lite","2025-08-06 13:37:29","train"
"NO2/Xiaomi8lite/round3/nhg1i_ngochanpham274@gmail.com_2025-08-06 13_58_58_An_Xiaomi8lite_0.8ppm_3_5_NO2-_10.8770575_106.6784934.jpg","NO2","0.8","Xiaomi8lite","2025-08-06 13:58:58","train"
"NO2/Xiaomi8lite/round3/NOVZb_ngochanpham274@gmail.com_2025-08-06 13_26_00_An_Xiaomi8lite_0.06ppm_3_4_NO2-_10.87699885_106.67839984.jpg","NO2","0.06","Xiaomi8lite","2025-08-06 13:26:00","train"
"NO2/Xiaomi8lite/round3/nxdBE_ngochanpham274@gmail.com_2025-08-06 13_13_00_An_Xiaomi8lite_0.02ppm_3_1_NO2-_10.87699885_106.67839984.jpg","NO2","0.02","Xiaomi8lite","2025-08-06 13:13:00","train"
"NO2/Xiaomi8lite/round3/oJzdU_ngochanpham274@gmail.com_2025-08-06 13_47_49_An_Xiaomi8lite_0.6ppm_3_3_NO2-_10.87699885_106.67839984.jpg","NO2","0.6","Xiaomi8lite","2025-08-06 13:47:49","train"
"NO2/Xiaomi8lite/round3/OpAbf_ngochanpham274@gmail.com_2025-08-06 13_41_42_An_Xiaomi8lite_0.4ppm_3_4_NO2-_10.87699885_106.67839984.jpg","NO2","0.4","Xiaomi8lite","2025-08-06 13:41:42","train"
"NO2/Xiaomi8lite/round3/p9fBY_ngochanpham274@gmail.com_2025-08-06 14_06_26_An_Xiaomi8lite_2ppm_3_3_NO2-_10.8770575_106.6784934.jpg","NO2","2.0","Xiaomi8lite","2025-08-06 14:06:26","train"
"NO2/Xiaomi8lite/round3/PGBhi_ngochanpham274@gmail.com_2025-08-06 13_38_38_An_Xiaomi8lite_0.2ppm_3_5_NO2-_10.87699885_106.67839984.jpg","NO2","0.2","Xiaomi8lite","2025-08-06 13:38:38","train"
"NO2/Xiaomi8lite/round3/Qpje5_ngochanpham274@gmail.com_2025-08-06 13_27_09_An_Xiaomi8lite_0.06ppm_3_5_NO2-_10.87699885_106.67839984.jpg","NO2","0.06","Xiaomi8lite","2025-08-06 13:27:09","train"
"NO2/Xiaomi8lite/round3/quICm_ngochanpham274@gmail.com_2025-08-06 13_38_13_An_Xiaomi8lite_0.2ppm_3_4_NO2-_10.87699885_106.67839984.jpg","NO2","0.2","Xiaomi8lite","2025-08-06 13:38:13","train"
"NO2/Xiaomi8lite/round3/r4yiY_ngochanpham274@gmail.com_2025-08-06 13_46_59_An_Xiaomi8lite_0.6ppm_3_1_NO2-_10.87699885_106.67839984.jpg","NO2","0.6","Xiaomi8lite","2025-08-06 13:46:59","train"
"NO2/Xiaomi8lite/round3/RARz7_ngochanpham274@gmail.com_2025-08-06 13_32_24_An_Xiaomi8lite_0.08ppm_3_4_NO2-_10.87699885_106.67839984.jpg","NO2","0.08","Xiaomi8lite","2025-08-06 13:32:24","train"
"NO2/Xiaomi8lite/round3/RC1A3_ngochanpham274@gmail.com_2025-08-06 13_21_14_An_Xiaomi8lite_0.05ppm_3_1_NO2-_10.87699885_106.67839984.jpg","NO2","0.05","Xiaomi8lite","2025-08-06 13:21:14","train"
"NO2/Xiaomi8lite/round3/REkIs_ngochanpham274@gmail.com_2025-08-06 13_24_01_An_Xiaomi8lite_0.06ppm_3_1_NO2-_10.87699885_106.67839984.jpg","NO2","0.06","Xiaomi8lite","2025-08-06 13:24:01","train"
"NO2/Xiaomi8lite/round3/RKjBg_ngochanpham274@gmail.com_2025-08-06 13_09_44_An_Xiaomi8lite_0.01ppm_3_1_NO2-_10.87699885_106.67839984.jpg","NO2","0.01","Xiaomi8lite","2025-08-06 13:09:44","train"
"NO2/Xiaomi8lite/round3/RN5iZ_ngochanpham274@gmail.com_2025-08-06 13_39_53_An_Xiaomi8lite_0.4ppm_3_1_NO2-_10.87699885_106.67839984.jpg","NO2","0.4","Xiaomi8lite","2025-08-06 13:39:53","train"
"NO2/Xiaomi8lite/round3/s7mbI_ngochanpham274@gmail.com_2025-08-06 14_01_01_An_Xiaomi8lite_1ppm_3_2_NO2-_10.8770575_106.6784934.jpg","NO2","1.0","Xiaomi8lite","2025-08-06 14:01:01","train"
"NO2/Xiaomi8lite/round3/sv4F1_ngochanpham274@gmail.com_2025-08-06 13_47_23_An_Xiaomi8lite_0.6ppm_3_2_NO2-_10.87699885_106.67839984.jpg","NO2","0.6","Xiaomi8lite","2025-08-06 13:47:23","train"
"NO2/Xiaomi8lite/round3/SYf6J_ngochanpham274@gmail.com_2025-08-06 13_18_44_An_Xiaomi8lite_0.04ppm_3_3_NO2-_10.87699885_106.67839984.jpg","NO2","0.04","Xiaomi8lite","2025-08-06 13:18:44","train"
"NO2/Xiaomi8lite/round3/t573S_ngochanpham274@gmail.com_2025-08-06 13_45_49_An_Xiaomi8lite_0.5ppm_3_5_NO2-_10.87699885_106.67839984.jpg","NO2","0.5","Xiaomi8lite","2025-08-06 13:45:49","train"
"NO2/Xiaomi8lite/round3/TEeaj_ngochanpham274@gmail.com_2025-08-06 14_03_28_An_Xiaomi8lite_1ppm_3_4_NO2-_10.8770575_106.6784934.jpg","NO2","1.0","Xiaomi8lite","2025-08-06 14:03:28","train"
"NO2/Xiaomi8lite/round3/TRlyR_ngochanpham274@gmail.com_2025-08-06 13_37_50_An_Xiaomi8lite_0.2ppm_3_3_NO2-_10.87699885_106.67839984.jpg","NO2","0.2","Xiaomi8lite","2025-08-06 13:37:50","train"
"NO2/Xiaomi8lite/round3/tWsqc_ngochanpham274@gmail.com_2025-08-06 14_05_59_An_Xiaomi8lite_2ppm_3_2_NO2-_10.8770575_106.6784934.jpg","NO2","2.0","Xiaomi8lite","2025-08-06 14:05:59","train"
"NO2/Xiaomi8lite/round3/uMNei_ngochanpham274@gmail.com_2025-08-06 13_21_40_An_Xiaomi8lite_0.05ppm_3_2_NO2-_10.87699885_106.67839984.jpg","NO2","0.05","Xiaomi8lite","2025-08-06 13:21:40","train"
"NO2/Xiaomi8lite/round3/V8jan_ngochanpham274@gmail.com_2025-08-06 13_29_23_An_Xiaomi8lite_0.08ppm_3_1_NO2-_10.87699885_106.67839984.jpg","NO2","0.08","Xiaomi8lite","2025-08-06 13:29:23","train"
"NO2/Xiaomi8lite/round3/VXy4o_ngochanpham274@gmail.com_2025-08-06 13_15_10_An_Xiaomi8lite_0.02ppm_3_4_NO2-_10.87699885_106.67839984.jpg","NO2","0.02","Xiaomi8lite","2025-08-06 13:15:10","train"
"NO2/Xiaomi8lite/round3/vZlTf_ngochanpham274@gmail.com_2025-08-06 13_40_54_An_Xiaomi8lite_0.4ppm_3_2_NO2-_10.87699885_106.67839984.jpg","NO2","0.4","Xiaomi8lite","2025-08-06 13:40:54","train"
"NO2/Xiaomi8lite/round3/wAWWy_ngochanpham274@gmail.com_2025-08-06 13_31_37_An_Xiaomi8lite_0.08ppm_3_3_NO2-_10.87699885_106.67839984.jpg","NO2","0.08","Xiaomi8lite","2025-08-06 13:31:37","train"
"NO2/Xiaomi8lite/round3/WL4J8_ngochanpham274@gmail.com_2025-08-06 13_43_10_An_Xiaomi8lite_0.5ppm_3_1_NO2-_10.87699885_106.67839984.jpg","NO2","0.5","Xiaomi8lite","2025-08-06 13:43:10","train"
"NO2/Xiaomi8lite/round3/wUPpD_ngochanpham274@gmail.com_2025-08-06 14_07_42_An_Xiaomi8lite_2ppm_3_5_NO2-_10.8770575_106.6784934.jpg","NO2","2.0","Xiaomi8lite","2025-08-06 14:07:42","train"
"NO2/Xiaomi8lite/round3/WyMw7_ngochanpham274@gmail.com_2025-08-06 13_24_43_An_Xiaomi8lite_0.06ppm_3_2_NO2-_10.87699885_106.67839984.jpg","NO2","0.06","Xiaomi8lite","2025-08-06 13:24:43","train"
"NO2/Xiaomi8lite/round3/X4FaO_ngochanpham274@gmail.com_2025-08-06 13_44_52_An_Xiaomi8lite_0.5ppm_3_3_NO2-_10.87699885_106.67839984.jpg","NO2","0.5","Xiaomi8lite","2025-08-06 13:44:52","train"
"NO2/Xiaomi8lite/round3/XLDbJ_ngochanpham274@gmail.com_2025-08-06 13_50_40_An_Xiaomi8lite_0.8ppm_3_1_NO2-_10.87699885_106.67839984.jpg","NO2","0.8","Xiaomi8lite","2025-08-06 13:50:40","train"
"NO2/Xiaomi8lite/round3/ybQKm_ngochanpham274@gmail.com_2025-08-06 13_19_41_An_Xiaomi8lite_0.04ppm_3_5_NO2-_10.87699885_106.67839984.jpg","NO2","0.04","Xiaomi8lite","2025-08-06 13:19:41","train"
"NO2/Xiaomi8lite/round3/YXrjR_ngochanpham274@gmail.com_2025-08-06 14_09_05_An_Xiaomi8lite_4ppm_3_1_NO2-_10.8770575_106.6784934.jpg","NO2","4.0","Xiaomi8lite","2025-08-06 14:09:05","train"
"NO2/Xiaomi8lite/round3/yxWWf_ngochanpham274@gmail.com_2025-08-06 13_22_35_An_Xiaomi8lite_0.05ppm_3_4_NO2-_10.87699885_106.67839984.jpg","NO2","0.05","Xiaomi8lite","2025-08-06 13:22:35","train"
"NO2/Xiaomi8lite/round3/Z9QKB_ngochanpham274@gmail.com_2025-08-06 13_59_41_An_Xiaomi8lite_1ppm_3_1_NO2-_10.8770575_106.6784934.jpg","NO2","1.0","Xiaomi8lite","2025-08-06 13:59:41","train"
"NO2/Xiaomi8lite/round3/zfn74_ngochanpham274@gmail.com_2025-08-06 13_14_44_An_Xiaomi8lite_0.02ppm_3_3_NO2-_10.87699885_106.67839984.jpg","NO2","0.02","Xiaomi8lite","2025-08-06 13:14:44","train"
"NO2/Xiaomi8lite/round3/Ztq0f_ngochanpham274@gmail.com_2025-08-06 13_30_29_An_Xiaomi8lite_0.08ppm_3_2_NO2-_10.87699885_106.67839984.jpg","NO2","0.08","Xiaomi8lite","2025-08-06 13:30:29","train"
"NO2/Xiaomi8lite/round3/zypJk_ngochanpham274@gmail.com_2025-08-06 13_25_13_An_Xiaomi8lite_0.06ppm_3_3_NO2-_10.87699885_106.67839984.jpg","NO2","0.06","Xiaomi8lite","2025-08-06 13:25:13","train"
"NO2/Xiaomi8lite/round4/0yXwu_ngochanpham274@gmail.com_2025-08-06 17_52_34_An_Xiaomi8lite_0.2ppm_4_5_NO2-_10.87696941_106.67853083.jpg","NO2","0.2","Xiaomi8lite","2025-08-06 17:52:34","train"
"NO2/Xiaomi8lite/round4/3LEhT_ngochanpham274@gmail.com_2025-08-06 18_15_20_An_Xiaomi8lite_4ppm_4_2_NO2-_10.8768887_106.6782063.jpg","NO2","4.0","Xiaomi8lite","2025-08-06 18:15:20","train"
"NO2/Xiaomi8lite/round4/3vdZJ_ngochanpham274@gmail.com_2025-08-06 17_48_51_An_Xiaomi8lite_0.1ppm_4_2_NO2-_10.87696941_106.67853083.jpg","NO2","0.1","Xiaomi8lite","2025-08-06 17:48:51","train"
"NO2/Xiaomi8lite/round4/3W1oG_ngochanpham274@gmail.com_2025-08-06 18_11_55_An_Xiaomi8lite_2ppm_4_4_NO2-_10.8768887_106.6782063.jpg","NO2","2.0","Xiaomi8lite","2025-08-06 18:11:55","train"
"NO2/Xiaomi8lite/round4/4ltE5_ngochanpham274@gmail.com_2025-08-06 17_39_04_An_Xiaomi8lite_0.04ppm_4_3_NO2-_10.87696941_106.67853083.jpg","NO2","0.04","Xiaomi8lite","2025-08-06 17:39:04","train"
"NO2/Xiaomi8lite/round4/5urlj_ngochanpham274@gmail.com_2025-08-06 17_57_27_An_Xiaomi8lite_0.5ppm_4_3_NO2-_10.87696941_106.67853083.jpg","NO2","0.5","Xiaomi8lite","2025-08-06 17:57:27","train"
"NO2/Xiaomi8lite/round4/5vGyZ_ngochanpham274@gmail.com_2025-08-06 17_36_48_An_Xiaomi8lite_0.02ppm_4_4_NO2-_10.87696941_106.67853083.jpg","NO2","0.02","Xiaomi8lite","2025-08-06 17:36:48","train"
"NO2/Xiaomi8lite/round4/6GSYl_ngochanpham274@gmail.com_2025-08-06 17_32_31_An_Xiaomi8lite_0.01ppm_4_2_NO2-_10.87696941_106.67853083.jpg","NO2","0.01","Xiaomi8lite","2025-08-06 17:32:31","train"
"NO2/Xiaomi8lite/round4/6Pufr_ngochanpham274@gmail.com_2025-08-06 17_46_11_An_Xiaomi8lite_0.08ppm_4_2_NO2-_10.87696941_106.67853083.jpg","NO2","0.08","Xiaomi8lite","2025-08-06 17:46:11","train"
"NO2/Xiaomi8lite/round4/6snMX_ngochanpham274@gmail.com_2025-08-06 17_50_05_An_Xiaomi8lite_0.1ppm_4_5_NO2-_10.87696941_106.67853083.jpg","NO2","0.1","Xiaomi8lite","2025-08-06 17:50:05","train"
"NO2/Xiaomi8lite/round4/7nTcF_ngochanpham274@gmail.com_2025-08-06 18_07_38_An_Xiaomi8lite_1ppm_4_2_NO2-_10.8768887_106.6782063.jpg","NO2","1.0","Xiaomi8lite","2025-08-06 18:07:38","train"
"NO2/Xiaomi8lite/round4/9hbzr_ngochanpham274@gmail.com_2025-08-06 17_46_45_An_Xiaomi8lite_0.08ppm_4_3_NO2-_10.87696941_106.67853083.jpg","NO2","0.08","Xiaomi8lite","2025-08-06 17:46:45","train"
"NO2/Xiaomi8lite/round4/9iO8B_ngochanpham274@gmail.com_2025-08-06 18_08_48_An_Xiaomi8lite_1ppm_4_4_NO2-_10.8768887_106.6782063.jpg","NO2","1.0","Xiaomi8lite","2025-08-06 18:08:48","train"
"NO2/Xiaomi8lite/round4/9TSeO_ngochanpham274@gmail.com_2025-08-06 17_45_50_An_Xiaomi8lite_0.08ppm_4_1_NO2-_10.87696941_106.67853083.jpg","NO2","0.08","Xiaomi8lite","2025-08-06 17:45:50","train"
"NO2/Xiaomi8lite/round4/9ttZl_ngochanpham274@gmail.com_2025-08-06 17_32_55_An_Xiaomi8lite_0.01ppm_4_3_NO2-_10.87696941_106.67853083.jpg","NO2","0.01","Xiaomi8lite","2025-08-06 17:32:55","train"
"NO2/Xiaomi8lite/round4/abolM_ngochanpham274@gmail.com_2025-08-06 18_07_16_An_Xiaomi8lite_1ppm_4_1_NO2-_10.8768887_106.6782063.jpg","NO2","1.0","Xiaomi8lite","2025-08-06 18:07:16","train"
"NO2/Xiaomi8lite/round4/aEuDB_ngochanpham274@gmail.com_2025-08-06 18_01_10_An_Xiaomi8lite_0.6ppm_4_5_NO2-_10.87696941_106.67853083.jpg","NO2","0.6","Xiaomi8lite","2025-08-06 18:01:10","train"
"NO2/Xiaomi8lite/round4/aL6v4_ngochanpham274@gmail.com_2025-08-06 18_12_41_An_Xiaomi8lite_2ppm_4_5_NO2-_10.8768887_106.6782063.jpg","NO2","2.0","Xiaomi8lite","2025-08-06 18:12:41","train"
"NO2/Xiaomi8lite/round4/BQp9T_ngochanpham274@gmail.com_2025-08-06 17_47_10_An_Xiaomi8lite_0.08ppm_4_4_NO2-_10.87696941_106.67853083.jpg","NO2","0.08","Xiaomi8lite","2025-08-06 17:47:10","train"
"NO2/Xiaomi8lite/round4/CNKus_ngochanpham274@gmail.com_2025-08-06 17_34_13_An_Xiaomi8lite_0.01ppm_4_4_NO2-_10.87696941_106.67853083.jpg","NO2","0.01","Xiaomi8lite","2025-08-06 17:34:13","train"
"NO2/Xiaomi8lite/round4/czMb0_ngochanpham274@gmail.com_2025-08-06 17_41_45_An_Xiaomi8lite_0.05ppm_4_3_NO2-_10.87696941_106.67853083.jpg","NO2","0.05","Xiaomi8lite","2025-08-06 17:41:45","train"
"NO2/Xiaomi8lite/round4/D2oxV_ngochanpham274@gmail.com_2025-08-06 17_54_13_An_Xiaomi8lite_0.4ppm_4_2_NO2-_10.87696941_106.67853083.jpg","NO2","0.4","Xiaomi8lite","2025-08-06 17:54:13","train"
"NO2/Xiaomi8lite/round4/dLDkt_ngochanpham274@gmail.com_2025-08-06 17_33_52_An_Xiaomi8lite_0.01ppm_4_1_NO2-_10.87696941_106.67853083.jpg","NO2","0.01","Xiaomi8lite","2025-08-06 17:33:52","train"
"NO2/Xiaomi8lite/round4/Dlfo1_ngochanpham274@gmail.com_2025-08-06 18_10_30_An_Xiaomi8lite_2ppm_4_1_NO2-_10.8768887_106.6782063.jpg","NO2","2.0","Xiaomi8lite","2025-08-06 18:10:30","train"
"NO2/Xiaomi8lite/round4/DTTmc_ngochanpham274@gmail.com_2025-08-06 17_45_03_An_Xiaomi8lite_0.06ppm_4_5_NO2-_10.87696941_106.67853083.jpg","NO2","0.06","Xiaomi8lite","2025-08-06 17:45:03","train"
"NO2/Xiaomi8lite/round4/DyKFV_ngochanpham274@gmail.com_2025-08-06 17_59_20_An_Xiaomi8lite_0.6ppm_4_1_NO2-_10.87696941_106.67853083.jpg","NO2","0.6","Xiaomi8lite","2025-08-06 17:59:20","train"
"NO2/Xiaomi8lite/round4/EcGNI_ngochanpham274@gmail.com_2025-08-06 18_00_14_An_Xiaomi8lite_0.6ppm_4_3_NO2-_10.87696941_106.67853083.jpg","NO2","0.6","Xiaomi8lite","2025-08-06 18:00:14","train"
"NO2/Xiaomi8lite/round4/Ed18F_ngochanpham274@gmail.com_2025-08-06 17_38_18_An_Xiaomi8lite_0.04ppm_4_1_NO2-_10.87696941_106.67853083.jpg","NO2","0.04","Xiaomi8lite","2025-08-06 17:38:18","train"
"NO2/Xiaomi8lite/round4/eG4tT_ngochanpham274@gmail.com_2025-08-06 18_10_51_An_Xiaomi8lite_2ppm_4_2_NO2-_10.8768887_106.6782063.jpg","NO2","2.0","Xiaomi8lite","2025-08-06 18:10:51","train"
"NO2/Xiaomi8lite/round4/fjsG5_ngochanpham274@gmail.com_2025-08-06 17_40_50_An_Xiaomi8lite_0.05ppm_4_1_NO2-_10.87696941_106.67853083.jpg","NO2","0.05","Xiaomi8lite","2025-08-06 17:40:50","train"
"NO2/Xiaomi8lite/round4/gRdBy_ngochanpham274@gmail.com_2025-08-06 17_56_42_An_Xiaomi8lite_0.5ppm_4_1_NO2-_10.87696941_106.67853083.jpg","NO2","0.5","Xiaomi8lite","2025-08-06 17:56:42","train"
"NO2/Xiaomi8lite/round4/HD5Ka_ngochanpham274@gmail.com_2025-08-06 18_17_27_An_Xiaomi8lite_4ppm_4_5_NO2-_10.8768887_106.6782063.jpg","NO2","4.0","Xiaomi8lite","2025-08-06 18:17:27","train"
"NO2/Xiaomi8lite/round4/hS7ga_ngochanpham274@gmail.com_2025-08-06 17_42_29_An_Xiaomi8lite_0.05ppm_4_5_NO2-_10.87696941_106.67853083.jpg","NO2","0.05","Xiaomi8lite","2025-08-06 17:42:29","train"
"NO2/Xiaomi8lite/round4/IjCyx_ngochanpham274@gmail.com_2025-08-06 17_49_18_An_Xiaomi8lite_0.1ppm_4_3_NO2-_10.87696941_106.67853083.jpg","NO2","0.1","Xiaomi8lite","2025-08-06 17:49:18","train"
"NO2/Xiaomi8lite/round4/Ik6bJ_ngochanpham274@gmail.com_2025-08-06 17_49_42_An_Xiaomi8lite_0.1ppm_4_4_NO2-_10.87696941_106.67853083.jpg","NO2","0.1","Xiaomi8lite","2025-08-06 17:49:42","train"
"NO2/Xiaomi8lite/round4/JVfHV_ngochanpham274@gmail.com_2025-08-06 18_09_14_An_Xiaomi8lite_1ppm_4_5_NO2-_10.8768887_106.6782063.jpg","NO2","1.0","Xiaomi8lite","2025-08-06 18:09:14","train"
"NO2/Xiaomi8lite/round4/Kc55m_ngochanpham274@gmail.com_2025-08-06 17_57_03_An_Xiaomi8lite_0.5ppm_4_2_NO2-_10.87696941_106.67853083.jpg","NO2","0.5","Xiaomi8lite","2025-08-06 17:57:03","train"
"NO2/Xiaomi8lite/round4/koORE_ngochanpham274@gmail.com_2025-08-06 17_35_36_An_Xiaomi8lite_0.02ppm_4_1_NO2-_10.87696941_106.67853083.jpg","NO2","0.02","Xiaomi8lite","2025-08-06 17:35:36","train"
"NO2/Xiaomi8lite/round4/KZaBx_ngochanpham274@gmail.com_2025-08-06 18_00_38_An_Xiaomi8lite_0.6ppm_4_4_NO2-_10.87696941_106.67853083.jpg","NO2","0.6","Xiaomi8lite","2025-08-06 18:00:38","train"
"NO2/Xiaomi8lite/round4/L2uGH_ngochanpham274@gmail.com_2025-08-06 17_52_13_An_Xiaomi8lite_0.2ppm_4_4_NO2-_10.87696941_106.67853083.jpg","NO2","0.2","Xiaomi8lite","2025-08-06 17:52:13","train"
"NO2/Xiaomi8lite/round4/lgVV2_ngochanpham274@gmail.com_2025-08-06 17_41_19_An_Xiaomi8lite_0.05ppm_4_2_NO2-_10.87696941_106.67853083.jpg","NO2","0.05","Xiaomi8lite","2025-08-06 17:41:19","train"
"NO2/Xiaomi8lite/round4/LZaKZ_ngochanpham274@gmail.com_2025-08-06 18_08_26_An_Xiaomi8lite_1ppm_4_3_NO2-_10.8768887_106.6782063.jpg","NO2","1.0","Xiaomi8lite","2025-08-06 18:08:26","train"
"NO2/Xiaomi8lite/round4/m1WDe_ngochanpham274@gmail.com_2025-08-06 18_15_00_An_Xiaomi8lite_4ppm_4_1_NO2-_10.8768887_106.6782063.jpg","NO2","4.0","Xiaomi8lite","2025-08-06 18:15:00","train"
"NO2/Xiaomi8lite/round4/MsNG5_ngochanpham274@gmail.com_2025-08-06 17_48_32_An_Xiaomi8lite_0.1ppm_4_1_NO2-_10.87696941_106.67853083.jpg","NO2","0.1","Xiaomi8lite","2025-08-06 17:48:32","train"
"NO2/Xiaomi8lite/round4/mvC1M_ngochanpham274@gmail.com_2025-08-06 18_16_32_An_Xiaomi8lite_4ppm_4_3_NO2-_10.8768887_106.6782063.jpg","NO2","4.0","Xiaomi8lite","2025-08-06 18:16:32","train"
"NO2/Xiaomi8lite/round4/Nyvw4_ngochanpham274@gmail.com_2025-08-06 17_51_28_An_Xiaomi8lite_0.2ppm_4_2_NO2-_10.87696941_106.67853083.jpg","NO2","0.2","Xiaomi8lite","2025-08-06 17:51:28","train"
"NO2/Xiaomi8lite/round4/OtT9b_ngochanpham274@gmail.com_2025-08-06 17_44_39_An_Xiaomi8lite_0.06ppm_4_4_NO2-_10.87696941_106.67853083.jpg","NO2","0.06","Xiaomi8lite","2025-08-06 17:44:39","train"
"NO2/Xiaomi8lite/round4/PNNpH_ngochanpham274@gmail.com_2025-08-06 18_02_59_An_Xiaomi8lite_0.8ppm_4_2_NO2-_10.87696941_106.67853083.jpg","NO2","0.8","Xiaomi8lite","2025-08-06 18:02:59","train"
"NO2/Xiaomi8lite/round4/PZGWO_ngochanpham274@gmail.com_2025-08-06 18_17_01_An_Xiaomi8lite_4ppm_4_4_NO2-_10.8768887_106.6782063.jpg","NO2","4.0","Xiaomi8lite","2025-08-06 18:17:01","train"
"NO2/Xiaomi8lite/round4/Q2SKd_ngochanpham274@gmail.com_2025-08-06 17_36_25_An_Xiaomi8lite_0.02ppm_4_3_NO2-_10.87696941_106.67853083.jpg","NO2","0.02","Xiaomi8lite","2025-08-06 17:36:25","train"
"NO2/Xiaomi8lite/round4/QXulL_ngochanpham274@gmail.com_2025-08-06 17_35_56_An_Xiaomi8lite_0.02ppm_4_2_NO2-_10.87696941_106.67853083.jpg","NO2","0.02","Xiaomi8lite","2025-08-06 17:35:56","train"
"NO2/Xiaomi8lite/round4/R56ZX_ngochanpham274@gmail.com_2025-08-06 17_37_13_An_Xiaomi8lite_0.02ppm_4_5_NO2-_10.87696941_106.67853083.jpg","NO2","0.02","Xiaomi8lite","2025-08-06 17:37:13","train"
"NO2/Xiaomi8lite/round4/r5M4x_ngochanpham274@gmail.com_2025-08-06 17_39_48_An_Xiaomi8lite_0.04ppm_4_5_NO2-_10.87696941_106.67853083.jpg","NO2","0.04","Xiaomi8lite","2025-08-06 17:39:48","train"
"NO2/Xiaomi8lite/round4/RcLNU_ngochanpham274@gmail.com_2025-08-06 17_47_30_An_Xiaomi8lite_0.08ppm_4_5_NO2-_10.87696941_106.67853083.jpg","NO2","0.08","Xiaomi8lite","2025-08-06 17:47:30","train"
"NO2/Xiaomi8lite/round4/rDw0h_ngochanpham274@gmail.com_2025-08-06 17_50_59_An_Xiaomi8lite_0.2ppm_4_1_NO2-_10.87696941_106.67853083.jpg","NO2","0.2","Xiaomi8lite","2025-08-06 17:50:59","train"
"NO2/Xiaomi8lite/round4/Sg3NL_ngochanpham274@gmail.com_2025-08-06 17_31_31_An_Xiaomi8lite_0.01ppm_4_1_NO2-_10.87696941_106.67853083.jpg","NO2","0.01","Xiaomi8lite","2025-08-06 17:31:31","train"
"NO2/Xiaomi8lite/round4/SHxOW_ngochanpham274@gmail.com_2025-08-06 17_59_50_An_Xiaomi8lite_0.6ppm_4_2_NO2-_10.87696941_106.67853083.jpg","NO2","0.6","Xiaomi8lite","2025-08-06 17:59:50","train"
"NO2/Xiaomi8lite/round4/SuvJQ_ngochanpham274@gmail.com_2025-08-06 17_55_11_An_Xiaomi8lite_0.4ppm_4_4_NO2-_10.87696941_106.67853083.jpg","NO2","0.4","Xiaomi8lite","2025-08-06 17:55:11","train"
"NO2/Xiaomi8lite/round4/SwW3P_ngochanpham274@gmail.com_2025-08-06 17_51_48_An_Xiaomi8lite_0.2ppm_4_3_NO2-_10.87696941_106.67853083.jpg","NO2","0.2","Xiaomi8lite","2025-08-06 17:51:48","train"
"NO2/Xiaomi8lite/round4/tAqKU_ngochanpham274@gmail.com_2025-08-06 18_04_02_An_Xiaomi8lite_0.8ppm_4_1_NO2-_10.8768887_106.6782063.jpg","NO2","0.8","Xiaomi8lite","2025-08-06 18:04:02","train"
"NO2/Xiaomi8lite/round4/tFYD6_ngochanpham274@gmail.com_2025-08-06 17_58_16_An_Xiaomi8lite_0.5ppm_4_5_NO2-_10.87696941_106.67853083.jpg","NO2","0.5","Xiaomi8lite","2025-08-06 17:58:16","train"
"NO2/Xiaomi8lite/round4/tpqVM_ngochanpham274@gmail.com_2025-08-06 18_11_31_An_Xiaomi8lite_2ppm_4_3_NO2-_10.8768887_106.6782063.jpg","NO2","2.0","Xiaomi8lite","2025-08-06 18:11:31","train"
"NO2/Xiaomi8lite/round4/TYaPH_ngochanpham274@gmail.com_2025-08-06 17_57_47_An_Xiaomi8lite_0.5ppm_4_4_NO2-_10.87696941_106.67853083.jpg","NO2","0.5","Xiaomi8lite","2025-08-06 17:57:47","train"
"NO2/Xiaomi8lite/round4/uFS1c_ngochanpham274@gmail.com_2025-08-06 17_55_32_An_Xiaomi8lite_0.4ppm_4_5_NO2-_10.87696941_106.67853083.jpg","NO2","0.4","Xiaomi8lite","2025-08-06 17:55:32","train"
"NO2/Xiaomi8lite/round4/Ug0zE_ngochanpham274@gmail.com_2025-08-06 17_43_47_An_Xiaomi8lite_0.06ppm_4_2_NO2-_10.87696941_106.67853083.jpg","NO2","0.06","Xiaomi8lite","2025-08-06 17:43:47","train"
"NO2/Xiaomi8lite/round4/upKH9_ngochanpham274@gmail.com_2025-08-06 18_05_35_An_Xiaomi8lite_0.8ppm_4_4_NO2-_10.8768887_106.6782063.jpg","NO2","0.8","Xiaomi8lite","2025-08-06 18:05:35","train"
"NO2/Xiaomi8lite/round4/uQDta_ngochanpham274@gmail.com_2025-08-06 17_54_44_An_Xiaomi8lite_0.4ppm_4_3_NO2-_10.87696941_106.67853083.jpg","NO2","0.4","Xiaomi8lite","2025-08-06 17:54:44","train"
"NO2/Xiaomi8lite/round4/vA2Md_ngochanpham274@gmail.com_2025-08-06 17_44_13_An_Xiaomi8lite_0.06ppm_4_3_NO2-_10.87696941_106.67853083.jpg","NO2","0.06","Xiaomi8lite","2025-08-06 17:44:13","train"
"NO2/Xiaomi8lite/round4/vmKJJ_ngochanpham274@gmail.com_2025-08-06 18_05_13_An_Xiaomi8lite_0.8ppm_4_1_NO2-_10.8768887_106.6782063.jpg","NO2","0.8","Xiaomi8lite","2025-08-06 18:05:13","train"
"NO2/Xiaomi8lite/round4/VPZOD_ngochanpham274@gmail.com_2025-08-06 17_34_35_An_Xiaomi8lite_0.01ppm_4_5_NO2-_10.87696941_106.67853083.jpg","NO2","0.01","Xiaomi8lite","2025-08-06 17:34:35","train"
"NO2/Xiaomi8lite/round4/w9qS7_ngochanpham274@gmail.com_2025-08-06 17_39_27_An_Xiaomi8lite_0.04ppm_4_4_NO2-_10.87696941_106.67853083.jpg","NO2","0.04","Xiaomi8lite","2025-08-06 17:39:27","train"
"NO2/Xiaomi8lite/round4/xg3M6_ngochanpham274@gmail.com_2025-08-06 17_43_23_An_Xiaomi8lite_0.06ppm_4_1_NO2-_10.87696941_106.67853083.jpg","NO2","0.06","Xiaomi8lite","2025-08-06 17:43:23","train"
"NO2/Xiaomi8lite/round4/z0HGQ_ngochanpham274@gmail.com_2025-08-06 17_42_06_An_Xiaomi8lite_0.05ppm_4_4_NO2-_10.87696941_106.67853083.jpg","NO2","0.05","Xiaomi8lite","2025-08-06 17:42:06","train"
"NO2/Xiaomi8lite/round4/zBs2R_ngochanpham274@gmail.com_2025-08-06 17_38_45_An_Xiaomi8lite_0.04ppm_4_2_NO2-_10.87696941_106.67853083.jpg","NO2","0.04","Xiaomi8lite","2025-08-06 17:38:45","train"
"NO2/Xiaomi8lite/round4/zFWao_ngochanpham274@gmail.com_2025-08-06 18_04_24_An_Xiaomi8lite_0.8ppm_4_3_NO2-_10.8768887_106.6782063.jpg","NO2","0.8","Xiaomi8lite","2025-08-06 18:04:24","train"
"NO2/Xiaomi8lite/round4/ZRFve_ngochanpham274@gmail.com_2025-08-06 18_06_05_An_Xiaomi8lite_0.8ppm_4_5_NO2-_10.8768887_106.6782063.jpg","NO2","0.8","Xiaomi8lite","2025-08-06 18:06:05","train"
"NO2/Xiaomi8lite/round4/ZY2Ur_ngochanpham274@gmail.com_2025-08-06 17_53_37_An_Xiaomi8lite_0.4ppm_4_1_NO2-_10.87696941_106.67853083.jpg","NO2","0.4","Xiaomi8lite","2025-08-06 17:53:37","train"
